JvmtiExport can_access_local_variables 0
JvmtiExport can_hotswap_or_post_breakpoint 0
JvmtiExport can_post_on_exceptions 0
# 371 ciObject found
instanceKlass org/hibernate/query/sqm/tree/SqmDmlStatement
instanceKlass org/hibernate/query/sqm/tree/cte/SqmCteContainer
instanceKlass org/hibernate/query/hql/spi/SqmCreationProcessingState
instanceKlass org/hibernate/query/sqm/internal/ParameterCollector
instanceKlass org/hibernate/query/criteria/JpaDerivedRoot
instanceKlass org/hibernate/query/criteria/JpaDerivedFrom
instanceKlass org/hibernate/query/hql/spi/DotIdentifierConsumer
instanceKlass org/hibernate/query/sqm/tree/select/SqmAliasedNode
instanceKlass org/antlr/v4/runtime/tree/AbstractParseTreeVisitor
instanceKlass org/hibernate/grammars/hql/HqlParserVisitor
instanceKlass org/antlr/v4/runtime/tree/ParseTreeVisitor
instanceKlass java/util/Collections$ReverseComparator2
instanceKlass org/hibernate/query/hql/spi/SqmCreationState
instanceKlass java/util/Collections$ReverseComparator
instanceKlass java/util/Comparator$$Lambda$548
instanceKlass org/apache/catalina/webresources/Cache$$Lambda$547
instanceKlass java/util/function/ToLongFunction
instanceKlass java/lang/invoke/LambdaForm$DMH
instanceKlass org/antlr/v4/runtime/tree/TerminalNodeImpl
instanceKlass org/antlr/v4/runtime/atn/LexerIndexedCustomAction
instanceKlass org/antlr/v4/runtime/atn/LexerActionExecutor
instanceKlass org/antlr/v4/runtime/misc/FlexibleHashMap$Entry
instanceKlass org/antlr/v4/runtime/misc/FlexibleHashMap
instanceKlass org/antlr/v4/runtime/misc/DoubleKeyMap
instanceKlass org/antlr/v4/runtime/CommonToken
instanceKlass org/antlr/v4/runtime/WritableToken
instanceKlass org/antlr/v4/runtime/misc/MurmurHash
instanceKlass java/lang/ProcessEnvironment$CheckedEntry
instanceKlass java/lang/ProcessEnvironment$CheckedEntrySet$1
instanceKlass java/lang/ProcessEnvironment$EntryComparator
instanceKlass java/lang/ProcessEnvironment$NameComparator
instanceKlass org/antlr/v4/runtime/atn/SemanticContext
instanceKlass org/antlr/v4/runtime/DefaultErrorStrategy
instanceKlass org/antlr/v4/runtime/BufferedTokenStream
instanceKlass org/antlr/v4/runtime/tree/ErrorNode
instanceKlass org/antlr/v4/runtime/tree/TerminalNode
instanceKlass org/antlr/v4/runtime/tree/ParseTreeListener
instanceKlass org/antlr/v4/runtime/RuleContext
instanceKlass org/antlr/v4/runtime/tree/RuleNode
instanceKlass org/antlr/v4/runtime/tree/ParseTree
instanceKlass org/antlr/v4/runtime/tree/SyntaxTree
instanceKlass org/antlr/v4/runtime/tree/Tree
instanceKlass org/antlr/v4/runtime/atn/LexerATNSimulator$SimState
instanceKlass java/lang/StrictMath
instanceKlass org/antlr/v4/runtime/misc/AbstractEqualityComparator
instanceKlass org/antlr/v4/runtime/misc/EqualityComparator
instanceKlass org/antlr/v4/runtime/misc/Array2DHashSet
instanceKlass org/antlr/v4/runtime/dfa/DFAState
instanceKlass org/antlr/v4/runtime/atn/ATNConfig
instanceKlass org/antlr/v4/runtime/atn/ATNConfigSet
instanceKlass org/antlr/v4/runtime/misc/IntegerList
instanceKlass org/antlr/v4/runtime/Token
instanceKlass org/antlr/v4/runtime/CommonTokenFactory
instanceKlass org/antlr/v4/runtime/TokenFactory
instanceKlass org/antlr/v4/runtime/BaseErrorListener
instanceKlass org/antlr/v4/runtime/CodePointCharStream$1
instanceKlass org/antlr/v4/runtime/CodePointCharStream
instanceKlass org/antlr/v4/runtime/CodePointBuffer$1
instanceKlass org/antlr/v4/runtime/CodePointBuffer$Builder
instanceKlass org/antlr/v4/runtime/CodePointBuffer
instanceKlass org/antlr/v4/runtime/CharStreams
instanceKlass org/antlr/v4/runtime/dfa/DFASerializer
instanceKlass org/antlr/v4/runtime/dfa/DFA
instanceKlass org/antlr/v4/runtime/atn/LexerSkipAction
instanceKlass org/antlr/v4/runtime/atn/ATNDeserializer$1
instanceKlass org/antlr/v4/runtime/misc/Interval
instanceKlass org/antlr/v4/runtime/misc/IntervalSet
instanceKlass org/antlr/v4/runtime/misc/Pair
instanceKlass org/antlr/v4/runtime/misc/IntSet
instanceKlass org/antlr/v4/runtime/atn/ATN
instanceKlass org/antlr/v4/runtime/atn/ATNDeserializationOptions
instanceKlass org/antlr/v4/runtime/atn/LexerAction
instanceKlass org/antlr/v4/runtime/atn/ATNState
instanceKlass org/antlr/v4/runtime/atn/Transition
instanceKlass org/antlr/v4/runtime/atn/ATNDeserializer
instanceKlass org/antlr/v4/runtime/VocabularyImpl
instanceKlass org/antlr/v4/runtime/atn/PredictionContext
instanceKlass org/antlr/v4/runtime/atn/PredictionContextCache
instanceKlass org/antlr/v4/runtime/RuntimeMetaData
instanceKlass org/antlr/v4/runtime/Vocabulary
instanceKlass org/antlr/v4/runtime/atn/ATNSimulator
instanceKlass org/antlr/v4/runtime/Recognizer
instanceKlass org/antlr/v4/runtime/TokenStream
instanceKlass org/antlr/v4/runtime/TokenSource
instanceKlass org/antlr/v4/runtime/CharStream
instanceKlass org/antlr/v4/runtime/IntStream
instanceKlass org/hibernate/query/hql/internal/HqlParseTreeBuilder
instanceKlass org/hibernate/query/hql/HqlLogging
instanceKlass org/hibernate/stat/internal/QueryStatisticsImpl
instanceKlass org/hibernate/stat/internal/CacheRegionStatisticsImpl
instanceKlass org/hibernate/stat/internal/AbstractCacheableDataStatistics
instanceKlass org/hibernate/stat/internal/StatisticsImpl$$Lambda$546
instanceKlass org/hibernate/stat/internal/StatisticsImpl$$Lambda$545
instanceKlass org/hibernate/stat/internal/StatsNamedContainer
instanceKlass org/hibernate/stat/QueryStatistics
instanceKlass org/hibernate/stat/CollectionStatistics
instanceKlass org/hibernate/stat/EntityStatistics
instanceKlass org/hibernate/stat/CacheRegionStatistics
instanceKlass org/hibernate/stat/NaturalIdStatistics
instanceKlass org/hibernate/stat/CacheableDataStatistics
instanceKlass org/hibernate/stat/internal/StatisticsImpl
instanceKlass org/hibernate/query/internal/NamedObjectRepositoryImpl$$Lambda$544
instanceKlass org/hibernate/query/internal/NamedObjectRepositoryImpl$$Lambda$543
instanceKlass org/hibernate/query/internal/NamedObjectRepositoryImpl$$Lambda$542
instanceKlass org/hibernate/query/internal/NamedObjectRepositoryImpl$$Lambda$541
instanceKlass org/hibernate/boot/query/NamedNativeQueryDefinition
instanceKlass org/hibernate/query/hql/spi/SqmQueryImplementor
instanceKlass org/hibernate/query/named/NameableQuery
instanceKlass org/hibernate/query/sqm/SqmSelectionQuery
instanceKlass org/hibernate/query/spi/SqmQuery
instanceKlass org/hibernate/query/spi/QueryImplementor
instanceKlass org/hibernate/query/Query
instanceKlass jakarta/persistence/TypedQuery
instanceKlass jakarta/persistence/Query
instanceKlass org/hibernate/query/MutationQuery
instanceKlass org/hibernate/query/SelectionQuery
instanceKlass org/hibernate/query/CommonQueryContract
instanceKlass org/hibernate/query/named/AbstractNamedQueryMemento
instanceKlass org/hibernate/query/internal/NamedObjectRepositoryImpl$$Lambda$540
instanceKlass org/hibernate/metamodel/model/domain/internal/JpaMetamodelImpl$$Lambda$539
instanceKlass org/hibernate/metamodel/model/domain/internal/JpaMetamodelImpl$$Lambda$538
instanceKlass org/hibernate/metamodel/model/domain/internal/JpaMetamodelImpl$1
instanceKlass org/hibernate/metamodel/model/domain/SetPersistentAttribute
instanceKlass org/hibernate/metamodel/model/domain/ListPersistentAttribute
instanceKlass org/hibernate/metamodel/model/domain/PluralPersistentAttribute
instanceKlass org/hibernate/metamodel/model/domain/internal/PluralAttributeBuilder
instanceKlass org/hibernate/metamodel/internal/PluralAttributeMetadataImpl$1
instanceKlass org/hibernate/metamodel/internal/PluralAttributeMetadataImpl$3
instanceKlass org/hibernate/metamodel/model/domain/AnyMappingDomainType
instanceKlass org/hibernate/metamodel/model/domain/internal/AbstractSqmPathSource
instanceKlass org/hibernate/query/sqm/internal/SqmMappingModelHelper
instanceKlass org/hibernate/metamodel/model/domain/internal/SingularAttributeImpl$DelayedKeyTypeAccess
instanceKlass org/hibernate/metamodel/model/domain/internal/BasicTypeImpl
instanceKlass org/hibernate/metamodel/internal/MetadataContext$$Lambda$537
instanceKlass org/hibernate/metamodel/internal/SingularAttributeMetadataImpl$2
instanceKlass org/hibernate/metamodel/internal/AttributeFactory$2
instanceKlass org/hibernate/metamodel/internal/PluralAttributeMetadata
instanceKlass org/hibernate/metamodel/internal/SingularAttributeMetadataImpl$1
instanceKlass org/hibernate/metamodel/internal/ValueContext
instanceKlass org/hibernate/metamodel/internal/BaseAttributeMetadata
instanceKlass org/hibernate/metamodel/internal/SingularAttributeMetadata
instanceKlass org/hibernate/property/access/internal/PropertyAccessMapImpl$GetterImpl
instanceKlass org/hibernate/metamodel/internal/AttributeFactory$1
instanceKlass org/hibernate/persister/entity/AbstractEntityPersister$$Lambda$536
instanceKlass org/hibernate/persister/entity/DiscriminatorMetadata
instanceKlass org/hibernate/metamodel/model/domain/AbstractManagedType$InFlightAccessImpl
instanceKlass org/hibernate/metamodel/model/domain/internal/AttributeContainer$InFlightAccess
instanceKlass jakarta/persistence/metamodel/ListAttribute
instanceKlass org/hibernate/graph/spi/SubGraphImplementor
instanceKlass org/hibernate/graph/SubGraph
instanceKlass jakarta/persistence/Subgraph
instanceKlass jakarta/persistence/metamodel/CollectionAttribute
instanceKlass jakarta/persistence/metamodel/SetAttribute
instanceKlass jakarta/persistence/metamodel/MapAttribute
instanceKlass jakarta/persistence/metamodel/PluralAttribute
instanceKlass org/hibernate/metamodel/model/domain/AbstractDomainType
instanceKlass org/hibernate/metamodel/model/domain/internal/AttributeContainer
instanceKlass org/hibernate/metamodel/internal/AttributeFactory$$Lambda$535
instanceKlass org/hibernate/metamodel/internal/AttributeFactory$$Lambda$534
instanceKlass org/hibernate/metamodel/internal/AttributeFactory$$Lambda$533
instanceKlass org/hibernate/metamodel/internal/AttributeFactory$$Lambda$532
instanceKlass org/hibernate/metamodel/internal/AttributeFactory$$Lambda$531
instanceKlass org/hibernate/metamodel/internal/MemberResolver
instanceKlass org/hibernate/metamodel/internal/AttributeMetadata
instanceKlass org/hibernate/metamodel/model/domain/internal/AbstractAttribute
instanceKlass org/hibernate/type/spi/CompositeTypeImplementor
instanceKlass org/hibernate/metamodel/internal/AttributeContext
instanceKlass org/hibernate/metamodel/internal/AttributeFactory
instanceKlass org/hibernate/metamodel/model/domain/SingularPersistentAttribute
instanceKlass org/hibernate/query/sqm/SqmJoinable
instanceKlass org/hibernate/metamodel/model/domain/PersistentAttribute
instanceKlass jakarta/persistence/metamodel/SingularAttribute
instanceKlass jakarta/persistence/metamodel/Attribute
instanceKlass org/hibernate/metamodel/model/domain/EmbeddableDomainType
instanceKlass org/hibernate/metamodel/internal/MetadataContext
instanceKlass org/hibernate/metamodel/model/domain/internal/JpaMetamodelImpl$ImportInfo
instanceKlass org/hibernate/metamodel/model/domain/internal/JpaMetamodelImpl$$Lambda$530
instanceKlass org/hibernate/metamodel/model/domain/internal/MappingMetamodelImpl$$Lambda$529
instanceKlass org/hibernate/sql/results/graph/collection/internal/BagInitializerProducer
instanceKlass org/hibernate/loader/ast/internal/LoaderSelectBuilder$$Lambda$528
instanceKlass org/hibernate/loader/ast/internal/LoaderSelectBuilder$$Lambda$527
instanceKlass org/hibernate/sql/results/graph/collection/CollectionInitializer
instanceKlass org/hibernate/sql/results/graph/collection/internal/SetInitializerProducer
instanceKlass org/hibernate/sql/results/internal/domain/CircularFetchImpl
instanceKlass org/hibernate/sql/results/graph/BiDirectionalFetch
instanceKlass org/hibernate/metamodel/internal/AbstractCompositeIdentifierMapping
instanceKlass org/hibernate/metamodel/mapping/internal/EntityCollectionPart$$Lambda$526
instanceKlass org/hibernate/collection/spi/InitializerProducerBuilder$1
instanceKlass org/hibernate/collection/spi/CollectionInitializerProducer
instanceKlass org/hibernate/collection/spi/InitializerProducerBuilder
instanceKlass org/hibernate/sql/results/graph/collection/internal/CollectionDomainResult
instanceKlass org/hibernate/sql/results/graph/collection/CollectionResultGraphNode
instanceKlass org/hibernate/metamodel/mapping/internal/EntityCollectionPart$$Lambda$525
instanceKlass org/hibernate/metamodel/mapping/internal/EntityCollectionPart$$Lambda$524
instanceKlass org/hibernate/loader/ast/internal/CollectionLoaderSingleKey$$Lambda$523
instanceKlass org/hibernate/loader/ast/internal/CollectionLoaderSingleKey
instanceKlass org/hibernate/metamodel/model/domain/internal/MappingMetamodelImpl$$Lambda$522
instanceKlass org/hibernate/metamodel/model/domain/internal/MappingMetamodelImpl$$Lambda$521
instanceKlass org/hibernate/sql/results/jdbc/internal/StandardJdbcValuesMapping
instanceKlass org/hibernate/sql/results/jdbc/spi/JdbcValuesMapping
instanceKlass org/hibernate/sql/results/jdbc/internal/JdbcValuesMappingProducerStandard
instanceKlass org/hibernate/sql/exec/spi/AbstractJdbcOperation
instanceKlass org/hibernate/sql/ast/spi/AbstractSqlAstTranslator$$Lambda$520
instanceKlass org/hibernate/sql/ast/spi/AbstractSqlAstTranslator$$Lambda$519
instanceKlass org/hibernate/sql/ast/spi/AbstractSqlAstTranslator$1
instanceKlass org/hibernate/sql/ast/tree/from/VirtualTableGroup
instanceKlass org/hibernate/sql/ast/tree/expression/SqlTupleContainer
instanceKlass org/hibernate/sql/ast/tree/SqlAstTreeLogger
instanceKlass org/hibernate/sql/ast/SqlTreePrinter
instanceKlass org/hibernate/sql/results/graph/DomainResultGraphPrinter$Logging
instanceKlass org/hibernate/sql/results/graph/DomainResultGraphPrinter
instanceKlass org/hibernate/query/spi/Limit
instanceKlass org/hibernate/internal/util/collections/StandardStack
instanceKlass org/hibernate/sql/exec/internal/JdbcParametersImpl
instanceKlass org/hibernate/sql/exec/spi/JdbcParameters
instanceKlass org/hibernate/sql/exec/spi/JdbcParameterBinding
instanceKlass org/hibernate/sql/results/jdbc/spi/JdbcValuesMappingProducer
instanceKlass org/hibernate/sql/ast/tree/MutationStatement
instanceKlass org/hibernate/sql/ast/tree/expression/Literal
instanceKlass org/hibernate/sql/exec/spi/JdbcOperation
instanceKlass org/hibernate/internal/util/collections/Stack
instanceKlass org/hibernate/sql/ast/spi/AbstractSqlAstTranslator
instanceKlass org/hibernate/sql/exec/spi/Callback
instanceKlass org/hibernate/loader/ast/internal/SingleIdLoadPlan
instanceKlass org/hibernate/loader/ast/internal/SingleEntityLoadPlan
instanceKlass org/hibernate/loader/ast/internal/LoadPlan
instanceKlass org/hibernate/sql/ast/tree/AbstractStatement
instanceKlass org/hibernate/sql/ast/tree/cte/CteContainer
instanceKlass org/hibernate/loader/ast/internal/LoaderSelectBuilder$$Lambda$518
instanceKlass org/hibernate/sql/exec/internal/AbstractJdbcParameter
instanceKlass org/hibernate/sql/exec/spi/JdbcParameterBinder
instanceKlass org/hibernate/loader/ast/internal/LoaderSelectBuilder$$Lambda$517
instanceKlass java/lang/invoke/LambdaForm$MH
instanceKlass java/lang/invoke/LambdaForm$DMH
instanceKlass java/lang/invoke/LambdaForm$DMH
instanceKlass org/hibernate/loader/ast/internal/LoaderSelectBuilder$$Lambda$516
instanceKlass org/hibernate/metamodel/mapping/SelectableConsumer
instanceKlass java/lang/invoke/LambdaForm$DMH
instanceKlass org/hibernate/sql/results/graph/collection/internal/CollectionFetch
instanceKlass org/hibernate/metamodel/mapping/internal/ToOneAttributeMapping$1
instanceKlass org/hibernate/sql/results/graph/entity/internal/AbstractNonJoinedEntityFetch
instanceKlass org/hibernate/metamodel/mapping/internal/SimpleForeignKeyDescriptor$$Lambda$515
instanceKlass org/hibernate/metamodel/mapping/internal/BasicAttributeMapping$$Lambda$514
instanceKlass org/hibernate/sql/results/graph/basic/BasicFetch
instanceKlass org/hibernate/sql/ast/spi/SqlAstTreeHelper
instanceKlass org/hibernate/sql/ast/tree/predicate/ComparisonPredicate
instanceKlass org/hibernate/metamodel/mapping/internal/ToOneAttributeMapping$$Lambda$513
instanceKlass org/hibernate/metamodel/mapping/internal/ToOneAttributeMapping$$Lambda$512
instanceKlass org/hibernate/metamodel/mapping/internal/ToOneAttributeMapping$$Lambda$511
instanceKlass org/hibernate/metamodel/mapping/internal/ToOneAttributeMapping$$Lambda$510
instanceKlass java/lang/invoke/LambdaForm$DMH
instanceKlass org/hibernate/sql/ast/tree/from/TableGroupJoin
instanceKlass org/hibernate/metamodel/mapping/internal/ToOneAttributeMapping$$Lambda$509
instanceKlass java/lang/invoke/LambdaForm$DMH
instanceKlass java/lang/invoke/LambdaForm$MH
instanceKlass java/lang/invoke/LambdaForm$DMH
instanceKlass java/lang/invoke/LambdaForm$DMH
instanceKlass org/hibernate/metamodel/mapping/internal/ToOneAttributeMapping$$Lambda$508
instanceKlass java/lang/invoke/LambdaForm$DMH
instanceKlass org/hibernate/sql/ast/tree/from/DelegatingTableGroup
instanceKlass org/hibernate/metamodel/mapping/internal/ToOneAttributeMapping$$Lambda$507
instanceKlass org/hibernate/loader/ast/internal/LoaderSelectBuilder$$Lambda$506
instanceKlass java/lang/invoke/LambdaForm$DMH
instanceKlass org/hibernate/sql/results/graph/basic/BasicResultAssembler
instanceKlass org/hibernate/sql/results/graph/basic/BasicResult
instanceKlass org/hibernate/sql/results/graph/basic/BasicResultGraphNode
instanceKlass org/hibernate/sql/results/internal/SqlSelectionImpl
instanceKlass org/hibernate/sql/ast/spi/SqlExpressionAccess
instanceKlass org/hibernate/sql/ast/tree/expression/ColumnReference
instanceKlass org/hibernate/sql/ast/tree/update/Assignable
instanceKlass org/hibernate/metamodel/mapping/internal/BasicEntityIdentifierMappingImpl$$Lambda$505
instanceKlass org/hibernate/sql/ast/spi/SqlExpressionResolver$1
instanceKlass org/hibernate/metamodel/mapping/internal/BasicEntityIdentifierMappingImpl$$Lambda$504
instanceKlass org/hibernate/spi/NavigablePath$$Lambda$503
instanceKlass org/hibernate/query/results/ResultsHelper
instanceKlass org/hibernate/sql/results/graph/DomainResultAssembler
instanceKlass org/hibernate/sql/results/graph/Initializer
instanceKlass org/hibernate/sql/results/graph/AbstractFetchParent
instanceKlass org/hibernate/sql/results/graph/entity/EntityResult
instanceKlass org/hibernate/sql/ast/tree/from/PluralTableGroup
instanceKlass org/hibernate/persister/entity/AbstractEntityPersister$$Lambda$502
instanceKlass org/hibernate/sql/ast/tree/from/TableReferenceJoin
instanceKlass org/hibernate/sql/ast/tree/from/TableJoin
instanceKlass org/hibernate/persister/entity/AbstractEntityPersister$$Lambda$501
instanceKlass org/hibernate/sql/ast/tree/from/AbstractColumnReferenceQualifier
instanceKlass org/hibernate/sql/ast/SqlTreeCreationLogger
instanceKlass org/hibernate/sql/ast/tree/from/AbstractTableReference
instanceKlass org/hibernate/sql/ast/spi/SqlAliasBaseImpl
instanceKlass org/hibernate/loader/ast/internal/LoaderSelectBuilder$$Lambda$500
instanceKlass org/hibernate/loader/ast/internal/LoaderSqlAstCreationState$$Lambda$499
instanceKlass org/hibernate/query/sqm/sql/internal/SqlAstProcessingStateImpl
instanceKlass org/hibernate/query/sqm/sql/BaseSqmToSqlAstConverter$SqmAliasedNodeCollector
instanceKlass org/hibernate/sql/ast/spi/SqlAstQueryPartProcessingState
instanceKlass org/hibernate/loader/ast/internal/LoaderSelectBuilder$$Lambda$498
instanceKlass org/hibernate/loader/ast/internal/LoaderSqlAstCreationState$FetchProcessor
instanceKlass org/hibernate/sql/ast/spi/SimpleFromClauseAccessImpl
instanceKlass org/hibernate/sql/ast/spi/SqlAliasBaseManager
instanceKlass org/hibernate/query/spi/QueryOptionsAdapter
instanceKlass org/hibernate/sql/ast/spi/SqlAliasBaseGenerator
instanceKlass org/hibernate/sql/ast/spi/SqlExpressionResolver
instanceKlass org/hibernate/loader/ast/internal/LoaderSqlAstCreationState
instanceKlass org/hibernate/query/spi/QueryOptions
instanceKlass org/hibernate/sql/ast/spi/SqlAstProcessingState
instanceKlass org/hibernate/sql/ast/tree/select/SelectClause
instanceKlass org/hibernate/sql/ast/tree/from/FromClause
instanceKlass org/hibernate/spi/NavigablePath$$Lambda$497
instanceKlass org/hibernate/spi/NavigablePath$FullPathCalculator
instanceKlass org/hibernate/sql/ast/spi/SqlSelection
instanceKlass org/hibernate/spi/NavigablePath
instanceKlass org/hibernate/sql/results/graph/EntityGraphTraversalState
instanceKlass org/hibernate/loader/ast/internal/LoaderSelectBuilder
instanceKlass org/hibernate/loader/ast/internal/SingleIdEntityLoaderStandardImpl$$Lambda$496
instanceKlass org/hibernate/sql/ast/tree/expression/JdbcParameter
instanceKlass org/hibernate/engine/spi/EffectiveEntityGraph
instanceKlass org/hibernate/graph/spi/AppliedGraph
instanceKlass org/hibernate/Filter
instanceKlass org/hibernate/engine/spi/LoadQueryInfluencers
instanceKlass org/hibernate/id/insert/AbstractReturningDelegate
instanceKlass org/hibernate/dialect/identity/IdentityColumnSupportImpl
instanceKlass org/hibernate/sql/Delete
instanceKlass org/hibernate/persister/entity/AbstractEntityPersister$$Lambda$495
instanceKlass org/hibernate/metamodel/mapping/AssociationKey
instanceKlass org/hibernate/metamodel/mapping/internal/SimpleForeignKeyDescriptorSide
instanceKlass org/hibernate/metamodel/mapping/ForeignKeyDescriptor$Side
instanceKlass org/hibernate/metamodel/mapping/internal/SimpleForeignKeyDescriptor
instanceKlass org/hibernate/metamodel/mapping/internal/SqlTypedMappingImpl
instanceKlass org/hibernate/property/access/internal/ChainedPropertyAccessImpl
instanceKlass org/hibernate/metamodel/mapping/MappingModelCreationLogger
instanceKlass org/hibernate/persister/entity/AbstractEntityPersister$$Lambda$494
instanceKlass org/hibernate/metamodel/mapping/internal/MappingModelCreationHelper$$Lambda$493
instanceKlass java/lang/invoke/LambdaForm$DMH
instanceKlass org/hibernate/metamodel/mapping/internal/MappingModelCreationHelper$$Lambda$492
instanceKlass org/hibernate/metamodel/mapping/internal/PluralAttributeMappingImpl$1
instanceKlass org/hibernate/metamodel/mapping/internal/MappingModelCreationHelper$$Lambda$491
instanceKlass org/hibernate/metamodel/mapping/PluralAttributeMapping$IndexMetadata
instanceKlass org/hibernate/metamodel/mapping/internal/MappingModelCreationHelper$4
instanceKlass org/hibernate/metamodel/mapping/internal/MappingModelCreationHelper$CollectionMappingTypeImpl
instanceKlass org/hibernate/metamodel/mapping/internal/MappingModelCreationHelper$5
instanceKlass org/hibernate/metamodel/mapping/internal/MappingModelCreationHelper$$Lambda$490
instanceKlass java/lang/invoke/LambdaForm$DMH
instanceKlass org/hibernate/metamodel/mapping/internal/EntityCollectionPart
instanceKlass org/hibernate/metamodel/mapping/internal/FetchOptionsHelper$1
instanceKlass org/hibernate/metamodel/mapping/EmbeddableMappingType
instanceKlass org/hibernate/metamodel/mapping/internal/MappingModelCreationHelper$$Lambda$489
instanceKlass org/hibernate/metamodel/mapping/internal/MappingModelCreationProcess$PostInitCallbackEntry
instanceKlass org/hibernate/metamodel/mapping/internal/MappingModelCreationHelper$$Lambda$488
instanceKlass org/hibernate/metamodel/mapping/internal/MappingModelCreationProcess$PostInitCallback
instanceKlass org/hibernate/metamodel/mapping/internal/NoValueGeneration
instanceKlass org/hibernate/sql/results/graph/entity/EntityFetch
instanceKlass org/hibernate/sql/results/graph/entity/EntityResultGraphNode
instanceKlass org/hibernate/metamodel/mapping/internal/FetchOptionsHelper
instanceKlass org/hibernate/metamodel/mapping/internal/MappingModelCreationHelper$$Lambda$487
instanceKlass org/hibernate/engine/spi/IdentifierValue
instanceKlass org/hibernate/engine/spi/UnsavedValueStrategy
instanceKlass org/hibernate/engine/internal/UnsavedValueFactory
instanceKlass org/hibernate/metamodel/mapping/internal/BasicEntityIdentifierMappingImpl$$Lambda$486
instanceKlass org/hibernate/sql/results/graph/Fetch
instanceKlass org/hibernate/metamodel/mapping/internal/BasicEntityIdentifierMappingImpl
instanceKlass org/hibernate/metamodel/mapping/BasicEntityIdentifierMapping
instanceKlass org/hibernate/metamodel/mapping/internal/SingleAttributeIdentifierMapping
instanceKlass org/hibernate/type/CompositeType
instanceKlass org/hibernate/persister/entity/AbstractEntityPersister$$Lambda$485
instanceKlass org/hibernate/metamodel/mapping/internal/MappingModelCreationProcess$SubPartMappingProducer
instanceKlass org/hibernate/persister/entity/AbstractEntityPersister$$Lambda$484
instanceKlass org/hibernate/persister/entity/AbstractEntityPersister$$Lambda$483
instanceKlass org/hibernate/internal/util/LazyValue
instanceKlass org/hibernate/metamodel/mapping/internal/MappingModelCreationProcess
instanceKlass org/hibernate/collection/internal/CustomCollectionTypeSemantics
instanceKlass org/hibernate/collection/internal/StandardCollectionSemanticsResolver
instanceKlass org/hibernate/dialect/Dialect$4
instanceKlass org/hibernate/sql/ForUpdateFragment
instanceKlass org/hibernate/sql/SimpleSelect
instanceKlass org/hibernate/sql/Update
instanceKlass org/hibernate/cache/spi/entry/UnstructuredCacheEntry
instanceKlass org/hibernate/loader/ast/spi/CollectionLoader
instanceKlass org/hibernate/persister/collection/AbstractCollectionPersister
instanceKlass org/hibernate/metamodel/mapping/internal/PluralAttributeMappingImpl$Aware
instanceKlass org/hibernate/persister/collection/SQLLoadableCollection
instanceKlass org/hibernate/persister/collection/QueryableCollection
instanceKlass org/hibernate/metadata/CollectionMetadata
instanceKlass org/hibernate/boot/model/relational/QualifiedNameParser$NameParts
instanceKlass org/hibernate/metamodel/mapping/SelectableMappings
instanceKlass org/hibernate/metamodel/mapping/NonAggregatedIdentifierMapping
instanceKlass org/hibernate/metamodel/mapping/CompositeIdentifierMapping
instanceKlass org/hibernate/sql/results/graph/embeddable/EmbeddableValuedFetchable
instanceKlass org/hibernate/metamodel/mapping/ForeignKeyDescriptor
instanceKlass org/hibernate/metamodel/mapping/SingularAttributeMapping
instanceKlass org/hibernate/metamodel/mapping/EntityAssociationMapping
instanceKlass org/hibernate/metamodel/mapping/Association
instanceKlass org/hibernate/sql/results/graph/entity/EntityValuedFetchable
instanceKlass org/hibernate/metamodel/mapping/internal/AbstractAttributeMapping
instanceKlass org/hibernate/metamodel/mapping/AttributeMetadataAccess
instanceKlass org/hibernate/metamodel/mapping/PluralAttributeMapping
instanceKlass org/hibernate/metamodel/mapping/CollectionIdentifierDescriptor
instanceKlass org/hibernate/metamodel/mapping/CollectionPart
instanceKlass org/hibernate/metamodel/mapping/CollectionMappingType
instanceKlass org/hibernate/metamodel/mapping/EmbeddableValuedModelPart
instanceKlass org/hibernate/sql/ast/tree/from/TableGroupJoinProducer
instanceKlass org/hibernate/metamodel/mapping/internal/MappingModelCreationHelper
instanceKlass org/hibernate/cache/spi/entry/CacheEntryStructure
instanceKlass org/hibernate/persister/entity/AbstractEntityPersister$NoopCacheEntryHelper
instanceKlass org/hibernate/persister/entity/AbstractEntityPersister$$Lambda$482
instanceKlass org/hibernate/loader/internal/AliasConstantsHelper
instanceKlass org/hibernate/sql/exec/spi/ExecutionContext
instanceKlass org/hibernate/sql/results/spi/RowTransformer
instanceKlass org/hibernate/sql/exec/spi/JdbcParameterBindings
instanceKlass org/hibernate/loader/ast/internal/MultiIdLoaderStandard
instanceKlass org/hibernate/loader/ast/internal/SingleIdEntityLoaderSupport
instanceKlass org/hibernate/loader/ast/internal/Preparable
instanceKlass org/hibernate/persister/entity/AbstractPropertyMapping
instanceKlass org/hibernate/metamodel/internal/AbstractPojoInstantiator
instanceKlass org/hibernate/property/access/internal/PropertyAccessBasicImpl
instanceKlass org/hibernate/internal/util/collections/JoinedIterator
instanceKlass java/lang/invoke/MethodHandles$Lookup$$Lambda$481
instanceKlass jdk/internal/org/objectweb/asm/ClassReader
instanceKlass net/bytebuddy/description/type/PackageDescription$AbstractBase
instanceKlass net/bytebuddy/dynamic/loading/ClassLoadingStrategy$UsingLookup
instanceKlass net/bytebuddy/dynamic/loading/ClassInjector$UsingLookup$MethodHandles$Lookup
instanceKlass net/bytebuddy/utility/dispatcher/JavaDispatcher$Dispatcher$ForStaticMethod
instanceKlass net/bytebuddy/dynamic/loading/ClassInjector$UsingLookup$MethodHandles
instanceKlass net/bytebuddy/dynamic/loading/ClassInjector$AbstractBase
instanceKlass net/bytebuddy/dynamic/loading/ClassInjector
instanceKlass org/hibernate/bytecode/spi/ClassLoadingStrategyHelper
instanceKlass net/bytebuddy/dynamic/loading/ClassLoadingStrategy
instanceKlass net/bytebuddy/dynamic/DynamicType$Loaded
instanceKlass net/bytebuddy/dynamic/ClassFileLocator$Resolution
instanceKlass net/bytebuddy/dynamic/DynamicType$Default
instanceKlass net/bytebuddy/dynamic/DynamicType$Unloaded
instanceKlass net/bytebuddy/dynamic/DynamicType
instanceKlass net/bytebuddy/dynamic/ClassFileLocator
instanceKlass net/bytebuddy/dynamic/scaffold/TypeWriter$Default$UnresolvedType
instanceKlass net/bytebuddy/implementation/bytecode/constant/ClassConstant$ForReferenceType
instanceKlass net/bytebuddy/implementation/bytecode/ByteCodeAppender$Compound
instanceKlass net/bytebuddy/dynamic/scaffold/TypeInitializer$Simple
instanceKlass net/bytebuddy/implementation/bytecode/ByteCodeAppender$Simple
instanceKlass net/bytebuddy/dynamic/scaffold/TypeInitializer$Drain$Default
instanceKlass net/bytebuddy/description/method/MethodDescription$SignatureToken
instanceKlass net/bytebuddy/description/type/TypeDescription$Generic$AnnotationReader$ForTypeArgument$AnnotatedParameterizedType
instanceKlass net/bytebuddy/implementation/bytecode/Removal$2
instanceKlass net/bytebuddy/description/type/TypeDescription$Generic$AnnotationReader$Delegator$ForLoadedExecutableExceptionType$Dispatcher
instanceKlass net/bytebuddy/implementation/bytecode/ByteCodeAppender$Size
instanceKlass net/bytebuddy/implementation/Implementation$Context$Default$FieldCacheEntry
instanceKlass net/bytebuddy/implementation/bytecode/member/MethodInvocation$WithImplicitInvocationTargetType
instanceKlass net/bytebuddy/implementation/bind/MethodDelegationBinder$MethodBinding$Builder$Build
instanceKlass net/bytebuddy/implementation/bytecode/member/FieldAccess$AccessDispatcher
instanceKlass net/bytebuddy/implementation/bytecode/member/FieldAccess$Defined
instanceKlass net/bytebuddy/description/type/TypeDefinition$SuperClassIterator
instanceKlass net/bytebuddy/implementation/bytecode/assign/primitive/PrimitiveBoxingDelegate$BoxingStackManipulation
instanceKlass net/bytebuddy/implementation/bytecode/collection/ArrayFactory$ArrayStackManipulation
instanceKlass net/bytebuddy/implementation/bytecode/collection/ArrayFactory$ArrayCreator
instanceKlass net/bytebuddy/implementation/bytecode/collection/ArrayFactory
instanceKlass net/bytebuddy/implementation/bytecode/collection/CollectionFactory
instanceKlass net/bytebuddy/description/type/TypeDescription$Generic$AnnotationReader$ForComponentType$AnnotatedParameterizedType
instanceKlass net/bytebuddy/implementation/bytecode/constant/MethodConstant$CachedMethod
instanceKlass net/bytebuddy/implementation/bytecode/constant/MethodConstant$CanCache
instanceKlass net/bytebuddy/implementation/bytecode/member/MethodVariableAccess$MethodLoading$TypeCastingHandler
instanceKlass net/bytebuddy/implementation/bind/MethodDelegationBinder$MethodBinding$Builder
instanceKlass net/bytebuddy/implementation/bytecode/assign/primitive/PrimitiveUnboxingDelegate$ImplicitlyTypedUnboxingResponsible
instanceKlass net/bytebuddy/implementation/bytecode/StackManipulation$Size
instanceKlass net/bytebuddy/implementation/bytecode/assign/primitive/PrimitiveUnboxingDelegate$UnboxingResponsible
instanceKlass net/bytebuddy/dynamic/scaffold/TypeWriter$MethodPool$Record$AccessBridgeWrapper
instanceKlass net/bytebuddy/implementation/attribute/AnnotationAppender$Target$OnField
instanceKlass net/bytebuddy/dynamic/scaffold/TypeWriter$FieldPool$Record$ForExplicitField
instanceKlass net/bytebuddy/jar/asm/TypeReference
instanceKlass net/bytebuddy/implementation/attribute/AnnotationAppender$ForTypeAnnotations
instanceKlass net/bytebuddy/implementation/attribute/AnnotationAppender$Target$OnType
instanceKlass net/bytebuddy/implementation/attribute/AnnotationAppender$Default
instanceKlass net/bytebuddy/description/type/TypeDescription$Generic$Visitor$ForSignatureVisitor
instanceKlass net/bytebuddy/jar/asm/signature/SignatureVisitor
instanceKlass net/bytebuddy/dynamic/scaffold/TypeWriter$Default$ValidatingClassVisitor$Constraint
instanceKlass net/bytebuddy/dynamic/scaffold/TypeWriter$MethodPool$Record$ForDefinedMethod
instanceKlass net/bytebuddy/implementation/Implementation$Context$ExtractableView$AbstractBase
instanceKlass net/bytebuddy/description/type/RecordComponentDescription$InDefinedShape
instanceKlass net/bytebuddy/description/type/RecordComponentDescription
instanceKlass net/bytebuddy/dynamic/scaffold/TypeInitializer$Drain
instanceKlass net/bytebuddy/dynamic/scaffold/TypeWriter$Default$ClassDumpAction$Dispatcher$Enabled
instanceKlass net/bytebuddy/dynamic/scaffold/TypeWriter$Default$ClassDumpAction$Dispatcher
instanceKlass net/bytebuddy/dynamic/scaffold/inline/MethodRebaseResolver
instanceKlass net/bytebuddy/dynamic/scaffold/TypeWriter$Default
instanceKlass net/bytebuddy/dynamic/scaffold/TypeWriter
instanceKlass net/bytebuddy/dynamic/scaffold/TypeWriter$RecordComponentPool$Record
instanceKlass net/bytebuddy/dynamic/scaffold/RecordComponentRegistry$Default$Compiled
instanceKlass net/bytebuddy/dynamic/scaffold/FieldRegistry$Default$Compiled
instanceKlass net/bytebuddy/description/type/TypeVariableToken
instanceKlass net/bytebuddy/description/type/TypeDescription$Generic$Visitor$Reducing
instanceKlass net/bytebuddy/description/field/FieldDescription$SignatureToken
instanceKlass net/bytebuddy/dynamic/scaffold/TypeWriter$FieldPool$Record
instanceKlass net/bytebuddy/dynamic/scaffold/FieldRegistry$Default$Compiled$Entry
instanceKlass net/bytebuddy/dynamic/scaffold/TypeWriter$MethodPool$Record$ForNonImplementedMethod
instanceKlass net/bytebuddy/dynamic/scaffold/MethodRegistry$Default$Compiled
instanceKlass net/bytebuddy/implementation/SuperMethodCall$Appender
instanceKlass net/bytebuddy/dynamic/scaffold/FieldLocator$Resolution$Simple
instanceKlass net/bytebuddy/implementation/FieldAccessor$FieldLocation$Relative$Prepared
instanceKlass net/bytebuddy/implementation/FieldAccessor$ForImplicitProperty$Appender
instanceKlass net/bytebuddy/dynamic/scaffold/MethodRegistry$Default$Compiled$Entry
instanceKlass net/bytebuddy/implementation/bind/MethodDelegationBinder$Processor
instanceKlass net/bytebuddy/implementation/MethodDelegation$Appender
instanceKlass net/bytebuddy/implementation/bind/MethodDelegationBinder$MethodInvoker
instanceKlass net/bytebuddy/implementation/MethodDelegation$ImplementationDelegate$Compiled$ForStaticCall
instanceKlass net/bytebuddy/dynamic/scaffold/TypeWriter$MethodPool$Record
instanceKlass net/bytebuddy/dynamic/scaffold/MethodRegistry$Handler$ForImplementation$Compiled
instanceKlass net/bytebuddy/implementation/Implementation$SpecialMethodInvocation
instanceKlass net/bytebuddy/implementation/Implementation$Target$AbstractBase
instanceKlass net/bytebuddy/implementation/Implementation$Target
instanceKlass net/bytebuddy/dynamic/scaffold/MethodRegistry$Compiled
instanceKlass net/bytebuddy/dynamic/scaffold/TypeWriter$MethodPool
instanceKlass net/bytebuddy/dynamic/scaffold/MethodRegistry$Default$Prepared
instanceKlass net/bytebuddy/dynamic/scaffold/MethodRegistry$Default$Prepared$Entry
instanceKlass net/bytebuddy/dynamic/scaffold/MethodGraph$Linked$Delegation
instanceKlass net/bytebuddy/dynamic/scaffold/MethodGraph$Compiler$Default$Key$Store$Graph
instanceKlass net/bytebuddy/dynamic/scaffold/MethodGraph$Compiler$Default$Key$Store$Entry$Resolved$Node
instanceKlass net/bytebuddy/description/modifier/Visibility$1
instanceKlass org/hibernate/proxy/LazyInitializer
instanceKlass net/bytebuddy/description/type/TypeDescription$Generic$AnnotationReader$Delegator$ForLoadedExecutableParameterType$Dispatcher
instanceKlass net/bytebuddy/dynamic/scaffold/MethodGraph$Node
instanceKlass net/bytebuddy/dynamic/scaffold/MethodGraph$Compiler$Default$Harmonizer$ForJavaMethod$Token
instanceKlass net/bytebuddy/description/type/TypeDescription$Generic$AnnotationReader$Delegator$ForLoadedMethodReturnType$Dispatcher
instanceKlass net/bytebuddy/description/method/MethodDescription$TypeToken
instanceKlass net/bytebuddy/dynamic/scaffold/MethodGraph$Compiler$Default$Key
instanceKlass net/bytebuddy/dynamic/scaffold/MethodGraph$Compiler$Default$Key$Store$Entry$Ambiguous
instanceKlass net/bytebuddy/dynamic/scaffold/MethodGraph$Compiler$Default$Key$Store$Entry$Resolved
instanceKlass net/bytebuddy/dynamic/scaffold/MethodGraph$Compiler$Default$Key$Store$Entry$Initial
instanceKlass net/bytebuddy/dynamic/scaffold/MethodGraph$Compiler$Default$Key$Store$Entry
instanceKlass net/bytebuddy/dynamic/scaffold/MethodGraph$Compiler$Default$Key$Store
instanceKlass net/bytebuddy/description/type/TypeDescription$Generic$AnnotationReader$Delegator
instanceKlass net/bytebuddy/description/enumeration/EnumerationDescription$AbstractBase
instanceKlass net/bytebuddy/description/annotation/AnnotationValue$Loaded
instanceKlass net/bytebuddy/description/annotation/AnnotationValue$ForConstant$PropertyDelegate
instanceKlass net/bytebuddy/description/annotation/AnnotationValue$AbstractBase
instanceKlass net/bytebuddy/dynamic/scaffold/subclass/SubclassDynamicTypeBuilder$InstrumentableMatcher
instanceKlass net/bytebuddy/description/method/ParameterDescription$InGenericShape
instanceKlass net/bytebuddy/description/method/MethodDescription$Token
instanceKlass net/bytebuddy/description/method/MethodDescription$InGenericShape
instanceKlass net/bytebuddy/pool/TypePool$CacheProvider$Simple
instanceKlass net/bytebuddy/pool/TypePool$CacheProvider
instanceKlass net/bytebuddy/pool/TypePool$Resolution
instanceKlass net/bytebuddy/pool/TypePool$AbstractBase
instanceKlass net/bytebuddy/pool/TypePool
instanceKlass net/bytebuddy/dynamic/TypeResolutionStrategy$Resolved
instanceKlass net/bytebuddy/matcher/LatentMatcher$Disjunction
instanceKlass net/bytebuddy/dynamic/scaffold/FieldRegistry$Default$Entry
instanceKlass net/bytebuddy/matcher/LatentMatcher$ForFieldToken
instanceKlass net/bytebuddy/implementation/attribute/FieldAttributeAppender
instanceKlass net/bytebuddy/description/field/FieldDescription$Token
instanceKlass net/bytebuddy/implementation/attribute/FieldAttributeAppender$Factory
instanceKlass net/bytebuddy/dynamic/scaffold/MethodRegistry$Default$Entry
instanceKlass net/bytebuddy/implementation/attribute/MethodAttributeAppender
instanceKlass net/bytebuddy/dynamic/Transformer
instanceKlass net/bytebuddy/dynamic/scaffold/MethodRegistry$Handler$Compiled
instanceKlass net/bytebuddy/dynamic/scaffold/MethodRegistry$Handler$ForImplementation
instanceKlass net/bytebuddy/dynamic/DynamicType$Builder$MethodDefinition$ImplementationDefinition$AbstractBase
instanceKlass net/bytebuddy/implementation/attribute/AnnotationAppender
instanceKlass net/bytebuddy/implementation/attribute/AnnotationAppender$Target
instanceKlass net/bytebuddy/dynamic/scaffold/RecordComponentRegistry$Compiled
instanceKlass net/bytebuddy/dynamic/scaffold/RecordComponentRegistry$Default
instanceKlass net/bytebuddy/dynamic/scaffold/MethodRegistry$Prepared
instanceKlass net/bytebuddy/dynamic/scaffold/MethodRegistry$Default
instanceKlass net/bytebuddy/dynamic/scaffold/FieldRegistry$Compiled
instanceKlass net/bytebuddy/dynamic/scaffold/FieldRegistry$Default
instanceKlass net/bytebuddy/utility/CompoundList
instanceKlass net/bytebuddy/description/type/TypeDescription$Generic$Visitor$Substitutor
instanceKlass net/bytebuddy/description/modifier/ModifierContributor$Resolver
instanceKlass net/bytebuddy/description/modifier/ModifierContributor$ForField
instanceKlass net/bytebuddy/description/modifier/ModifierContributor$ForMethod
instanceKlass net/bytebuddy/description/modifier/ModifierContributor$ForType
instanceKlass net/bytebuddy/description/modifier/ModifierContributor
instanceKlass net/bytebuddy/dynamic/scaffold/RecordComponentRegistry
instanceKlass net/bytebuddy/dynamic/scaffold/MethodRegistry
instanceKlass net/bytebuddy/dynamic/scaffold/FieldRegistry
instanceKlass net/bytebuddy/dynamic/scaffold/TypeWriter$RecordComponentPool
instanceKlass net/bytebuddy/dynamic/scaffold/TypeWriter$FieldPool
instanceKlass net/bytebuddy/implementation/Implementation$Target$Factory
instanceKlass net/bytebuddy/asm/AsmVisitorWrapper
instanceKlass net/bytebuddy/implementation/attribute/TypeAttributeAppender
instanceKlass net/bytebuddy/dynamic/DynamicType$Builder$TypeVariableDefinition
instanceKlass net/bytebuddy/dynamic/DynamicType$Builder$InnerTypeDefinition$ForType
instanceKlass net/bytebuddy/dynamic/DynamicType$Builder$InnerTypeDefinition
instanceKlass net/bytebuddy/dynamic/DynamicType$Builder$MethodDefinition$ImplementationDefinition$Optional
instanceKlass net/bytebuddy/dynamic/DynamicType$Builder$FieldDefinition$Optional$Valuable
instanceKlass net/bytebuddy/dynamic/DynamicType$Builder$FieldDefinition$Valuable
instanceKlass net/bytebuddy/dynamic/DynamicType$Builder$RecordComponentDefinition$Optional
instanceKlass net/bytebuddy/dynamic/DynamicType$Builder$RecordComponentDefinition
instanceKlass net/bytebuddy/dynamic/TypeResolutionStrategy
instanceKlass net/bytebuddy/dynamic/DynamicType$Builder$MethodDefinition$ParameterDefinition$Initial
instanceKlass net/bytebuddy/dynamic/DynamicType$Builder$MethodDefinition$ParameterDefinition$Simple
instanceKlass net/bytebuddy/dynamic/DynamicType$Builder$MethodDefinition$ParameterDefinition
instanceKlass net/bytebuddy/dynamic/DynamicType$Builder$MethodDefinition$ExceptionDefinition
instanceKlass net/bytebuddy/dynamic/DynamicType$Builder$MethodDefinition$TypeVariableDefinition
instanceKlass net/bytebuddy/dynamic/DynamicType$Builder$MethodDefinition$ImplementationDefinition
instanceKlass net/bytebuddy/dynamic/DynamicType$Builder$FieldDefinition$Optional
instanceKlass net/bytebuddy/dynamic/DynamicType$Builder$FieldDefinition
instanceKlass net/bytebuddy/dynamic/DynamicType$Builder$MethodDefinition$ReceiverTypeDefinition
instanceKlass net/bytebuddy/dynamic/DynamicType$Builder$MethodDefinition
instanceKlass net/bytebuddy/dynamic/DynamicType$Builder$AbstractBase
instanceKlass net/bytebuddy/dynamic/scaffold/MethodRegistry$Handler
instanceKlass net/bytebuddy/implementation/attribute/MethodAttributeAppender$Factory
instanceKlass net/bytebuddy/NamingStrategy$Suffixing$BaseNameResolver$ForFixedValue
instanceKlass org/hibernate/bytecode/internal/bytebuddy/ByteBuddyState$1
instanceKlass net/bytebuddy/TypeCache$LookupKey
instanceKlass org/hibernate/bytecode/internal/bytebuddy/ByteBuddyState$$Lambda$480
instanceKlass org/hibernate/proxy/pojo/bytebuddy/ByteBuddyProxyHelper$$Lambda$479
instanceKlass net/bytebuddy/TypeCache$SimpleKey
instanceKlass org/hibernate/proxy/pojo/bytebuddy/ByteBuddyProxyFactory
instanceKlass org/hibernate/bytecode/spi/BasicProxyFactory
instanceKlass org/hibernate/proxy/ProxyFactory
instanceKlass org/hibernate/bytecode/internal/bytebuddy/ProxyFactoryFactoryImpl
instanceKlass org/hibernate/proxy/pojo/ProxyFactoryHelper
instanceKlass org/hibernate/property/access/spi/SetterFieldImpl
instanceKlass java/beans/Introspector$1
instanceKlass jdk/internal/access/JavaBeansAccess
instanceKlass java/beans/FeatureDescriptor
instanceKlass java/beans/Introspector
instanceKlass org/hibernate/property/access/spi/GetterFieldImpl
instanceKlass org/hibernate/property/access/spi/Setter
instanceKlass org/hibernate/property/access/spi/Getter
instanceKlass org/hibernate/property/access/internal/PropertyAccessFieldImpl
instanceKlass org/hibernate/property/access/internal/PropertyAccessStrategyNoopImpl
instanceKlass org/hibernate/property/access/internal/PropertyAccessStrategyEmbeddedImpl
instanceKlass org/hibernate/property/access/internal/PropertyAccessStrategyMapImpl
instanceKlass org/hibernate/property/access/internal/PropertyAccessStrategyMixedImpl
instanceKlass org/hibernate/property/access/internal/PropertyAccessStrategyFieldImpl
instanceKlass org/hibernate/property/access/spi/PropertyAccess
instanceKlass org/hibernate/property/access/internal/PropertyAccessStrategyBasicImpl
instanceKlass org/hibernate/property/access/internal/PropertyAccessStrategyResolverStandardImpl
instanceKlass org/hibernate/classic/Lifecycle
instanceKlass org/hibernate/annotations/Mutability
instanceKlass org/hibernate/type/descriptor/java/spi/RegistryHelper
instanceKlass org/hibernate/type/descriptor/java/spi/JavaTypeRegistry$$Lambda$478
instanceKlass org/hibernate/metamodel/spi/EntityInstantiator
instanceKlass org/hibernate/metamodel/internal/EntityRepresentationStrategyPojoStandard
instanceKlass org/hibernate/engine/spi/EntityEntry
instanceKlass org/hibernate/engine/internal/MutableEntityEntryFactory
instanceKlass org/hibernate/internal/util/MarkerObject
instanceKlass org/hibernate/tuple/entity/EntityMetamodel$FullInMemoryValueGenerationStrategy
instanceKlass org/hibernate/tuple/entity/EntityMetamodel$$Lambda$477
instanceKlass org/hibernate/tuple/BaselineAttributeInformation
instanceKlass org/hibernate/engine/spi/CascadeStyles$BaseCascadeStyle
instanceKlass org/hibernate/engine/spi/CascadeStyles
instanceKlass org/hibernate/tuple/BaselineAttributeInformation$Builder
instanceKlass org/hibernate/tuple/PropertyFactory$1
instanceKlass org/hibernate/bytecode/enhance/spi/interceptor/BytecodeInterceptorLogging
instanceKlass org/hibernate/bytecode/enhance/spi/interceptor/EnhancementHelper
instanceKlass org/hibernate/tuple/PropertyFactory$$Lambda$476
instanceKlass org/hibernate/bytecode/enhance/spi/interceptor/EnhancementHelper$InheritanceChecker
instanceKlass org/hibernate/bytecode/enhance/spi/interceptor/LazyAttributesMetadata
instanceKlass org/hibernate/engine/internal/ManagedTypeHelper$TypeMeta
instanceKlass org/hibernate/engine/internal/ManagedTypeHelper
instanceKlass org/hibernate/engine/spi/PersistentAttributeInterceptor
instanceKlass org/hibernate/bytecode/enhance/spi/LazyPropertyInitializer$InterceptorImplementor
instanceKlass org/hibernate/tuple/entity/BytecodeEnhancementMetadataPojoImpl
instanceKlass org/hibernate/tuple/AbstractAttribute
instanceKlass org/hibernate/tuple/IdentifierAttribute
instanceKlass org/hibernate/tuple/PropertyFactory
instanceKlass org/hibernate/tuple/entity/EntityMetamodel$NoInDatabaseValueGenerationStrategy
instanceKlass org/hibernate/tuple/entity/EntityMetamodel$NoInMemoryValueGenerationStrategy
instanceKlass org/hibernate/tuple/InDatabaseValueGenerationStrategy
instanceKlass org/hibernate/tuple/InMemoryValueGenerationStrategy
instanceKlass org/hibernate/tuple/entity/EntityMetamodel$GenerationStrategyPair
instanceKlass org/hibernate/tuple/NonIdentifierAttribute
instanceKlass org/hibernate/tuple/Attribute
instanceKlass org/hibernate/bytecode/spi/BytecodeEnhancementMetadata
instanceKlass org/hibernate/tuple/entity/EntityMetamodel
instanceKlass org/hibernate/sql/ast/spi/SqlAliasStemHelper
instanceKlass org/hibernate/internal/util/collections/LazyIndexedMap
instanceKlass org/hibernate/persister/entity/EntityPersister$1
instanceKlass org/hibernate/metamodel/mapping/AttributeMetadata
instanceKlass org/hibernate/sql/ast/spi/SqlAliasBase
instanceKlass org/hibernate/sql/ast/tree/predicate/PredicateContainer
instanceKlass org/hibernate/sql/ast/tree/select/QueryPart
instanceKlass org/hibernate/sql/results/graph/DomainResultCreationState
instanceKlass org/hibernate/loader/ast/spi/SingleUniqueKeyEntityLoader
instanceKlass org/hibernate/metamodel/mapping/EntityIdentifierMapping
instanceKlass org/hibernate/metamodel/mapping/AttributeMapping
instanceKlass org/hibernate/type/descriptor/java/MutabilityPlanExposer
instanceKlass org/hibernate/metamodel/mapping/PropertyBasedMapping
instanceKlass org/hibernate/sql/results/graph/DatabaseSnapshotContributor
instanceKlass org/hibernate/metamodel/mapping/NaturalIdMapping
instanceKlass org/hibernate/metamodel/mapping/EntityVersionMapping
instanceKlass org/hibernate/metamodel/mapping/EntityDiscriminatorMapping
instanceKlass org/hibernate/sql/results/graph/FetchOptions
instanceKlass org/hibernate/sql/results/graph/FetchStyleAccess
instanceKlass org/hibernate/sql/results/graph/FetchTimingAccess
instanceKlass org/hibernate/metamodel/mapping/BasicValuedModelPart
instanceKlass org/hibernate/metamodel/mapping/SelectableMapping
instanceKlass org/hibernate/metamodel/mapping/SqlTypedMapping
instanceKlass org/hibernate/sql/results/graph/Fetchable
instanceKlass org/hibernate/metamodel/mapping/VirtualModelPart
instanceKlass org/hibernate/sql/Insert
instanceKlass org/hibernate/sql/ast/tree/predicate/Predicate
instanceKlass org/hibernate/persister/entity/AbstractEntityPersister$CacheEntryHelper
instanceKlass org/hibernate/sql/ast/tree/from/TableReference
instanceKlass org/hibernate/sql/results/graph/DomainResult
instanceKlass org/hibernate/sql/results/graph/FetchParent
instanceKlass org/hibernate/sql/results/graph/DomainResultGraphNode
instanceKlass org/hibernate/sql/ast/tree/from/TableGroup
instanceKlass org/hibernate/query/sqm/sql/internal/SqmPathInterpretation
instanceKlass org/hibernate/query/sqm/sql/internal/DomainResultProducer
instanceKlass org/hibernate/sql/ast/tree/expression/Expression
instanceKlass org/hibernate/sql/ast/spi/SqlSelectionProducer
instanceKlass org/hibernate/sql/ast/tree/from/ColumnReferenceQualifier
instanceKlass org/hibernate/id/insert/Binder
instanceKlass org/hibernate/engine/jdbc/batch/spi/BatchKey
instanceKlass org/hibernate/loader/ast/spi/MultiIdEntityLoader
instanceKlass org/hibernate/loader/ast/spi/MultiLoader
instanceKlass org/hibernate/loader/ast/spi/SingleIdEntityLoader
instanceKlass org/hibernate/loader/ast/spi/SingleEntityLoader
instanceKlass org/hibernate/loader/ast/spi/Loader
instanceKlass org/hibernate/engine/spi/EntityEntryFactory
instanceKlass org/hibernate/internal/FilterAliasGenerator
instanceKlass org/hibernate/persister/entity/AbstractEntityPersister
instanceKlass org/hibernate/metamodel/mapping/internal/InFlightEntityMappingType
instanceKlass org/hibernate/persister/entity/Queryable
instanceKlass org/hibernate/persister/entity/PropertyMapping
instanceKlass org/hibernate/persister/entity/Lockable
instanceKlass org/hibernate/id/PostInsertIdentityPersister
instanceKlass org/hibernate/bytecode/enhance/spi/LazyPropertyInitializer
instanceKlass org/hibernate/persister/entity/SQLLoadable
instanceKlass org/hibernate/persister/entity/UniqueKeyLoadable
instanceKlass org/hibernate/metadata/ClassMetadata
instanceKlass org/hibernate/persister/entity/OuterJoinLoadable
instanceKlass org/hibernate/persister/entity/Joinable
instanceKlass org/hibernate/persister/entity/Loadable
instanceKlass org/hibernate/mapping/PersistentClass$$Lambda$475
instanceKlass org/hibernate/metamodel/model/domain/internal/MappingMetamodelImpl$$Lambda$474
instanceKlass org/hibernate/mapping/MappedSuperclass$$Lambda$473
instanceKlass org/hibernate/metamodel/model/domain/internal/MappingMetamodelImpl$$Lambda$472
instanceKlass org/hibernate/metamodel/model/domain/internal/MappingMetamodelImpl$$Lambda$471
instanceKlass java/lang/invoke/LambdaForm$DMH
instanceKlass org/hibernate/persister/internal/StandardPersisterClassResolver
instanceKlass org/hibernate/persister/entity/EntityPersister
instanceKlass org/hibernate/persister/walking/spi/AttributeSource
instanceKlass org/hibernate/persister/collection/CollectionPersister
instanceKlass org/hibernate/persister/internal/PersisterFactoryImpl
instanceKlass org/hibernate/metamodel/model/domain/internal/MappingMetamodelImpl$1
instanceKlass org/hibernate/metamodel/model/domain/MappedSuperclassDomainType
instanceKlass jakarta/persistence/metamodel/MappedSuperclassType
instanceKlass org/hibernate/graph/spi/GraphImplementor
instanceKlass org/hibernate/graph/spi/GraphNodeImplementor
instanceKlass org/hibernate/metamodel/model/domain/EntityDomainType
instanceKlass org/hibernate/query/sqm/SqmPathSource
instanceKlass org/hibernate/metamodel/model/domain/IdentifiableDomainType
instanceKlass org/hibernate/metamodel/model/domain/ManagedDomainType
instanceKlass org/hibernate/metamodel/model/domain/internal/JpaMetamodelImpl
instanceKlass org/hibernate/internal/EntityManagerMessageLogger
instanceKlass org/hibernate/internal/HEMLogging
instanceKlass org/hibernate/graph/RootGraph
instanceKlass jakarta/persistence/EntityGraph
instanceKlass org/hibernate/graph/Graph
instanceKlass org/hibernate/graph/GraphNode
instanceKlass org/hibernate/metamodel/spi/RuntimeModelCreationContext
instanceKlass org/hibernate/persister/spi/PersisterCreationContext
instanceKlass jakarta/persistence/metamodel/EmbeddableType
instanceKlass jakarta/persistence/metamodel/EntityType
instanceKlass jakarta/persistence/metamodel/Bindable
instanceKlass jakarta/persistence/metamodel/IdentifiableType
instanceKlass jakarta/persistence/metamodel/ManagedType
instanceKlass org/hibernate/metamodel/model/domain/internal/MappingMetamodelImpl
instanceKlass org/hibernate/metamodel/spi/MetamodelImplementor
instanceKlass org/hibernate/Metamodel
instanceKlass org/hibernate/metamodel/spi/MappingMetamodelImplementor
instanceKlass org/hibernate/metamodel/MappingMetamodel
instanceKlass org/hibernate/metamodel/internal/RuntimeMetamodelsImpl
instanceKlass java/util/Comparator$$Lambda$470
instanceKlass org/hibernate/query/spi/QueryEngine$$Lambda$469
instanceKlass org/hibernate/query/spi/QueryEngine$$Lambda$468
instanceKlass org/hibernate/boot/model/FunctionContributor
instanceKlass org/hibernate/query/spi/QueryEngine$1
instanceKlass org/hibernate/dialect/function/TimestampdiffFunction$TimestampdiffFunctionReturnTypeResolver
instanceKlass org/hibernate/query/sqm/produce/function/internal/PatternRenderer
instanceKlass org/hibernate/query/sqm/produce/function/PatternFunctionDescriptorBuilder
instanceKlass org/hibernate/query/sqm/produce/function/StandardFunctionArgumentTypeResolvers$$Lambda$467
instanceKlass org/hibernate/query/sqm/produce/function/StandardArgumentsValidators$6
instanceKlass org/hibernate/query/sqm/produce/function/StandardFunctionArgumentTypeResolvers$$Lambda$466
instanceKlass org/hibernate/query/sqm/produce/function/StandardArgumentsValidators$3
instanceKlass org/hibernate/query/sqm/produce/function/StandardFunctionReturnTypeResolvers$2
instanceKlass org/hibernate/query/sqm/produce/function/StandardFunctionArgumentTypeResolvers$$Lambda$465
instanceKlass org/hibernate/query/sqm/produce/function/StandardFunctionArgumentTypeResolvers$1
instanceKlass org/hibernate/sql/ast/tree/SqlAstNode
instanceKlass org/hibernate/query/sqm/produce/function/StandardFunctionReturnTypeResolvers$1
instanceKlass org/hibernate/dialect/function/SumReturnTypeResolver
instanceKlass org/hibernate/query/sqm/produce/function/StandardFunctionReturnTypeResolvers$3
instanceKlass org/hibernate/query/sqm/produce/function/StandardFunctionReturnTypeResolvers
instanceKlass org/hibernate/query/sqm/tree/expression/SqmOrderedSetAggregateFunction
instanceKlass org/hibernate/query/sqm/tree/expression/SqmWindowFunction
instanceKlass org/hibernate/query/sqm/tree/expression/SqmAggregateFunction
instanceKlass org/hibernate/query/sqm/function/AbstractSqmFunctionDescriptor
instanceKlass org/hibernate/query/sqm/function/FunctionRenderingSupport
instanceKlass org/hibernate/query/sqm/produce/function/StandardFunctionArgumentTypeResolvers$$Lambda$464
instanceKlass org/hibernate/query/sqm/produce/function/StandardFunctionArgumentTypeResolvers$$Lambda$463
instanceKlass org/hibernate/query/sqm/produce/function/StandardFunctionArgumentTypeResolvers$$Lambda$462
instanceKlass org/hibernate/query/sqm/produce/function/StandardFunctionArgumentTypeResolvers$$Lambda$461
instanceKlass org/hibernate/query/sqm/produce/function/FunctionArgumentTypeResolver
instanceKlass java/lang/invoke/LambdaForm$DMH
instanceKlass java/lang/invoke/LambdaForm$DMH
instanceKlass org/hibernate/query/sqm/produce/function/StandardFunctionArgumentTypeResolvers
instanceKlass org/hibernate/query/sqm/produce/function/ArgumentTypesValidator
instanceKlass org/hibernate/query/sqm/produce/function/StandardArgumentsValidators$4
instanceKlass org/hibernate/query/sqm/produce/function/StandardArgumentsValidators$2
instanceKlass org/hibernate/query/sqm/produce/function/StandardArgumentsValidators$1
instanceKlass org/hibernate/query/sqm/produce/function/StandardArgumentsValidators
instanceKlass org/hibernate/query/sqm/produce/function/ArgumentsValidator
instanceKlass org/hibernate/query/sqm/produce/function/NamedFunctionDescriptorBuilder
instanceKlass org/hibernate/query/sqm/produce/function/FunctionReturnTypeResolver
instanceKlass org/hibernate/dialect/function/CommonFunctionFactory
instanceKlass org/hibernate/query/sqm/function/SqmFunctionRegistry
instanceKlass org/hibernate/query/criteria/JpaSimpleCase
instanceKlass org/hibernate/query/criteria/JpaSearchedCase
instanceKlass org/hibernate/query/sqm/tree/from/SqmAttributeJoin
instanceKlass org/hibernate/query/criteria/JpaFetch
instanceKlass jakarta/persistence/criteria/Fetch
instanceKlass org/hibernate/query/sqm/tree/from/SqmQualifiedJoin
instanceKlass org/hibernate/query/sqm/tree/from/SqmJoin
instanceKlass org/hibernate/query/sqm/tree/domain/SqmTreatedPath
instanceKlass org/hibernate/query/sqm/tree/domain/SqmPathWrapper
instanceKlass org/hibernate/query/sqm/tree/from/SqmFrom
instanceKlass org/hibernate/query/sqm/tree/domain/SqmPath
instanceKlass org/hibernate/query/criteria/JpaQueryGroup
instanceKlass org/hibernate/query/sqm/tree/select/SqmQueryPart
instanceKlass org/hibernate/query/criteria/JpaQueryPart
instanceKlass org/hibernate/query/criteria/JpaCoalesce
instanceKlass org/hibernate/query/criteria/JpaParameterExpression
instanceKlass org/hibernate/query/sqm/tree/predicate/SqmInPredicate
instanceKlass org/hibernate/query/sqm/tree/predicate/SqmNegatablePredicate
instanceKlass org/hibernate/query/criteria/JpaCompoundSelection
instanceKlass org/hibernate/query/sqm/tree/predicate/SqmPredicate
instanceKlass org/hibernate/query/sqm/tree/AbstractSqmNode
instanceKlass org/hibernate/query/hql/spi/SemanticPathPart
instanceKlass org/hibernate/query/sqm/tree/expression/SqmExpression
instanceKlass org/hibernate/query/sqm/tree/select/SqmSelectableNode
instanceKlass org/hibernate/query/sqm/tree/SqmTypedNode
instanceKlass org/hibernate/query/sqm/tree/SqmExpressibleAccessor
instanceKlass org/hibernate/query/criteria/JpaRoot
instanceKlass org/hibernate/query/criteria/JpaSetJoin
instanceKlass org/hibernate/query/criteria/JpaCollectionJoin
instanceKlass org/hibernate/query/criteria/JpaMapJoin
instanceKlass org/hibernate/query/criteria/JpaListJoin
instanceKlass org/hibernate/query/criteria/JpaPluralJoin
instanceKlass org/hibernate/query/criteria/JpaJoin
instanceKlass org/hibernate/query/criteria/JpaJoinedFrom
instanceKlass org/hibernate/query/criteria/JpaFrom
instanceKlass org/hibernate/query/criteria/JpaFetchParent
instanceKlass org/hibernate/query/criteria/JpaPath
instanceKlass org/hibernate/query/criteria/JpaCriteriaQuery
instanceKlass org/hibernate/query/criteria/JpaSelectCriteria
instanceKlass org/hibernate/query/criteria/JpaCriteriaUpdate
instanceKlass org/hibernate/query/criteria/JpaCriteriaInsertSelect
instanceKlass org/hibernate/query/criteria/JpaCriteriaDelete
instanceKlass org/hibernate/query/criteria/JpaManipulationCriteria
instanceKlass org/hibernate/query/criteria/JpaOrder
instanceKlass org/hibernate/query/criteria/JpaInPredicate
instanceKlass org/hibernate/query/criteria/JpaPredicate
instanceKlass org/hibernate/query/criteria/JpaFunction
instanceKlass org/hibernate/query/criteria/JpaExpression
instanceKlass org/hibernate/query/criteria/JpaSelection
instanceKlass org/hibernate/query/criteria/JpaTupleElement
instanceKlass jakarta/persistence/criteria/CriteriaBuilder$Case
instanceKlass jakarta/persistence/criteria/CriteriaBuilder$SimpleCase
instanceKlass jakarta/persistence/criteria/Root
instanceKlass jakarta/persistence/criteria/SetJoin
instanceKlass jakarta/persistence/criteria/ListJoin
instanceKlass jakarta/persistence/criteria/MapJoin
instanceKlass jakarta/persistence/criteria/CollectionJoin
instanceKlass jakarta/persistence/criteria/PluralJoin
instanceKlass jakarta/persistence/criteria/Join
instanceKlass jakarta/persistence/criteria/From
instanceKlass jakarta/persistence/criteria/FetchParent
instanceKlass jakarta/persistence/criteria/Path
instanceKlass jakarta/persistence/criteria/CriteriaQuery
instanceKlass jakarta/persistence/criteria/AbstractQuery
instanceKlass jakarta/persistence/criteria/CriteriaUpdate
instanceKlass jakarta/persistence/criteria/CriteriaDelete
instanceKlass jakarta/persistence/criteria/CriteriaBuilder$Coalesce
instanceKlass jakarta/persistence/criteria/Order
instanceKlass jakarta/persistence/criteria/ParameterExpression
instanceKlass jakarta/persistence/Parameter
instanceKlass jakarta/persistence/criteria/CriteriaBuilder$In
instanceKlass jakarta/persistence/criteria/CompoundSelection
instanceKlass jakarta/persistence/criteria/Predicate
instanceKlass jakarta/persistence/criteria/Expression
instanceKlass jakarta/persistence/criteria/Selection
instanceKlass jakarta/persistence/TupleElement
instanceKlass org/hibernate/query/sqm/internal/SqmCriteriaNodeBuilder
instanceKlass org/hibernate/internal/util/collections/BoundedConcurrentHashMap$HashEntry
instanceKlass org/hibernate/internal/util/collections/BoundedConcurrentHashMap$LIRS
instanceKlass org/hibernate/internal/util/collections/BoundedConcurrentHashMap$EvictionPolicy
instanceKlass org/hibernate/query/QueryLogging
instanceKlass org/hibernate/query/spi/HqlInterpretation
instanceKlass org/hibernate/query/spi/ParameterMetadataImplementor
instanceKlass org/hibernate/query/ParameterMetadata
instanceKlass org/hibernate/query/internal/QueryInterpretationCacheStandardImpl
instanceKlass org/hibernate/query/spi/QueryEngine$$Lambda$460
instanceKlass org/hibernate/query/sql/spi/NativeSelectQueryDefinition
instanceKlass org/hibernate/query/sql/spi/NativeSelectQueryPlan
instanceKlass org/hibernate/query/sql/spi/NativeQueryPlan
instanceKlass org/hibernate/query/spi/SelectQueryPlan
instanceKlass org/hibernate/query/spi/QueryPlan
instanceKlass org/hibernate/engine/query/internal/NativeQueryInterpreterStandardImpl
instanceKlass org/hibernate/query/internal/NamedObjectRepositoryImpl
instanceKlass org/hibernate/query/spi/QueryEngine$$Lambda$459
instanceKlass org/hibernate/metamodel/model/domain/spi/JpaMetamodelImplementor
instanceKlass org/hibernate/metamodel/model/domain/JpaMetamodel
instanceKlass org/hibernate/query/sqm/sql/SqmTranslator
instanceKlass org/hibernate/query/sqm/spi/JdbcParameterBySqmParameterAccess
instanceKlass org/hibernate/sql/ast/spi/FromClauseAccess
instanceKlass org/hibernate/query/sqm/sql/SqmToSqlAstConverter
instanceKlass org/hibernate/sql/ast/spi/SqlAstCreationState
instanceKlass org/hibernate/query/sqm/SemanticQueryWalker
instanceKlass org/hibernate/query/sqm/tree/SqmStatement
instanceKlass org/hibernate/query/sqm/tree/SqmVisitableNode
instanceKlass org/hibernate/query/criteria/JpaQueryableCriteria
instanceKlass org/hibernate/query/sqm/tree/SqmQuery
instanceKlass org/hibernate/query/sqm/tree/SqmNode
instanceKlass org/hibernate/query/criteria/JpaCriteriaBase
instanceKlass org/hibernate/query/criteria/JpaCriteriaNode
instanceKlass jakarta/persistence/criteria/CommonAbstractCriteria
instanceKlass org/hibernate/query/sqm/sql/StandardSqmTranslatorFactory
instanceKlass org/hibernate/query/hql/internal/StandardHqlTranslator$1
instanceKlass org/antlr/v4/runtime/ANTLRErrorStrategy
instanceKlass org/antlr/v4/runtime/ANTLRErrorListener
instanceKlass org/hibernate/query/hql/internal/StandardHqlTranslator
instanceKlass org/hibernate/query/sqm/internal/SqmCreationOptionsStandard
instanceKlass org/hibernate/query/sqm/sql/SqmTranslatorFactory
instanceKlass org/hibernate/query/spi/QueryInterpretationCache
instanceKlass org/hibernate/boot/model/FunctionContributions
instanceKlass org/hibernate/query/hql/HqlTranslator
instanceKlass org/hibernate/query/hql/spi/SqmCreationOptions
instanceKlass org/hibernate/query/spi/QueryEngine
instanceKlass org/hibernate/internal/SessionFactoryImpl$$Lambda$458
instanceKlass org/hibernate/internal/SessionFactoryImpl$$Lambda$457
instanceKlass org/hibernate/event/service/internal/EventListenerGroupImpl$$Lambda$456
instanceKlass org/hibernate/cfg/beanvalidation/DuplicationStrategyImpl
instanceKlass org/hibernate/cfg/beanvalidation/BeanValidationEventListener
instanceKlass org/hibernate/validator/internal/metadata/aggregated/BeanMetaDataImpl$$Lambda$455
instanceKlass org/hibernate/validator/internal/metadata/core/MetaConstraint$ValueExtractionPathNode
instanceKlass org/hibernate/validator/internal/metadata/aggregated/BeanMetaDataImpl$$Lambda$454
instanceKlass org/hibernate/validator/internal/metadata/core/MetaConstraint
instanceKlass jakarta/validation/metadata/ElementDescriptor$ConstraintFinder
instanceKlass org/hibernate/validator/internal/metadata/descriptor/ElementDescriptorImpl
instanceKlass org/hibernate/validator/internal/util/ConcurrentReferenceHashMap$KeyReference
instanceKlass org/hibernate/validator/internal/engine/groups/GroupWithInheritance
instanceKlass org/hibernate/validator/internal/engine/groups/Sequence
instanceKlass org/hibernate/validator/internal/engine/groups/ValidationOrder$DefaultSequenceValidationOrder
instanceKlass org/hibernate/validator/internal/engine/groups/Group
instanceKlass org/hibernate/validator/internal/engine/groups/ValidationOrder$DefaultGroupValidationOrder
instanceKlass org/hibernate/validator/internal/metadata/aggregated/BeanMetaDataImpl$DefaultGroupSequenceContext
instanceKlass jakarta/validation/metadata/BeanDescriptor
instanceKlass org/hibernate/validator/internal/metadata/aggregated/BeanMetaDataImpl
instanceKlass org/hibernate/validator/internal/metadata/aggregated/PropertyMetaData$Builder$$Lambda$453
instanceKlass org/hibernate/validator/internal/metadata/facets/Cascadable$Builder
instanceKlass jakarta/validation/metadata/ReturnValueDescriptor
instanceKlass org/hibernate/validator/internal/metadata/aggregated/ValidatableParametersMetaData$$Lambda$452
instanceKlass org/hibernate/validator/internal/metadata/aggregated/ValidatableParametersMetaData
instanceKlass java/util/function/Function$$Lambda$451
instanceKlass java/lang/invoke/LambdaForm$DMH
instanceKlass org/hibernate/validator/internal/metadata/aggregated/AbstractConstraintMetaData$$Lambda$450
instanceKlass org/hibernate/validator/internal/metadata/aggregated/GroupConversionHelper
instanceKlass org/hibernate/validator/internal/metadata/aggregated/NonContainerCascadingMetaData
instanceKlass jakarta/validation/metadata/ParameterDescriptor
instanceKlass jakarta/validation/metadata/ContainerDescriptor
instanceKlass jakarta/validation/metadata/CascadableDescriptor
instanceKlass org/hibernate/validator/internal/metadata/facets/Cascadable
instanceKlass jakarta/validation/metadata/ElementDescriptor
instanceKlass org/hibernate/validator/internal/metadata/aggregated/AbstractConstraintMetaData
instanceKlass org/hibernate/validator/internal/properties/Signature
instanceKlass org/hibernate/validator/internal/metadata/aggregated/ConstraintMetaData
instanceKlass org/hibernate/validator/internal/metadata/aggregated/BeanMetaDataBuilder$1
instanceKlass org/hibernate/validator/internal/metadata/aggregated/MetaDataBuilder
instanceKlass org/hibernate/validator/internal/metadata/aggregated/BeanMetaDataBuilder$BuilderDelegate
instanceKlass org/hibernate/validator/internal/metadata/provider/AnnotationMetaDataProvider$TypeArgumentFieldLocation
instanceKlass org/hibernate/validator/internal/metadata/provider/AnnotationMetaDataProvider$$Lambda$449
instanceKlass org/hibernate/validator/internal/metadata/core/ConstraintHelper$$Lambda$448
instanceKlass jakarta/validation/Constraint
instanceKlass org/hibernate/validator/internal/properties/javabean/JavaBeanField
instanceKlass org/hibernate/validator/internal/util/classhierarchy/Filters$InterfacesFilter
instanceKlass org/hibernate/validator/internal/util/classhierarchy/Filters$WeldProxyFilter
instanceKlass org/hibernate/validator/internal/util/classhierarchy/Filters
instanceKlass org/hibernate/validator/internal/util/classhierarchy/ClassHierarchyHelper
instanceKlass org/hibernate/validator/internal/util/classhierarchy/Filter
instanceKlass org/hibernate/validator/internal/metadata/aggregated/BeanMetaDataBuilder
instanceKlass org/hibernate/validator/internal/engine/validationcontext/ValidatorScopedContext
instanceKlass jakarta/validation/valueextraction/ValueExtractor$ValueReceiver
instanceKlass org/hibernate/validator/internal/engine/validationcontext/BaseBeanValidationContext
instanceKlass org/hibernate/validator/internal/engine/validationcontext/ValidationContext
instanceKlass org/hibernate/validator/internal/engine/valuecontext/ValueContext
instanceKlass jakarta/validation/Path$Node
instanceKlass jakarta/validation/Path
instanceKlass org/hibernate/validator/internal/engine/ValidatorImpl
instanceKlass jakarta/validation/executable/ExecutableValidator
instanceKlass org/hibernate/validator/group/GroupSequenceProvider
instanceKlass jakarta/validation/GroupSequence
instanceKlass org/hibernate/validator/internal/metadata/raw/BeanConfiguration
instanceKlass org/hibernate/validator/internal/util/privilegedactions/GetDeclaredConstructors
instanceKlass java/lang/reflect/AnnotatedWildcardType
instanceKlass org/hibernate/validator/internal/properties/javabean/JavaBeanHelper$JavaBeanPropertyImpl
instanceKlass org/hibernate/validator/spi/nodenameprovider/JavaBeanProperty
instanceKlass org/hibernate/validator/internal/properties/PropertyAccessor
instanceKlass org/hibernate/validator/internal/metadata/provider/AnnotationMetaDataProvider$TypeArgumentExecutableParameterLocation
instanceKlass org/hibernate/validator/internal/metadata/core/AnnotationProcessingOptionsImpl$ExecutableParameterKey
instanceKlass org/hibernate/validator/internal/properties/javabean/JavaBeanParameter
instanceKlass org/hibernate/validator/internal/metadata/raw/AbstractConstrainedElement
instanceKlass org/hibernate/validator/internal/metadata/raw/ConstrainedElement
instanceKlass org/hibernate/validator/internal/util/TypeVariables
instanceKlass org/hibernate/validator/internal/metadata/aggregated/CascadingMetaData
instanceKlass org/hibernate/validator/internal/metadata/aggregated/CascadingMetaDataBuilder
instanceKlass jakarta/validation/groups/ConvertGroup$List
instanceKlass jakarta/validation/groups/ConvertGroup
instanceKlass jakarta/validation/Valid
instanceKlass java/lang/reflect/AnnotatedArrayType
instanceKlass java/lang/reflect/AnnotatedParameterizedType
instanceKlass sun/reflect/annotation/AnnotatedTypeFactory$AnnotatedTypeBaseImpl
instanceKlass sun/reflect/annotation/AnnotatedTypeFactory
instanceKlass sun/reflect/annotation/TypeAnnotation$LocationInfo$Location
instanceKlass sun/reflect/annotation/TypeAnnotation$LocationInfo
instanceKlass sun/reflect/annotation/TypeAnnotation
instanceKlass sun/reflect/annotation/TypeAnnotationParser
instanceKlass org/hibernate/validator/internal/metadata/provider/AnnotationMetaDataProvider$TypeArgumentReturnValueLocation
instanceKlass java/util/stream/Collectors$$Lambda$447
instanceKlass java/util/stream/Collectors$$Lambda$446
instanceKlass org/hibernate/validator/internal/metadata/provider/AnnotationMetaDataProvider$$Lambda$445
instanceKlass org/hibernate/validator/internal/metadata/descriptor/ConstraintDescriptorImpl
instanceKlass java/lang/ClassLoader$$Lambda$444
instanceKlass jdk/internal/loader/BootLoader$PackageHelper$$Lambda$443
instanceKlass jdk/internal/loader/BootLoader$PackageHelper
instanceKlass org/hibernate/validator/internal/metadata/location/ConstraintLocation$1
instanceKlass org/hibernate/validator/internal/properties/javabean/JavaBeanHelper$JavaBeanConstrainableExecutable
instanceKlass org/hibernate/validator/internal/util/privilegedactions/GetDeclaredMethods
instanceKlass org/hibernate/validator/internal/util/privilegedactions/GetDeclaredFields
instanceKlass org/hibernate/validator/internal/metadata/provider/AnnotationMetaDataProvider$TypeArgumentLocation
instanceKlass org/hibernate/validator/internal/properties/Field
instanceKlass org/hibernate/validator/internal/metadata/provider/AnnotationMetaDataProvider
instanceKlass org/hibernate/validator/internal/metadata/provider/ProgrammaticMetaDataProvider
instanceKlass org/hibernate/validator/internal/metadata/provider/MetaDataProvider
instanceKlass org/hibernate/validator/internal/metadata/aggregated/BeanMetaData
instanceKlass org/hibernate/validator/internal/metadata/facets/Validatable
instanceKlass org/hibernate/validator/internal/metadata/BeanMetaDataManagerImpl
instanceKlass org/hibernate/validator/internal/engine/ValidatorFactoryImpl$$Lambda$442
instanceKlass org/hibernate/validator/internal/engine/ValidatorFactoryImpl$BeanMetaDataManagerKey
instanceKlass jakarta/validation/groups/Default
instanceKlass org/hibernate/cfg/beanvalidation/GroupsPerOperation
instanceKlass org/hibernate/validator/internal/util/StringHelper
instanceKlass org/hibernate/validator/internal/metadata/core/AnnotationProcessingOptionsImpl
instanceKlass org/hibernate/validator/internal/metadata/core/AnnotationProcessingOptions
instanceKlass org/hibernate/validator/cfg/context/ConstraintDefinitionContext
instanceKlass org/hibernate/validator/cfg/context/TypeConstraintMappingContext
instanceKlass org/hibernate/validator/cfg/context/AnnotationIgnoreOptions
instanceKlass org/hibernate/validator/cfg/context/AnnotationProcessingOptions
instanceKlass org/hibernate/validator/cfg/context/ConstructorTarget
instanceKlass org/hibernate/validator/cfg/context/MethodTarget
instanceKlass org/hibernate/validator/cfg/context/PropertyTarget
instanceKlass org/hibernate/validator/cfg/context/ConstraintMappingTarget
instanceKlass org/hibernate/validator/cfg/context/ConstraintDefinitionTarget
instanceKlass org/hibernate/validator/cfg/context/TypeTarget
instanceKlass org/hibernate/validator/cfg/context/Constrainable
instanceKlass org/hibernate/validator/internal/cfg/context/DefaultConstraintMapping
instanceKlass org/hibernate/validator/internal/engine/ValidatorFactoryConfigurationHelper$DefaultConstraintMappingBuilder
instanceKlass org/hibernate/validator/internal/engine/ServiceLoaderBasedConstraintMappingContributor
instanceKlass org/hibernate/validator/internal/metadata/DefaultBeanMetaDataClassNormalizer
instanceKlass org/hibernate/validator/internal/util/logging/formatter/ClassObjectFormatter
instanceKlass org/hibernate/validator/internal/properties/DefaultGetterPropertySelectionStrategy
instanceKlass org/hibernate/validator/internal/properties/Getter
instanceKlass org/hibernate/validator/internal/properties/Property
instanceKlass org/hibernate/validator/spi/nodenameprovider/Property
instanceKlass org/hibernate/validator/spi/properties/ConstrainableExecutable
instanceKlass org/hibernate/validator/internal/properties/javabean/JavaBeanExecutable
instanceKlass org/hibernate/validator/internal/properties/javabean/JavaBeanAnnotatedConstrainable
instanceKlass org/hibernate/validator/internal/properties/javabean/JavaBeanAnnotatedElement
instanceKlass org/hibernate/validator/internal/properties/Callable
instanceKlass org/hibernate/validator/internal/properties/Constrainable
instanceKlass org/hibernate/validator/internal/properties/javabean/JavaBeanHelper
instanceKlass com/fasterxml/classmate/Filter
instanceKlass org/hibernate/validator/internal/util/ExecutableHelper
instanceKlass org/hibernate/validator/internal/engine/ConstraintCreationContext
instanceKlass org/hibernate/validator/internal/util/TypeResolutionHelper
instanceKlass org/hibernate/validator/internal/constraintvalidators/hv/UUIDValidator
instanceKlass org/hibernate/validator/constraints/UUID
instanceKlass org/hibernate/validator/internal/constraintvalidators/hv/URLValidator
instanceKlass org/hibernate/validator/constraints/URL
instanceKlass org/hibernate/validator/internal/constraintvalidators/hv/UniqueElementsValidator
instanceKlass org/hibernate/validator/constraints/UniqueElements
instanceKlass org/hibernate/validator/constraints/br/TituloEleitoral
instanceKlass org/hibernate/validator/constraints/ScriptAssert
instanceKlass org/hibernate/validator/internal/constraintvalidators/hv/ru/INNValidator
instanceKlass org/hibernate/validator/constraints/ru/INN
instanceKlass org/hibernate/validator/constraints/pl/REGON
instanceKlass org/hibernate/validator/constraints/Range
instanceKlass org/hibernate/validator/constraints/pl/PESEL
instanceKlass org/hibernate/validator/internal/constraintvalidators/hv/AbstractScriptAssertValidator
instanceKlass org/hibernate/validator/constraints/ParameterScriptAssert
instanceKlass org/hibernate/validator/constraints/NotEmpty
instanceKlass org/hibernate/validator/internal/constraintvalidators/hv/NotBlankValidator
instanceKlass org/hibernate/validator/constraints/NotBlank
instanceKlass org/hibernate/validator/constraints/pl/NIP
instanceKlass org/hibernate/validator/internal/constraintvalidators/hv/NormalizedValidator
instanceKlass org/hibernate/validator/constraints/Normalized
instanceKlass org/hibernate/validator/constraints/Mod11Check
instanceKlass org/hibernate/validator/constraints/Mod10Check
instanceKlass org/hibernate/validator/constraints/ModCheck
instanceKlass org/hibernate/validator/internal/constraintvalidators/hv/ModCheckBase
instanceKlass org/hibernate/validator/constraints/LuhnCheck
instanceKlass org/hibernate/validator/internal/constraintvalidators/hv/CodePointLengthValidator
instanceKlass org/hibernate/validator/constraints/CodePointLength
instanceKlass org/hibernate/validator/internal/constraintvalidators/hv/LengthValidator
instanceKlass org/hibernate/validator/constraints/Length
instanceKlass org/hibernate/validator/internal/constraintvalidators/hv/ISBNValidator
instanceKlass org/hibernate/validator/constraints/ISBN
instanceKlass org/hibernate/validator/constraints/Email
instanceKlass org/hibernate/validator/internal/constraintvalidators/hv/EANValidator
instanceKlass org/hibernate/validator/constraints/EAN
instanceKlass org/hibernate/validator/internal/constraintvalidators/hv/time/DurationMinValidator
instanceKlass org/hibernate/validator/constraints/time/DurationMin
instanceKlass org/hibernate/validator/internal/constraintvalidators/hv/time/DurationMaxValidator
instanceKlass org/hibernate/validator/constraints/time/DurationMax
instanceKlass org/hibernate/validator/constraints/CreditCardNumber
instanceKlass org/hibernate/validator/internal/constraintvalidators/hv/br/CPFValidator
instanceKlass org/hibernate/validator/constraints/br/CPF
instanceKlass org/hibernate/validator/internal/constraintvalidators/hv/br/CNPJValidator
instanceKlass org/hibernate/validator/constraints/br/CNPJ
instanceKlass jakarta/validation/constraints/Size
instanceKlass org/hibernate/validator/internal/constraintvalidators/bv/size/SizeValidatorForArraysOfPrimitives
instanceKlass org/hibernate/validator/internal/constraintvalidators/bv/size/SizeValidatorForMap
instanceKlass org/hibernate/validator/internal/constraintvalidators/bv/size/SizeValidatorForArray
instanceKlass org/hibernate/validator/internal/constraintvalidators/bv/size/SizeValidatorForCollection
instanceKlass org/hibernate/validator/internal/constraintvalidators/bv/size/SizeValidatorForCharSequence
instanceKlass jakarta/validation/constraints/PositiveOrZero
instanceKlass org/hibernate/validator/internal/constraintvalidators/bv/number/sign/PositiveOrZeroValidatorForCharSequence
instanceKlass org/hibernate/validator/internal/constraintvalidators/bv/number/sign/PositiveOrZeroValidatorForNumber
instanceKlass org/hibernate/validator/internal/constraintvalidators/bv/number/sign/PositiveOrZeroValidatorForByte
instanceKlass org/hibernate/validator/internal/constraintvalidators/bv/number/sign/PositiveOrZeroValidatorForShort
instanceKlass org/hibernate/validator/internal/constraintvalidators/bv/number/sign/PositiveOrZeroValidatorForInteger
instanceKlass org/hibernate/validator/internal/constraintvalidators/bv/number/sign/PositiveOrZeroValidatorForLong
instanceKlass org/hibernate/validator/internal/constraintvalidators/bv/number/sign/PositiveOrZeroValidatorForFloat
instanceKlass org/hibernate/validator/internal/constraintvalidators/bv/number/sign/PositiveOrZeroValidatorForDouble
instanceKlass org/hibernate/validator/internal/constraintvalidators/bv/number/sign/PositiveOrZeroValidatorForBigInteger
instanceKlass org/hibernate/validator/internal/constraintvalidators/bv/number/sign/PositiveOrZeroValidatorForBigDecimal
instanceKlass jakarta/validation/constraints/Positive
instanceKlass org/hibernate/validator/internal/constraintvalidators/bv/number/sign/PositiveValidatorForCharSequence
instanceKlass org/hibernate/validator/internal/constraintvalidators/bv/number/sign/PositiveValidatorForNumber
instanceKlass org/hibernate/validator/internal/constraintvalidators/bv/number/sign/PositiveValidatorForByte
instanceKlass org/hibernate/validator/internal/constraintvalidators/bv/number/sign/PositiveValidatorForShort
instanceKlass org/hibernate/validator/internal/constraintvalidators/bv/number/sign/PositiveValidatorForInteger
instanceKlass org/hibernate/validator/internal/constraintvalidators/bv/number/sign/PositiveValidatorForLong
instanceKlass org/hibernate/validator/internal/constraintvalidators/bv/number/sign/PositiveValidatorForFloat
instanceKlass org/hibernate/validator/internal/constraintvalidators/bv/number/sign/PositiveValidatorForDouble
instanceKlass org/hibernate/validator/internal/constraintvalidators/bv/number/sign/PositiveValidatorForBigInteger
instanceKlass org/hibernate/validator/internal/constraintvalidators/bv/number/sign/PositiveValidatorForBigDecimal
instanceKlass org/hibernate/validator/internal/constraintvalidators/bv/PatternValidator
instanceKlass jakarta/validation/constraints/Pattern
instanceKlass jakarta/validation/constraints/PastOrPresent
instanceKlass jakarta/validation/constraints/Past
instanceKlass org/hibernate/validator/internal/constraintvalidators/bv/NullValidator
instanceKlass jakarta/validation/constraints/Null
instanceKlass org/hibernate/validator/internal/constraintvalidators/bv/NotNullValidator
instanceKlass jakarta/validation/constraints/NotNull
instanceKlass sun/reflect/generics/tree/ShortSignature
instanceKlass sun/reflect/generics/tree/IntSignature
instanceKlass sun/reflect/generics/tree/FloatSignature
instanceKlass sun/reflect/generics/tree/DoubleSignature
instanceKlass sun/reflect/generics/tree/CharSignature
instanceKlass sun/reflect/generics/tree/BooleanSignature
instanceKlass jakarta/validation/constraints/NotEmpty
instanceKlass org/hibernate/validator/internal/constraintvalidators/bv/notempty/NotEmptyValidatorForArraysOfShort
instanceKlass org/hibernate/validator/internal/constraintvalidators/bv/notempty/NotEmptyValidatorForArraysOfLong
instanceKlass org/hibernate/validator/internal/constraintvalidators/bv/notempty/NotEmptyValidatorForArraysOfInt
instanceKlass org/hibernate/validator/internal/constraintvalidators/bv/notempty/NotEmptyValidatorForArraysOfFloat
instanceKlass org/hibernate/validator/internal/constraintvalidators/bv/notempty/NotEmptyValidatorForArraysOfDouble
instanceKlass org/hibernate/validator/internal/constraintvalidators/bv/notempty/NotEmptyValidatorForArraysOfChar
instanceKlass org/hibernate/validator/internal/constraintvalidators/bv/notempty/NotEmptyValidatorForArraysOfByte
instanceKlass org/hibernate/validator/internal/constraintvalidators/bv/notempty/NotEmptyValidatorForArraysOfBoolean
instanceKlass org/hibernate/validator/internal/constraintvalidators/bv/notempty/NotEmptyValidatorForMap
instanceKlass org/hibernate/validator/internal/constraintvalidators/bv/notempty/NotEmptyValidatorForArray
instanceKlass org/hibernate/validator/internal/constraintvalidators/bv/notempty/NotEmptyValidatorForCollection
instanceKlass org/hibernate/validator/internal/constraintvalidators/bv/notempty/NotEmptyValidatorForCharSequence
instanceKlass org/hibernate/validator/internal/constraintvalidators/bv/NotBlankValidator
instanceKlass jakarta/validation/constraints/NotBlank
instanceKlass jakarta/validation/constraints/NegativeOrZero
instanceKlass org/hibernate/validator/internal/constraintvalidators/bv/number/sign/NegativeOrZeroValidatorForCharSequence
instanceKlass org/hibernate/validator/internal/constraintvalidators/bv/number/sign/NegativeOrZeroValidatorForNumber
instanceKlass org/hibernate/validator/internal/constraintvalidators/bv/number/sign/NegativeOrZeroValidatorForByte
instanceKlass org/hibernate/validator/internal/constraintvalidators/bv/number/sign/NegativeOrZeroValidatorForShort
instanceKlass org/hibernate/validator/internal/constraintvalidators/bv/number/sign/NegativeOrZeroValidatorForInteger
instanceKlass org/hibernate/validator/internal/constraintvalidators/bv/number/sign/NegativeOrZeroValidatorForLong
instanceKlass org/hibernate/validator/internal/constraintvalidators/bv/number/sign/NegativeOrZeroValidatorForFloat
instanceKlass org/hibernate/validator/internal/constraintvalidators/bv/number/sign/NegativeOrZeroValidatorForDouble
instanceKlass org/hibernate/validator/internal/constraintvalidators/bv/number/sign/NegativeOrZeroValidatorForBigInteger
instanceKlass org/hibernate/validator/internal/constraintvalidators/bv/number/sign/NegativeOrZeroValidatorForBigDecimal
instanceKlass jakarta/validation/constraints/Negative
instanceKlass org/hibernate/validator/internal/constraintvalidators/bv/number/sign/NegativeValidatorForCharSequence
instanceKlass org/hibernate/validator/internal/constraintvalidators/bv/number/sign/NegativeValidatorForNumber
instanceKlass org/hibernate/validator/internal/constraintvalidators/bv/number/sign/NegativeValidatorForByte
instanceKlass org/hibernate/validator/internal/constraintvalidators/bv/number/sign/NegativeValidatorForShort
instanceKlass org/hibernate/validator/internal/constraintvalidators/bv/number/sign/NegativeValidatorForInteger
instanceKlass org/hibernate/validator/internal/constraintvalidators/bv/number/sign/NegativeValidatorForLong
instanceKlass org/hibernate/validator/internal/constraintvalidators/bv/number/sign/NegativeValidatorForFloat
instanceKlass org/hibernate/validator/internal/constraintvalidators/bv/number/sign/NegativeValidatorForDouble
instanceKlass org/hibernate/validator/internal/constraintvalidators/bv/number/sign/NegativeValidatorForBigInteger
instanceKlass org/hibernate/validator/internal/constraintvalidators/bv/number/sign/NegativeValidatorForBigDecimal
instanceKlass jakarta/validation/constraints/Min
instanceKlass org/hibernate/validator/internal/constraintvalidators/bv/number/bound/AbstractMinValidator
instanceKlass jakarta/validation/constraints/Max
instanceKlass org/hibernate/validator/internal/constraintvalidators/bv/number/bound/AbstractMaxValidator
instanceKlass jakarta/validation/constraints/FutureOrPresent
instanceKlass java/time/chrono/ChronoLocalDateImpl
instanceKlass jakarta/validation/constraints/Future
instanceKlass org/hibernate/validator/internal/constraintvalidators/bv/time/AbstractJavaTimeValidator
instanceKlass org/hibernate/validator/internal/constraintvalidators/bv/time/AbstractInstantBasedTimeValidator
instanceKlass org/hibernate/validator/constraintvalidation/HibernateConstraintValidator
instanceKlass org/hibernate/validator/internal/constraintvalidators/AbstractEmailValidator
instanceKlass jakarta/validation/constraints/Email
instanceKlass jakarta/validation/constraints/Digits
instanceKlass org/hibernate/validator/internal/constraintvalidators/bv/DigitsValidatorForNumber
instanceKlass org/hibernate/validator/internal/constraintvalidators/bv/DigitsValidatorForCharSequence
instanceKlass jakarta/validation/constraints/DecimalMin
instanceKlass org/hibernate/validator/internal/constraintvalidators/bv/number/bound/decimal/AbstractDecimalMinValidator
instanceKlass jakarta/validation/constraints/DecimalMax
instanceKlass org/hibernate/validator/internal/util/privilegedactions/IsClassPresent
instanceKlass org/hibernate/validator/internal/constraintvalidators/bv/number/bound/decimal/AbstractDecimalMaxValidator
instanceKlass org/hibernate/validator/internal/constraintvalidators/bv/AssertTrueValidator
instanceKlass jakarta/validation/constraints/AssertTrue
instanceKlass jakarta/validation/constraintvalidation/SupportedValidationTarget
instanceKlass org/hibernate/validator/internal/util/TypeHelper
instanceKlass org/hibernate/validator/internal/engine/constraintvalidation/ClassBasedValidatorDescriptor
instanceKlass org/hibernate/validator/internal/engine/constraintvalidation/ConstraintValidatorDescriptor
instanceKlass org/hibernate/validator/internal/constraintvalidators/bv/AssertFalseValidator
instanceKlass jakarta/validation/constraints/AssertFalse
instanceKlass org/hibernate/validator/internal/metadata/core/ConstraintHelper$ValidatorDescriptorMap
instanceKlass org/hibernate/validator/internal/metadata/core/ConstraintHelper
instanceKlass org/hibernate/validator/internal/engine/valueextraction/ValueExtractorResolver
instanceKlass org/hibernate/validator/internal/engine/AbstractConfigurationImpl$$Lambda$441
instanceKlass org/hibernate/validator/internal/engine/valueextraction/OptionalLongValueExtractor
instanceKlass org/hibernate/validator/internal/engine/valueextraction/OptionalDoubleValueExtractor
instanceKlass org/hibernate/validator/internal/engine/valueextraction/AnnotatedObject
instanceKlass org/hibernate/validator/internal/engine/valueextraction/OptionalIntValueExtractor
instanceKlass org/hibernate/validator/internal/engine/valueextraction/OptionalValueExtractor
instanceKlass org/hibernate/validator/internal/engine/valueextraction/IterableValueExtractor
instanceKlass org/hibernate/validator/internal/engine/valueextraction/MapKeyExtractor
instanceKlass org/hibernate/validator/internal/engine/valueextraction/MapValueExtractor
instanceKlass org/hibernate/validator/internal/engine/valueextraction/ListValueExtractor
instanceKlass org/hibernate/validator/internal/engine/valueextraction/ObjectArrayValueExtractor
instanceKlass org/hibernate/validator/internal/engine/valueextraction/BooleanArrayValueExtractor
instanceKlass org/hibernate/validator/internal/engine/valueextraction/CharArrayValueExtractor
instanceKlass org/hibernate/validator/internal/engine/valueextraction/DoubleArrayValueExtractor
instanceKlass org/hibernate/validator/internal/engine/valueextraction/FloatArrayValueExtractor
instanceKlass org/hibernate/validator/internal/engine/valueextraction/LongArrayValueExtractor
instanceKlass org/hibernate/validator/internal/engine/valueextraction/IntArrayValueExtractor
instanceKlass org/hibernate/validator/internal/engine/valueextraction/ShortArrayValueExtractor
instanceKlass org/hibernate/validator/internal/engine/valueextraction/ValueExtractorDescriptor$Key
instanceKlass org/hibernate/validator/internal/engine/valueextraction/ArrayElement
instanceKlass org/hibernate/validator/internal/engine/valueextraction/ValueExtractorDescriptor
instanceKlass org/hibernate/validator/internal/engine/valueextraction/ByteArrayValueExtractor
instanceKlass org/hibernate/validator/internal/engine/valueextraction/ValueExtractorManager$1
instanceKlass org/hibernate/validator/internal/engine/valueextraction/ValueExtractorManager
instanceKlass org/hibernate/validator/internal/engine/groups/ValidationOrder
instanceKlass org/hibernate/validator/internal/engine/groups/ValidationOrderGenerator
instanceKlass org/hibernate/validator/internal/engine/constraintvalidation/ConstraintValidatorManagerImpl$1
instanceKlass jakarta/validation/ConstraintValidator
instanceKlass jakarta/validation/metadata/ConstraintDescriptor
instanceKlass org/hibernate/validator/internal/engine/constraintvalidation/AbstractConstraintValidatorManagerImpl
instanceKlass org/hibernate/validator/internal/engine/constraintvalidation/HibernateConstraintValidatorInitializationContextImpl
instanceKlass org/hibernate/validator/spi/scripting/ScriptEvaluator
instanceKlass org/hibernate/validator/spi/scripting/AbstractCachingScriptEvaluatorFactory
instanceKlass org/hibernate/validator/internal/util/ExecutableParameterNameProvider
instanceKlass jakarta/el/Util$CacheKey
instanceKlass jakarta/el/ELContext
instanceKlass jakarta/el/ELManager
instanceKlass org/apache/el/util/ExceptionUtils
instanceKlass jakarta/el/ELResolver
instanceKlass jakarta/el/Expression
instanceKlass jakarta/el/ExpressionFactory$CacheKey
instanceKlass jakarta/el/Util$CacheValue
instanceKlass jakarta/el/Util
instanceKlass jakarta/el/ExpressionFactory$CacheValue
instanceKlass jakarta/el/ExpressionFactory
instanceKlass org/hibernate/validator/internal/util/ConcurrentReferenceHashMap$HashEntry
instanceKlass org/hibernate/validator/internal/engine/messageinterpolation/DefaultLocaleResolverContext
instanceKlass org/hibernate/validator/internal/util/logging/Messages_$bundle
instanceKlass org/jboss/logging/Messages
instanceKlass org/hibernate/validator/internal/util/logging/Messages
instanceKlass org/hibernate/validator/internal/engine/messageinterpolation/DefaultLocaleResolver
instanceKlass org/hibernate/validator/internal/util/Contracts
instanceKlass org/hibernate/validator/resourceloading/PlatformResourceBundleLocator
instanceKlass org/hibernate/validator/spi/messageinterpolation/LocaleResolverContext
instanceKlass org/hibernate/validator/messageinterpolation/AbstractMessageInterpolator
instanceKlass org/hibernate/validator/constraintvalidation/HibernateConstraintValidatorInitializationContext
instanceKlass org/hibernate/validator/internal/engine/ValidatorFactoryScopedContext
instanceKlass org/hibernate/validator/internal/metadata/aggregated/rule/MethodConfigurationRule
instanceKlass org/hibernate/validator/internal/engine/MethodValidationConfiguration
instanceKlass org/hibernate/validator/spi/messageinterpolation/LocaleResolver
instanceKlass org/hibernate/validator/metadata/BeanMetaDataClassNormalizer
instanceKlass org/hibernate/validator/spi/scripting/ScriptEvaluatorFactory
instanceKlass org/hibernate/validator/spi/cfg/ConstraintMappingContributor
instanceKlass org/hibernate/validator/spi/cfg/ConstraintMappingContributor$ConstraintMappingBuilder
instanceKlass org/hibernate/validator/internal/engine/ValidatorFactoryConfigurationHelper
instanceKlass org/hibernate/validator/HibernateValidatorContext
instanceKlass org/hibernate/validator/internal/metadata/BeanMetaDataManager
instanceKlass org/hibernate/validator/internal/engine/constraintvalidation/ConstraintValidatorManager
instanceKlass jakarta/validation/ValidatorContext
instanceKlass org/hibernate/validator/internal/engine/ValidatorFactoryImpl
instanceKlass org/hibernate/validator/HibernateValidatorFactory
instanceKlass org/hibernate/validator/internal/engine/resolver/JPATraversableResolver
instanceKlass jakarta/persistence/Persistence$PersistenceUtilImpl
instanceKlass org/hibernate/validator/internal/util/ReflectionHelper
instanceKlass org/hibernate/validator/internal/util/privilegedactions/NewInstance
instanceKlass org/hibernate/validator/internal/util/privilegedactions/GetMethod
instanceKlass jakarta/persistence/Persistence
instanceKlass org/hibernate/validator/internal/util/privilegedactions/LoadClass
instanceKlass jakarta/validation/TraversableResolver
instanceKlass org/hibernate/validator/internal/engine/resolver/TraversableResolvers
instanceKlass org/hibernate/validator/internal/xml/config/BootstrapConfigurationImpl
instanceKlass jakarta/validation/BootstrapConfiguration
instanceKlass org/hibernate/validator/internal/xml/config/ResourceLoaderHelper
instanceKlass org/hibernate/validator/internal/xml/config/ValidationXmlParser
instanceKlass org/hibernate/validator/internal/util/privilegedactions/GetInstancesFromServiceLoader
instanceKlass jakarta/validation/valueextraction/ValueExtractor
instanceKlass org/hibernate/validator/internal/util/privilegedactions/GetClassLoader
instanceKlass org/hibernate/validator/internal/engine/DefaultPropertyNodeNameProvider
instanceKlass org/hibernate/validator/internal/engine/DefaultClockProvider
instanceKlass org/hibernate/validator/internal/engine/DefaultParameterNameProvider
instanceKlass org/hibernate/validator/internal/engine/constraintvalidation/ConstraintValidatorFactoryImpl
instanceKlass org/hibernate/validator/internal/xml/config/ValidationBootstrapParameters
instanceKlass org/hibernate/validator/internal/engine/MethodValidationConfiguration$Builder
instanceKlass org/hibernate/validator/internal/util/CollectionHelper
instanceKlass org/hibernate/validator/internal/util/logging/Log
instanceKlass org/hibernate/validator/internal/util/logging/LoggerFactory
instanceKlass org/hibernate/validator/internal/util/Version
instanceKlass org/hibernate/validator/cfg/ConstraintMapping
instanceKlass org/hibernate/validator/spi/properties/GetterPropertySelectionStrategy
instanceKlass jakarta/validation/MessageInterpolator
instanceKlass org/hibernate/validator/spi/resourceloading/ResourceBundleLocator
instanceKlass org/hibernate/validator/spi/nodenameprovider/PropertyNodeNameProvider
instanceKlass jakarta/validation/ClockProvider
instanceKlass jakarta/validation/ParameterNameProvider
instanceKlass jakarta/validation/ConstraintValidatorFactory
instanceKlass org/hibernate/validator/internal/engine/AbstractConfigurationImpl
instanceKlass jakarta/validation/spi/ConfigurationState
instanceKlass org/hibernate/validator/HibernateValidatorConfiguration
instanceKlass org/hibernate/validator/BaseHibernateValidatorConfiguration
instanceKlass jakarta/validation/Configuration
instanceKlass org/hibernate/validator/HibernateValidator
instanceKlass jakarta/validation/spi/ValidationProvider
instanceKlass jakarta/validation/Validation$GetValidationProviderListAction
instanceKlass jakarta/validation/Validation$DefaultValidationProviderResolver
instanceKlass jakarta/validation/ValidationProviderResolver
instanceKlass jakarta/validation/Validation$GenericBootstrapImpl
instanceKlass jakarta/validation/spi/BootstrapState
instanceKlass jakarta/validation/bootstrap/ProviderSpecificBootstrap
instanceKlass jakarta/validation/bootstrap/GenericBootstrap
instanceKlass jakarta/validation/Validation
instanceKlass org/hibernate/cfg/beanvalidation/TypeSafeActivator$$Lambda$440
instanceKlass org/hibernate/cfg/beanvalidation/TypeSafeActivator$$Lambda$439
instanceKlass org/hibernate/cfg/beanvalidation/BeanValidationIntegrator$1
instanceKlass jakarta/validation/ValidatorFactory
instanceKlass org/hibernate/cfg/beanvalidation/TypeSafeActivator
instanceKlass jakarta/validation/ConstraintViolation
instanceKlass org/hibernate/internal/SessionFactoryImpl$1IntegratorObserver
instanceKlass org/hibernate/jpa/internal/util/PersistenceUtilHelper$MetadataCache
instanceKlass org/hibernate/jpa/internal/PersistenceUnitUtilImpl
instanceKlass org/hibernate/cache/spi/TimestampsCache
instanceKlass org/hibernate/cache/spi/access/NaturalIdDataAccess
instanceKlass org/hibernate/cache/spi/access/CollectionDataAccess
instanceKlass org/hibernate/cache/spi/access/EntityDataAccess
instanceKlass org/hibernate/metamodel/model/domain/NavigableRole
instanceKlass org/hibernate/spi/DotIdentifierSequence
instanceKlass org/hibernate/cache/spi/QueryResultsCache
instanceKlass org/hibernate/cache/internal/DisabledCaching
instanceKlass org/hibernate/boot/model/relational/internal/SqlStringGenerationContextImpl
instanceKlass org/hibernate/boot/model/relational/SqlStringGenerationContext
instanceKlass org/hibernate/event/service/internal/EventListenerRegistryImpl$Builder$$Lambda$438
instanceKlass org/hibernate/event/spi/EventEngineContributor
instanceKlass org/hibernate/event/spi/EventEngine$1
instanceKlass org/hibernate/event/internal/DefaultRefreshEventListener
instanceKlass org/hibernate/event/internal/PostUpdateEventListenerStandardImpl
instanceKlass org/hibernate/action/spi/BeforeTransactionCompletionProcess
instanceKlass org/hibernate/event/internal/DefaultPostLoadEventListener
instanceKlass org/hibernate/event/internal/PostInsertEventListenerStandardImpl
instanceKlass org/hibernate/event/internal/PostDeleteEventListenerStandardImpl
instanceKlass org/hibernate/event/spi/PostCommitUpdateEventListener
instanceKlass org/hibernate/event/spi/PostCommitInsertEventListener
instanceKlass org/hibernate/event/spi/PostCommitDeleteEventListener
instanceKlass org/hibernate/event/internal/DefaultPreLoadEventListener
instanceKlass org/hibernate/cache/spi/access/CachedDomainDataAccess
instanceKlass org/hibernate/event/internal/DefaultInitializeCollectionEventListener
instanceKlass org/hibernate/event/internal/DefaultLoadEventListener
instanceKlass org/hibernate/CustomEntityDirtinessStrategy$DirtyCheckContext
instanceKlass org/hibernate/event/internal/DefaultFlushEntityEventListener
instanceKlass org/hibernate/metamodel/mapping/EntityMappingType
instanceKlass org/hibernate/metamodel/mapping/Discriminatable
instanceKlass org/hibernate/metamodel/mapping/Restrictable
instanceKlass org/hibernate/metamodel/mapping/WhereRestrictable
instanceKlass org/hibernate/metamodel/mapping/FilterRestrictable
instanceKlass org/hibernate/loader/ast/spi/Loadable
instanceKlass org/hibernate/sql/ast/tree/from/RootTableGroupProducer
instanceKlass org/hibernate/sql/ast/tree/from/TableGroupProducer
instanceKlass org/hibernate/metamodel/mapping/EntityValuedModelPart
instanceKlass org/hibernate/metamodel/mapping/ManagedMappingType
instanceKlass org/hibernate/sql/results/graph/FetchableContainer
instanceKlass org/hibernate/metamodel/mapping/ModelPartContainer
instanceKlass org/hibernate/metamodel/mapping/Queryable
instanceKlass org/hibernate/metamodel/mapping/ModelPart
instanceKlass org/hibernate/event/internal/DefaultEvictEventListener
instanceKlass org/hibernate/event/internal/DefaultDeleteEventListener
instanceKlass org/hibernate/action/internal/EntityAction
instanceKlass org/hibernate/action/spi/AfterTransactionCompletionProcess
instanceKlass org/hibernate/action/spi/Executable
instanceKlass org/hibernate/event/internal/AbstractReassociateEventListener
instanceKlass org/hibernate/jpa/event/spi/CallbackRegistryConsumer
instanceKlass org/hibernate/event/service/internal/EventListenerGroupImpl$$Lambda$437
instanceKlass org/hibernate/event/service/internal/EventListenerGroupImpl$1
instanceKlass org/hibernate/event/service/spi/DuplicationStrategy
instanceKlass org/hibernate/event/service/internal/EventListenerRegistryImpl$Builder$$Lambda$436
instanceKlass org/hibernate/event/spi/AbstractEvent
instanceKlass org/hibernate/engine/spi/SessionImplementor
instanceKlass org/hibernate/event/internal/AbstractFlushingEventListener
instanceKlass org/hibernate/event/service/spi/JpaBootstrapSensitive
instanceKlass org/hibernate/event/spi/EventType$$Lambda$435
instanceKlass org/hibernate/event/spi/PostCollectionUpdateEventListener
instanceKlass org/hibernate/event/spi/PostCollectionRemoveEventListener
instanceKlass org/hibernate/event/spi/PostCollectionRecreateEventListener
instanceKlass org/hibernate/event/spi/PreCollectionUpdateEventListener
instanceKlass org/hibernate/event/spi/PreCollectionRemoveEventListener
instanceKlass org/hibernate/event/spi/PreCollectionRecreateEventListener
instanceKlass org/hibernate/event/spi/PostLoadEventListener
instanceKlass org/hibernate/event/spi/PreInsertEventListener
instanceKlass org/hibernate/event/spi/PreUpdateEventListener
instanceKlass org/hibernate/event/spi/PreDeleteEventListener
instanceKlass org/hibernate/event/spi/PreLoadEventListener
instanceKlass org/hibernate/event/spi/RefreshEventListener
instanceKlass org/hibernate/event/spi/LockEventListener
instanceKlass org/hibernate/event/spi/EvictEventListener
instanceKlass org/hibernate/event/spi/ClearEventListener
instanceKlass org/hibernate/event/spi/FlushEntityEventListener
instanceKlass org/hibernate/event/spi/DirtyCheckEventListener
instanceKlass org/hibernate/event/spi/AutoFlushEventListener
instanceKlass org/hibernate/event/spi/FlushEventListener
instanceKlass org/hibernate/event/spi/ReplicateEventListener
instanceKlass org/hibernate/event/spi/DeleteEventListener
instanceKlass org/hibernate/event/spi/MergeEventListener
instanceKlass org/hibernate/event/spi/PersistEventListener
instanceKlass org/hibernate/event/spi/SaveOrUpdateEventListener
instanceKlass org/hibernate/event/spi/InitializeCollectionEventListener
instanceKlass org/hibernate/event/spi/ResolveNaturalIdEventListener
instanceKlass org/hibernate/event/spi/LoadEventListener
instanceKlass org/hibernate/event/service/internal/EventListenerRegistryImpl$Builder$$Lambda$434
instanceKlass org/hibernate/event/spi/EventType
instanceKlass org/hibernate/event/service/internal/EventListenerRegistryImpl
instanceKlass org/hibernate/event/service/internal/EventListenerGroupImpl
instanceKlass org/hibernate/event/service/spi/EventListenerGroup
instanceKlass org/hibernate/event/service/internal/EventListenerRegistryImpl$Builder
instanceKlass org/hibernate/jpa/event/internal/CallbackRegistryImpl
instanceKlass org/hibernate/event/service/spi/EventListenerRegistry
instanceKlass org/hibernate/jpa/event/internal/CallbackRegistryImplementor
instanceKlass org/hibernate/jpa/event/spi/CallbackRegistrar
instanceKlass org/hibernate/jpa/event/spi/CallbackRegistry
instanceKlass org/hibernate/jpa/event/internal/CallbacksFactory
instanceKlass org/hibernate/event/spi/EventEngineContributions
instanceKlass org/hibernate/event/spi/EventEngine
instanceKlass org/hibernate/service/spi/SessionFactoryServiceInitiatorContext
instanceKlass org/hibernate/service/spi/SessionFactoryServiceContributor
instanceKlass org/hibernate/engine/query/spi/NativeQueryInterpreter
instanceKlass org/hibernate/engine/query/spi/NativeQueryInterpreterInitiator
instanceKlass org/hibernate/cache/spi/CacheImplementor
instanceKlass org/hibernate/engine/spi/CacheInitiator
instanceKlass org/hibernate/stat/spi/StatisticsImplementor
instanceKlass org/hibernate/stat/internal/StatisticsInitiator
instanceKlass org/hibernate/service/spi/SessionFactoryServiceInitiator
instanceKlass org/hibernate/service/internal/StandardSessionFactoryServiceInitiators
instanceKlass org/hibernate/service/internal/SessionFactoryServiceRegistryBuilderImpl
instanceKlass org/hibernate/service/spi/SessionFactoryServiceRegistry
instanceKlass org/hibernate/service/spi/SessionFactoryServiceRegistryBuilder
instanceKlass org/hibernate/service/internal/SessionFactoryServiceRegistryFactoryImpl
instanceKlass org/hibernate/internal/SessionFactoryObserverChain
instanceKlass org/hibernate/jpa/internal/JpaComplianceImpl
instanceKlass org/hibernate/jpa/internal/JpaComplianceImpl$JpaComplianceBuilder
instanceKlass org/hibernate/StatelessSessionBuilder
instanceKlass org/hibernate/engine/spi/SessionBuilderImplementor
instanceKlass org/hibernate/context/spi/CurrentSessionContext
instanceKlass javax/naming/RefAddr
instanceKlass org/hibernate/EntityNameResolver
instanceKlass org/hibernate/metamodel/spi/RuntimeMetamodelsImplementor
instanceKlass org/hibernate/metamodel/RuntimeMetamodels
instanceKlass jakarta/persistence/PersistenceUnitUtil
instanceKlass jakarta/persistence/PersistenceUtil
instanceKlass jakarta/persistence/metamodel/Metamodel
instanceKlass org/hibernate/stat/Statistics
instanceKlass org/hibernate/SessionBuilder
instanceKlass org/hibernate/Cache
instanceKlass org/hibernate/query/sqm/NodeBuilder
instanceKlass org/hibernate/query/criteria/HibernateCriteriaBuilder
instanceKlass jakarta/persistence/criteria/CriteriaBuilder
instanceKlass jakarta/persistence/Cache
instanceKlass org/hibernate/internal/SessionFactoryImpl
instanceKlass org/hibernate/bytecode/internal/SessionFactoryObserverForBytecodeEnhancer
instanceKlass org/hibernate/bytecode/enhance/spi/EnhancementContext
instanceKlass org/hibernate/boot/spi/SessionFactoryBuilderFactory
instanceKlass org/hibernate/resource/transaction/spi/TransactionCoordinatorOwner
instanceKlass org/hibernate/tool/schema/internal/exec/JdbcContext
instanceKlass org/hibernate/resource/transaction/spi/TransactionCoordinator
instanceKlass org/hibernate/resource/transaction/spi/DdlTransactionIsolator
instanceKlass org/hibernate/boot/internal/SessionFactoryOptionsBuilder$$Lambda$433
instanceKlass org/hibernate/context/spi/CurrentTenantIdentifierResolver
instanceKlass org/hibernate/boot/internal/StandardEntityNotFoundDelegate
instanceKlass org/hibernate/boot/internal/DefaultCustomEntityDirtinessStrategy
instanceKlass org/hibernate/CustomEntityDirtinessStrategy
instanceKlass org/hibernate/SessionEventListener
instanceKlass org/hibernate/cfg/BaselineSessionEventsListenerBuilder
instanceKlass org/hibernate/resource/jdbc/spi/StatementInspector
instanceKlass org/hibernate/type/jaxb/JaxbXmlFormatMapper$JAXBElementTransformer
instanceKlass org/hibernate/boot/internal/SessionFactoryOptionsBuilder$$Lambda$432
instanceKlass org/hibernate/type/jakartajson/JakartaJsonIntegration
instanceKlass org/hibernate/type/jackson/JacksonIntegration
instanceKlass org/hibernate/boot/internal/SessionFactoryOptionsBuilder$$Lambda$431
instanceKlass org/hibernate/boot/internal/SessionFactoryOptionsBuilder$$Lambda$430
instanceKlass org/hibernate/boot/internal/SessionFactoryOptionsBuilder$$Lambda$429
instanceKlass org/hibernate/proxy/EntityNotFoundDelegate
instanceKlass org/hibernate/boot/internal/SessionFactoryOptionsBuilder
instanceKlass org/hibernate/boot/internal/SessionFactoryBuilderImpl
instanceKlass org/hibernate/boot/spi/SessionFactoryBuilderImplementor
instanceKlass org/hibernate/boot/internal/DefaultSessionFactoryBuilderService
instanceKlass org/hibernate/query/named/NamedObjectRepository
instanceKlass org/hibernate/boot/SessionFactoryBuilder
instanceKlass org/hibernate/boot/internal/MetadataImpl
instanceKlass org/hibernate/id/insert/InsertGeneratedIdentifierDelegate
instanceKlass java/util/AbstractList$RandomAccessSpliterator
instanceKlass org/hibernate/boot/jaxb/internal/MappingBinder$$Lambda$428
instanceKlass org/hibernate/boot/jaxb/internal/MappingBinder$$Lambda$427
instanceKlass org/hibernate/boot/model/process/spi/MetadataBuildingProcess$2
instanceKlass org/hibernate/boot/spi/AdditionalJaxbMappingProducer
instanceKlass org/hibernate/type/BasicTypeRegistry$$Lambda$426
instanceKlass org/hibernate/type/BasicTypeRegistry$$Lambda$425
instanceKlass org/hibernate/mapping/SimpleValue$ParameterTypeImpl
instanceKlass org/hibernate/boot/model/process/internal/InferredBasicValueResolution
instanceKlass org/hibernate/usertype/UserType
instanceKlass org/hibernate/metamodel/model/convert/spi/EnumValueConverter
instanceKlass org/hibernate/boot/model/process/internal/InferredBasicValueResolver
instanceKlass org/hibernate/mapping/BasicValue$$Lambda$424
instanceKlass org/hibernate/annotations/JdbcTypeCode
instanceKlass org/hibernate/annotations/JdbcType
instanceKlass org/hibernate/annotations/JavaType
instanceKlass org/hibernate/boot/internal/InFlightMetadataCollectorImpl$$Lambda$423
instanceKlass org/hibernate/boot/model/naming/NamingHelper$1
instanceKlass org/hibernate/boot/model/naming/NamingHelper
instanceKlass org/hibernate/boot/internal/InFlightMetadataCollectorImpl$1
instanceKlass org/hibernate/annotations/WhereJoinTable
instanceKlass org/hibernate/annotations/FilterJoinTables
instanceKlass org/hibernate/annotations/FilterJoinTable
instanceKlass org/hibernate/mapping/OneToMany
instanceKlass org/hibernate/internal/util/collections/JoinedList$$Lambda$422
instanceKlass org/hibernate/internal/util/collections/JoinedList$$Lambda$421
instanceKlass org/hibernate/internal/util/collections/JoinedList$$Lambda$420
instanceKlass org/hibernate/mapping/Constraint
instanceKlass org/hibernate/mapping/Table$ForeignKeyKey
instanceKlass org/hibernate/engine/jdbc/Size
instanceKlass org/hibernate/mapping/MappingHelper
instanceKlass org/hibernate/boot/internal/InFlightMetadataCollectorImpl$$Lambda$419
instanceKlass org/hibernate/id/CompositeNestedGeneratedValueGenerator$GenerationPlan
instanceKlass org/hibernate/id/CompositeNestedGeneratedValueGenerator$GenerationContextLocator
instanceKlass org/hibernate/type/SerializableToBlobType
instanceKlass org/hibernate/usertype/DynamicParameterizedType
instanceKlass org/hibernate/usertype/ParameterizedType
instanceKlass org/hibernate/boot/spi/MetadataContributor
instanceKlass org/hibernate/cfg/CollectionSecondPass
instanceKlass org/hibernate/annotations/LazyCollection
instanceKlass org/hibernate/type/AbstractType
instanceKlass org/hibernate/type/AssociationType
instanceKlass jakarta/persistence/CollectionTable
instanceKlass jakarta/persistence/MapKeyJoinColumn
instanceKlass jakarta/persistence/MapKeyJoinColumns
instanceKlass jakarta/persistence/MapKeyColumn
instanceKlass org/hibernate/cfg/WrappedInferredData
instanceKlass org/hibernate/annotations/SortComparator
instanceKlass org/hibernate/annotations/SortNatural
instanceKlass org/hibernate/cfg/annotations/CollectionBinder$2
instanceKlass org/hibernate/annotations/OrderBy
instanceKlass jakarta/persistence/OrderBy
instanceKlass org/hibernate/annotations/ListIndexJavaType
instanceKlass org/hibernate/annotations/ListIndexJdbcTypeCode
instanceKlass org/hibernate/annotations/ListIndexJdbcType
instanceKlass org/hibernate/annotations/CollectionIdJavaType
instanceKlass org/hibernate/annotations/CollectionIdJdbcTypeCode
instanceKlass org/hibernate/annotations/CollectionIdJdbcType
instanceKlass org/hibernate/annotations/CollectionId
instanceKlass org/hibernate/annotations/Bag
instanceKlass org/hibernate/annotations/CollectionType
instanceKlass org/hibernate/annotations/MapKeyType
instanceKlass jakarta/persistence/MapKey
instanceKlass org/hibernate/annotations/MapKeyMutability
instanceKlass org/hibernate/annotations/MapKeyJdbcTypeCode
instanceKlass org/hibernate/annotations/MapKeyJdbcType
instanceKlass org/hibernate/annotations/MapKeyJavaType
instanceKlass org/hibernate/annotations/ListIndexBase
instanceKlass org/hibernate/annotations/IndexColumn
instanceKlass jakarta/persistence/OrderColumn
instanceKlass org/hibernate/cfg/annotations/CollectionBinder
instanceKlass org/hibernate/annotations/common/reflection/java/generics/SimpleTypeEnvironment
instanceKlass org/hibernate/tuple/UpdateTimestampGeneration
instanceKlass org/hibernate/annotations/Generated
instanceKlass org/hibernate/tuple/TimestampGenerators$$Lambda$418
instanceKlass org/hibernate/tuple/TimestampGenerators$$Lambda$417
instanceKlass java/time/YearMonth
instanceKlass org/hibernate/tuple/TimestampGenerators$$Lambda$416
instanceKlass org/hibernate/tuple/TimestampGenerators$$Lambda$415
instanceKlass org/hibernate/tuple/TimestampGenerators$$Lambda$414
instanceKlass org/hibernate/tuple/TimestampGenerators$$Lambda$413
instanceKlass java/time/MonthDay
instanceKlass org/hibernate/tuple/TimestampGenerators$$Lambda$412
instanceKlass org/hibernate/tuple/TimestampGenerators$$Lambda$411
instanceKlass org/hibernate/tuple/TimestampGenerators$$Lambda$410
instanceKlass org/hibernate/tuple/TimestampGenerators$$Lambda$409
instanceKlass org/hibernate/tuple/TimestampGenerators$$Lambda$408
instanceKlass org/hibernate/tuple/TimestampGenerators$$Lambda$407
instanceKlass org/hibernate/tuple/TimestampGenerators$$Lambda$406
instanceKlass org/hibernate/tuple/TimestampGenerators$$Lambda$405
instanceKlass org/hibernate/tuple/TimestampGenerators$$Lambda$404
instanceKlass org/hibernate/tuple/ValueGenerator
instanceKlass org/hibernate/Session
instanceKlass jakarta/persistence/EntityManager
instanceKlass org/hibernate/tuple/TimestampGenerators
instanceKlass org/hibernate/tuple/CreationTimestampGeneration
instanceKlass org/hibernate/tuple/AnnotationValueGeneration
instanceKlass org/hibernate/mapping/MappedSuperclass
instanceKlass org/hibernate/annotations/UpdateTimestamp
instanceKlass org/hibernate/annotations/CreationTimestamp
instanceKlass org/hibernate/query/sqm/spi/NamedSqmQueryMemento
instanceKlass org/hibernate/query/named/NamedQueryMemento
instanceKlass org/hibernate/boot/spi/AbstractNamedQueryDefinition
instanceKlass org/hibernate/internal/util/LockModeConverter$1
instanceKlass org/hibernate/internal/util/LockModeConverter
instanceKlass org/hibernate/LockOptions
instanceKlass org/hibernate/boot/query/AbstractNamedQueryBuilder
instanceKlass org/hibernate/cfg/annotations/QueryHintDefinition
instanceKlass org/hibernate/annotations/FetchProfiles
instanceKlass org/hibernate/annotations/FetchProfile
instanceKlass org/hibernate/boot/model/source/internal/ImplicitColumnNamingSecondPass
instanceKlass org/hibernate/cfg/annotations/EntityBinder$$Lambda$403
instanceKlass jakarta/persistence/ExcludeDefaultListeners
instanceKlass jakarta/persistence/ExcludeSuperclassListeners
instanceKlass org/hibernate/jpa/event/spi/CallbackDefinition
instanceKlass org/hibernate/jpa/event/internal/CallbackDefinitionResolverLegacyImpl
instanceKlass jakarta/persistence/PostLoad
instanceKlass jakarta/persistence/PostRemove
instanceKlass jakarta/persistence/PreRemove
instanceKlass jakarta/persistence/PostPersist
instanceKlass jakarta/persistence/PrePersist
instanceKlass jakarta/persistence/PostUpdate
instanceKlass jakarta/persistence/PreUpdate
instanceKlass org/hibernate/annotations/Tables
instanceKlass org/hibernate/annotations/Table
instanceKlass org/hibernate/boot/internal/InFlightMetadataCollectorImpl$$Lambda$402
instanceKlass org/hibernate/annotations/ForeignKey
instanceKlass org/hibernate/annotations/Fetch
instanceKlass org/hibernate/annotations/LazyToOne
instanceKlass org/hibernate/cfg/ToOneBinder
instanceKlass java/util/RegularEnumSet$EnumSetIterator
instanceKlass jakarta/persistence/JoinTable
instanceKlass org/hibernate/annotations/NotFound
instanceKlass org/hibernate/annotations/Cascade
instanceKlass org/hibernate/boot/model/naming/ImplicitPrimaryKeyJoinColumnNameSource
instanceKlass org/hibernate/boot/model/naming/ImplicitJoinColumnNameSource
instanceKlass org/hibernate/annotations/Index
instanceKlass org/hibernate/mapping/Formula
instanceKlass org/hibernate/boot/internal/IdGeneratorInterpreterImpl$1
instanceKlass org/hibernate/cfg/AnnotationBinder$2
instanceKlass org/hibernate/annotations/IdGeneratorType
instanceKlass org/hibernate/annotations/AttributeBinderType
instanceKlass org/hibernate/annotations/OptimisticLock
instanceKlass org/hibernate/cfg/annotations/PropertyBinder$NoValueGeneration
instanceKlass org/hibernate/annotations/ValueGenerationType
instanceKlass org/hibernate/annotations/NaturalId
instanceKlass org/hibernate/engine/spi/CascadeStyle
instanceKlass org/hibernate/boot/internal/InFlightMetadataCollectorImpl$TableColumnNameBinding
instanceKlass org/hibernate/cfg/AnnotatedColumn$2
instanceKlass org/hibernate/mapping/BasicValue$$Lambda$401
instanceKlass java/lang/invoke/LambdaForm$DMH
instanceKlass org/hibernate/mapping/BasicValue$Resolution
instanceKlass org/hibernate/usertype/DynamicParameterizedType$ParameterType
instanceKlass org/hibernate/boot/model/convert/spi/JpaAttributeConverterCreationContext
instanceKlass org/hibernate/id/factory/spi/CustomIdGeneratorCreationContext
instanceKlass org/hibernate/cfg/annotations/BasicValueBinder$$Lambda$400
instanceKlass org/hibernate/cfg/annotations/BasicValueBinder$$Lambda$399
instanceKlass org/hibernate/cfg/annotations/BasicValueBinder$$Lambda$398
instanceKlass jakarta/persistence/Enumerated
instanceKlass jakarta/persistence/Temporal
instanceKlass org/hibernate/cfg/annotations/BasicValueBinder$$Lambda$397
instanceKlass java/util/regex/Pattern$BmpCharPredicate$$Lambda$396
instanceKlass java/util/regex/CharPredicates$$Lambda$395
instanceKlass org/hibernate/internal/util/ReflectHelper
instanceKlass org/hibernate/cfg/annotations/BasicValueBinder$1
instanceKlass org/hibernate/cfg/annotations/HCANNHelper
instanceKlass org/hibernate/annotations/Type
instanceKlass org/hibernate/annotations/Nationalized
instanceKlass jakarta/persistence/Lob
instanceKlass org/hibernate/boot/model/convert/internal/AttributeConverterManager$$Lambda$394
instanceKlass org/hibernate/boot/model/convert/spi/AutoApplicableConverterDescriptor
instanceKlass org/hibernate/cfg/annotations/BasicValueBinder$ListIndexMappingAccess
instanceKlass org/hibernate/cfg/annotations/BasicValueBinder$CollectionIdMappingAccess
instanceKlass org/hibernate/cfg/annotations/BasicValueBinder$MapKeyMappingAccess
instanceKlass org/hibernate/cfg/annotations/BasicValueBinder$AnyKeyMappingAccess
instanceKlass org/hibernate/annotations/Parameter
instanceKlass org/hibernate/cfg/annotations/BasicValueBinder$AnyDiscriminatorMappingAccess
instanceKlass org/hibernate/cfg/annotations/BasicValueBinder$ValueMappingAccess
instanceKlass org/hibernate/cfg/annotations/BasicValueBinder$BasicMappingAccess
instanceKlass org/hibernate/cfg/annotations/BasicValueBinder
instanceKlass jakarta/persistence/Basic
instanceKlass org/hibernate/annotations/CompositeType
instanceKlass jakarta/persistence/Embedded
instanceKlass org/hibernate/annotations/ManyToAny
instanceKlass jakarta/persistence/Version
instanceKlass org/hibernate/annotations/LazyGroup
instanceKlass org/hibernate/cfg/annotations/PropertyBinder
instanceKlass org/hibernate/boot/model/source/spi/AbstractAttributeKey
instanceKlass org/hibernate/cfg/AnnotatedColumn$1
instanceKlass org/hibernate/annotations/GeneratedColumn
instanceKlass org/hibernate/annotations/ColumnDefault
instanceKlass jakarta/persistence/ManyToMany
instanceKlass org/hibernate/annotations/Any
instanceKlass jakarta/persistence/ElementCollection
instanceKlass jakarta/persistence/OneToMany
instanceKlass org/hibernate/annotations/Columns
instanceKlass org/hibernate/annotations/Formula
instanceKlass org/hibernate/annotations/JoinFormula
instanceKlass org/hibernate/annotations/JoinColumnsOrFormulas
instanceKlass org/hibernate/annotations/JoinColumnOrFormula
instanceKlass jakarta/persistence/JoinColumns
instanceKlass org/hibernate/cfg/ColumnsBuilder
instanceKlass org/hibernate/annotations/Target
instanceKlass org/hibernate/annotations/Parent
instanceKlass jakarta/persistence/IdClass
instanceKlass org/hibernate/cfg/InheritanceState$ElementsToProcess
instanceKlass jakarta/persistence/OneToOne
instanceKlass jakarta/persistence/MapsId
instanceKlass org/hibernate/cfg/PropertyInferredData
instanceKlass jakarta/persistence/ForeignKey
instanceKlass jakarta/persistence/JoinColumn
instanceKlass jakarta/persistence/ManyToOne
instanceKlass jakarta/persistence/Transient
instanceKlass org/hibernate/cfg/PropertyContainer
instanceKlass jakarta/persistence/GeneratedValue
instanceKlass jakarta/persistence/Id
instanceKlass jakarta/persistence/EmbeddedId
instanceKlass org/hibernate/annotations/common/reflection/java/generics/ApproximatingTypeEnvironment
instanceKlass org/hibernate/annotations/common/reflection/java/generics/TypeUtils
instanceKlass org/hibernate/annotations/common/reflection/ReflectionUtil
instanceKlass org/hibernate/annotations/common/reflection/XClass$1
instanceKlass jakarta/persistence/Access
instanceKlass org/hibernate/annotations/OnDelete
instanceKlass jakarta/persistence/SecondaryTables
instanceKlass jakarta/persistence/SecondaryTable
instanceKlass jakarta/persistence/Converts
instanceKlass jakarta/persistence/Convert
instanceKlass jakarta/persistence/AssociationOverrides
instanceKlass jakarta/persistence/AssociationOverride
instanceKlass org/hibernate/annotations/ColumnTransformers
instanceKlass org/hibernate/annotations/ColumnTransformer
instanceKlass org/hibernate/annotations/TimeZoneStorage
instanceKlass jakarta/persistence/AttributeOverrides
instanceKlass jakarta/persistence/AttributeOverride
instanceKlass jakarta/persistence/Column
instanceKlass org/hibernate/cfg/AbstractPropertyHolder
instanceKlass org/hibernate/cfg/PropertyHolder
instanceKlass org/hibernate/cfg/PropertyHolderBuilder
instanceKlass org/hibernate/boot/internal/InFlightMetadataCollectorImpl$EntityTableXrefImpl
instanceKlass org/hibernate/annotations/Comment
instanceKlass org/hibernate/annotations/RowId
instanceKlass java/lang/invoke/LambdaForm$MH
instanceKlass java/lang/invoke/LambdaForm$DMH
instanceKlass java/lang/invoke/LambdaForm$DMH
instanceKlass org/hibernate/boot/internal/InFlightMetadataCollectorImpl$$Lambda$393
instanceKlass java/lang/invoke/LambdaForm$DMH
instanceKlass org/hibernate/boot/model/naming/ImplicitJoinTableNameSource
instanceKlass org/hibernate/boot/model/naming/ImplicitCollectionTableNameSource
instanceKlass org/hibernate/cfg/ObjectNameSource
instanceKlass org/hibernate/cfg/annotations/TableBinder
instanceKlass org/hibernate/cfg/annotations/EntityBinder$EntityTableNamingStrategyHelper$1$1
instanceKlass org/hibernate/boot/model/naming/EntityNaming
instanceKlass org/hibernate/cfg/annotations/EntityBinder$EntityTableNamingStrategyHelper$1
instanceKlass org/hibernate/cfg/annotations/EntityBinder$EntityTableNamingStrategyHelper
instanceKlass org/hibernate/boot/model/naming/NamingStrategyHelper
instanceKlass org/hibernate/annotations/Check
instanceKlass jakarta/persistence/NamedEntityGraphs
instanceKlass jakarta/persistence/NamedEntityGraph
instanceKlass org/hibernate/annotations/Synchronize
instanceKlass org/hibernate/annotations/Subselect
instanceKlass org/hibernate/annotations/Loader
instanceKlass org/hibernate/annotations/SQLDeleteAll
instanceKlass org/hibernate/annotations/SQLDelete
instanceKlass org/hibernate/annotations/SQLUpdate
instanceKlass org/hibernate/annotations/SQLInsert
instanceKlass org/hibernate/annotations/Persister
instanceKlass org/hibernate/annotations/Immutable
instanceKlass jakarta/persistence/Embeddable
instanceKlass org/hibernate/annotations/Filter
instanceKlass org/hibernate/annotations/Filters
instanceKlass org/hibernate/annotations/NaturalIdCache
instanceKlass org/hibernate/cfg/annotations/EntityBinder$LocalCacheAnnotationStub
instanceKlass jakarta/persistence/Cacheable
instanceKlass org/hibernate/annotations/Where
instanceKlass org/hibernate/annotations/BatchSize
instanceKlass org/hibernate/annotations/Proxy
instanceKlass org/hibernate/annotations/DiscriminatorOptions
instanceKlass jakarta/persistence/DiscriminatorValue
instanceKlass org/hibernate/mapping/Column
instanceKlass org/hibernate/tool/schema/extract/spi/ColumnTypeInformation
instanceKlass org/hibernate/mapping/Selectable
instanceKlass org/hibernate/cfg/AnnotatedDiscriminatorColumn$1
instanceKlass org/hibernate/annotations/DiscriminatorFormula
instanceKlass jakarta/persistence/DiscriminatorColumn
instanceKlass org/hibernate/cfg/annotations/EntityBinder$1
instanceKlass jakarta/persistence/PrimaryKeyJoinColumn
instanceKlass jakarta/persistence/PrimaryKeyJoinColumns
instanceKlass org/hibernate/annotations/Polymorphism
instanceKlass org/hibernate/annotations/OptimisticLocking
instanceKlass org/hibernate/annotations/SelectBeforeUpdate
instanceKlass org/hibernate/annotations/DynamicUpdate
instanceKlass org/hibernate/annotations/DynamicInsert
instanceKlass org/hibernate/sql/Alias
instanceKlass org/hibernate/annotations/Cache
instanceKlass org/hibernate/cfg/annotations/EntityBinder
instanceKlass org/hibernate/annotations/DialectOverride$OverridesAnnotation
instanceKlass java/util/stream/StreamSpliterators$WrappingSpliterator$$Lambda$392
instanceKlass java/util/function/BooleanSupplier
instanceKlass java/util/stream/StreamSpliterators$WrappingSpliterator$$Lambda$391
instanceKlass java/util/stream/AbstractSpinedBuffer
instanceKlass org/hibernate/cfg/BinderHelper$$Lambda$390
instanceKlass org/hibernate/cfg/BinderHelper
instanceKlass org/hibernate/annotations/FilterDefs
instanceKlass org/hibernate/annotations/FilterDef
instanceKlass org/hibernate/annotations/NamedNativeQueries
instanceKlass org/hibernate/annotations/NamedNativeQuery
instanceKlass org/hibernate/annotations/NamedQueries
instanceKlass org/hibernate/annotations/NamedQuery
instanceKlass jakarta/persistence/NamedNativeQueries
instanceKlass jakarta/persistence/NamedQueries
instanceKlass jakarta/persistence/SqlResultSetMappings
instanceKlass org/hibernate/cfg/SecondaryTableFromAnnotationSecondPass
instanceKlass org/hibernate/cfg/SecondaryTableSecondPass
instanceKlass org/hibernate/cfg/CreateKeySecondPass
instanceKlass org/hibernate/cfg/SetBasicValueTypeSecondPass
instanceKlass org/hibernate/cfg/IdGeneratorResolverSecondPass
instanceKlass org/hibernate/boot/query/NamedResultSetMappingDescriptor
instanceKlass org/hibernate/cfg/annotations/ResultsetMappingSecondPass
instanceKlass org/hibernate/cfg/QuerySecondPass
instanceKlass org/hibernate/query/sql/spi/ParameterRecognizer
instanceKlass org/hibernate/boot/query/NamedHqlQueryDefinition
instanceKlass org/hibernate/cfg/annotations/QueryBinder
instanceKlass org/hibernate/annotations/ConverterRegistrations
instanceKlass org/hibernate/annotations/ConverterRegistration
instanceKlass org/hibernate/annotations/CompositeTypeRegistrations
instanceKlass org/hibernate/annotations/CompositeTypeRegistration
instanceKlass org/hibernate/annotations/EmbeddableInstantiatorRegistrations
instanceKlass org/hibernate/annotations/EmbeddableInstantiatorRegistration
instanceKlass org/hibernate/annotations/CollectionTypeRegistrations
instanceKlass org/hibernate/annotations/CollectionTypeRegistration
instanceKlass org/hibernate/annotations/JdbcTypeRegistrations
instanceKlass org/hibernate/annotations/JdbcTypeRegistration
instanceKlass org/hibernate/annotations/JavaTypeRegistrations
instanceKlass org/hibernate/annotations/JavaTypeRegistration
instanceKlass org/hibernate/annotations/GenericGenerator
instanceKlass org/hibernate/cfg/AnnotationBinder$3
instanceKlass jakarta/persistence/Inheritance
instanceKlass org/hibernate/cfg/InheritanceState
instanceKlass org/hibernate/annotations/common/reflection/java/generics/CompoundTypeEnvironment
instanceKlass org/hibernate/annotations/common/reflection/java/generics/TypeEnvironmentFactory
instanceKlass jakarta/persistence/NamedStoredProcedureQueries
instanceKlass jakarta/persistence/NamedStoredProcedureQuery
instanceKlass jakarta/persistence/SqlResultSetMapping
instanceKlass jakarta/persistence/NamedNativeQuery
instanceKlass jakarta/persistence/SequenceGenerators
instanceKlass jakarta/persistence/TableGenerators
instanceKlass jakarta/persistence/TableGenerator
instanceKlass jakarta/persistence/SequenceGenerator
instanceKlass org/hibernate/property/access/spi/PropertyAccessStrategy
instanceKlass org/hibernate/boot/model/IdGeneratorStrategyInterpreter$GeneratorNameDeterminationContext
instanceKlass org/hibernate/cfg/FkSecondPass
instanceKlass org/hibernate/mapping/IdentifierGeneratorCreator
instanceKlass org/hibernate/cfg/AnnotatedColumn
instanceKlass org/hibernate/cfg/PropertyData
instanceKlass org/hibernate/cfg/AnnotationBinder
instanceKlass org/hibernate/boot/model/relational/Namespace$ComparableHelper
instanceKlass org/hibernate/boot/model/relational/Namespace
instanceKlass jakarta/persistence/EntityListeners
instanceKlass org/hibernate/cfg/annotations/reflection/internal/XMLContext$Default
instanceKlass org/hibernate/boot/model/source/internal/annotations/AnnotationMetadataSourceProcessorImpl$1
instanceKlass lk/karu/openbay/entity/Model
instanceKlass lk/karu/openbay/entity/Size
instanceKlass lk/karu/openbay/entity/Status
instanceKlass lk/karu/openbay/entity/ProductVariant
instanceKlass lk/karu/openbay/entity/VariantSize
instanceKlass lk/karu/openbay/entity/VariantImage
instanceKlass lk/karu/openbay/entity/Color
instanceKlass lk/karu/openbay/entity/City
instanceKlass lk/karu/openbay/entity/Category
instanceKlass jakarta/persistence/MappedSuperclass
instanceKlass java/lang/annotation/Repeatable
instanceKlass jakarta/persistence/QueryHint
instanceKlass jakarta/persistence/NamedQuery
instanceKlass jakarta/persistence/UniqueConstraint
instanceKlass jakarta/persistence/Index
instanceKlass jakarta/persistence/Table
instanceKlass lk/karu/openbay/entity/BaseEntity
instanceKlass jakarta/persistence/Entity
instanceKlass org/hibernate/annotations/common/reflection/java/JavaAnnotationReader
instanceKlass jakarta/persistence/Converter
instanceKlass org/hibernate/annotations/common/reflection/Filter
instanceKlass org/hibernate/annotations/common/reflection/java/TypeEnvironmentMap$ContextScope$$Lambda$389
instanceKlass org/hibernate/annotations/common/reflection/java/TypeEnvironmentMap$$Lambda$388
instanceKlass org/hibernate/annotations/common/reflection/java/generics/TypeSwitch
instanceKlass org/hibernate/annotations/common/reflection/java/generics/IdentityTypeEnvironment
instanceKlass lk/karu/openbay/entity/Address
instanceKlass org/hibernate/boot/model/source/internal/annotations/AnnotationMetadataSourceProcessorImpl$AttributeConverterManager
instanceKlass org/hibernate/boot/spi/JpaOrmXmlPersistenceUnitDefaultAware$JpaOrmXmlPersistenceUnitDefaults
instanceKlass org/hibernate/cfg/annotations/reflection/AttributeConverterDefinitionCollector
instanceKlass org/hibernate/boot/model/source/internal/annotations/AnnotationMetadataSourceProcessorImpl
instanceKlass org/hibernate/boot/model/source/internal/hbm/RelationalObjectBinder
instanceKlass org/hibernate/tuple/ValueGeneration
instanceKlass org/hibernate/mapping/Property
instanceKlass org/hibernate/boot/model/naming/ImplicitAnyKeyColumnNameSource
instanceKlass org/hibernate/boot/model/naming/ImplicitAnyDiscriminatorColumnNameSource
instanceKlass org/hibernate/boot/model/source/spi/AnyMappingSource
instanceKlass org/hibernate/boot/model/naming/ImplicitMapKeyColumnNameSource
instanceKlass org/hibernate/boot/model/naming/ImplicitDiscriminatorColumnNameSource
instanceKlass org/hibernate/boot/model/naming/ImplicitIndexColumnNameSource
instanceKlass org/hibernate/boot/model/naming/ImplicitEntityNameSource
instanceKlass org/hibernate/boot/model/naming/ImplicitBasicColumnNameSource
instanceKlass org/hibernate/boot/model/source/internal/hbm/IndexedPluralAttributeSource
instanceKlass org/hibernate/boot/model/source/spi/PluralAttributeSource
instanceKlass org/hibernate/boot/model/source/spi/CascadeStyleSource
instanceKlass org/hibernate/boot/model/source/spi/FetchableAttributeSource
instanceKlass org/hibernate/mapping/Collection
instanceKlass org/hibernate/boot/model/source/spi/RelationalValueSourceContainer
instanceKlass org/hibernate/boot/model/source/spi/ColumnBindingDefaults
instanceKlass org/hibernate/boot/model/source/internal/hbm/RelationalObjectBinder$ColumnNamingDelegate
instanceKlass org/hibernate/boot/model/source/spi/HibernateTypeSource
instanceKlass org/hibernate/mapping/Resolvable
instanceKlass org/hibernate/mapping/SimpleValue
instanceKlass org/hibernate/mapping/SortableValue
instanceKlass org/hibernate/mapping/Fetchable
instanceKlass org/hibernate/boot/model/source/spi/AttributeSource
instanceKlass org/hibernate/boot/spi/NaturalIdUniqueKeyBinder
instanceKlass org/hibernate/boot/model/source/internal/hbm/HbmLocalMetadataBuildingContext
instanceKlass org/hibernate/boot/model/source/spi/LocalMetadataBuildingContext
instanceKlass org/hibernate/boot/model/source/spi/CompositeIdentifierSource
instanceKlass org/hibernate/boot/model/source/spi/EmbeddableSourceContributor
instanceKlass org/hibernate/boot/model/source/spi/IdentifierSource
instanceKlass org/hibernate/mapping/KeyValue
instanceKlass org/hibernate/mapping/Value
instanceKlass org/hibernate/mapping/TableOwner
instanceKlass org/hibernate/mapping/PersistentClass
instanceKlass org/hibernate/mapping/MetaAttributable
instanceKlass org/hibernate/mapping/Filterable
instanceKlass org/hibernate/mapping/AttributeContainer
instanceKlass org/hibernate/boot/model/naming/ImplicitIdentifierColumnNameSource
instanceKlass org/hibernate/boot/model/source/internal/hbm/ModelBinder
instanceKlass org/hibernate/boot/jaxb/hbm/spi/TableInformationContainer
instanceKlass org/hibernate/boot/jaxb/hbm/spi/SubEntityInfo
instanceKlass org/hibernate/boot/jaxb/hbm/spi/SecondaryTableContainer
instanceKlass org/hibernate/boot/jaxb/hbm/spi/Discriminatable
instanceKlass org/hibernate/boot/jaxb/hbm/spi/JaxbHbmToolingHintContainer
instanceKlass org/hibernate/boot/model/source/spi/JoinedSubclassEntitySource
instanceKlass org/hibernate/boot/model/source/spi/ForeignKeyContributingSource
instanceKlass org/hibernate/boot/model/source/spi/SubclassEntitySource
instanceKlass org/hibernate/boot/model/source/internal/hbm/AbstractHbmSourceNode
instanceKlass org/hibernate/boot/model/source/internal/hbm/Helper$InLineViewNameInferrer
instanceKlass org/hibernate/boot/model/source/spi/EntitySource
instanceKlass org/hibernate/boot/model/source/spi/EntityNamingSourceContributor
instanceKlass org/hibernate/boot/model/source/spi/IdentifiableTypeSource
instanceKlass org/hibernate/boot/model/source/spi/AttributeSourceContainer
instanceKlass org/hibernate/boot/model/source/spi/ToolingHintContextContainer
instanceKlass org/hibernate/boot/jaxb/hbm/spi/EntityInfo
instanceKlass org/hibernate/boot/jaxb/hbm/spi/ResultSetMappingContainer
instanceKlass org/hibernate/boot/jaxb/hbm/spi/ToolingHintContainer
instanceKlass org/hibernate/boot/model/source/internal/hbm/EntityHierarchyBuilder
instanceKlass org/hibernate/boot/model/source/internal/hbm/HbmMetadataSourceProcessorImpl
instanceKlass org/hibernate/boot/model/process/spi/MetadataBuildingProcess$1
instanceKlass org/hibernate/boot/model/process/spi/MetadataBuildingProcess$$Lambda$387
instanceKlass org/hibernate/boot/model/naming/ObjectNameNormalizer
instanceKlass org/hibernate/boot/internal/MetadataBuildingContextRootImpl
instanceKlass org/hibernate/type/AdjustableBasicType
instanceKlass org/hibernate/boot/model/process/spi/MetadataBuildingProcess$3
instanceKlass org/hibernate/type/descriptor/jdbc/XmlAsStringJdbcType
instanceKlass org/hibernate/type/descriptor/jdbc/JdbcTypeFamilyInformation
instanceKlass org/hibernate/internal/util/config/ConfigurationHelper$TypeCodeConverter
instanceKlass org/hibernate/boot/model/TypeContributor
instanceKlass org/hibernate/boot/model/TypeContributions$$Lambda$386
instanceKlass org/hibernate/type/BasicTypeRegistry$$Lambda$385
instanceKlass org/hibernate/type/descriptor/java/spi/JavaTypeRegistry$$Lambda$384
instanceKlass org/hibernate/type/descriptor/jdbc/NullJdbcType
instanceKlass org/hibernate/type/descriptor/jdbc/JsonJdbcType
instanceKlass org/hibernate/type/descriptor/jdbc/InstantAsTimestampJdbcType
instanceKlass org/hibernate/type/descriptor/jdbc/NClobJdbcType
instanceKlass org/hibernate/type/descriptor/jdbc/NVarcharJdbcType
instanceKlass org/hibernate/type/descriptor/sql/internal/CapacityDependentDdlType$TypeEntry
instanceKlass org/hibernate/type/descriptor/sql/internal/CapacityDependentDdlType$Builder
instanceKlass org/hibernate/type/SqlTypes
instanceKlass java/sql/Types
instanceKlass org/hibernate/type/descriptor/JdbcTypeNameMapper
instanceKlass org/hibernate/type/descriptor/sql/internal/DdlTypeImpl
instanceKlass org/hibernate/boot/model/process/spi/MetadataBuildingProcess$$Lambda$383
instanceKlass org/hibernate/boot/internal/InFlightMetadataCollectorImpl$$Lambda$382
instanceKlass org/hibernate/boot/model/relational/AuxiliaryDatabaseObject
instanceKlass org/hibernate/boot/model/relational/Namespace$Name
instanceKlass org/hibernate/engine/jdbc/spi/SqlStatementLogger
instanceKlass org/hibernate/sql/exec/spi/JdbcMutationExecutor
instanceKlass org/hibernate/sql/exec/spi/JdbcSelectExecutor
instanceKlass org/hibernate/engine/jdbc/internal/JdbcServicesImpl
instanceKlass com/mysql/cj/protocol/WatchableStream
instanceKlass com/mysql/cj/jdbc/Clob
instanceKlass com/mysql/cj/protocol/WriterWatcher
instanceKlass com/mysql/cj/protocol/OutputStreamWatcher
instanceKlass java/sql/ShardingKey
instanceKlass org/hibernate/engine/jdbc/LobCreator
instanceKlass org/hibernate/engine/jdbc/env/internal/LobCreatorBuilderImpl
instanceKlass org/hibernate/engine/jdbc/env/internal/QualifiedObjectNameFormatterStandardImpl$CatalogNameFormat
instanceKlass org/hibernate/engine/jdbc/env/internal/QualifiedObjectNameFormatterStandardImpl$1
instanceKlass org/hibernate/engine/jdbc/env/internal/QualifiedObjectNameFormatterStandardImpl$Format
instanceKlass org/hibernate/engine/jdbc/env/internal/QualifiedObjectNameFormatterStandardImpl
instanceKlass org/hibernate/boot/model/naming/Identifier
instanceKlass org/hibernate/tool/schema/extract/spi/ExtractionContext
instanceKlass org/hibernate/engine/jdbc/env/internal/ExtractedDatabaseMetaDataImpl
instanceKlass org/hibernate/engine/jdbc/env/internal/DefaultSchemaNameResolver$SchemaNameResolverJava17Delegate
instanceKlass com/mysql/cj/jdbc/ClientInfoProvider
instanceKlass java/sql/Struct
instanceKlass java/sql/Array
instanceKlass org/hibernate/engine/jdbc/env/internal/DefaultSchemaNameResolver
instanceKlass org/hibernate/engine/jdbc/cursor/internal/StandardRefCursorSupport
instanceKlass org/hibernate/engine/jdbc/env/internal/ExtractedDatabaseMetaDataImpl$Builder
instanceKlass org/hibernate/engine/jdbc/env/internal/NormalizingIdentifierHelperImpl
instanceKlass org/hibernate/engine/jdbc/env/spi/IdentifierHelper
instanceKlass org/hibernate/engine/jdbc/env/spi/IdentifierHelperBuilder
instanceKlass org/hibernate/engine/jdbc/spi/SqlExceptionHelper$WarningHandlerLoggingSupport
instanceKlass org/hibernate/engine/jdbc/spi/SqlExceptionHelper$$Lambda$381
instanceKlass org/hibernate/exception/internal/StandardSQLExceptionConverter
instanceKlass org/hibernate/engine/jdbc/spi/SqlExceptionHelper$WarningHandler
instanceKlass org/hibernate/engine/jdbc/spi/SqlExceptionHelper
instanceKlass org/hibernate/exception/spi/AbstractSQLExceptionConversionDelegate
instanceKlass org/hibernate/dialect/MySQLDialect$$Lambda$380
instanceKlass org/hibernate/sql/ast/tree/Statement
instanceKlass org/hibernate/sql/ast/SqlAstTranslator
instanceKlass org/hibernate/sql/ast/SqlAstWalker
instanceKlass org/hibernate/sql/ast/spi/StandardSqlAstTranslatorFactory
instanceKlass org/hibernate/engine/jdbc/env/spi/LobCreatorBuilder
instanceKlass org/hibernate/exception/spi/SQLExceptionConverter
instanceKlass org/hibernate/engine/jdbc/env/spi/QualifiedObjectNameFormatter
instanceKlass org/hibernate/engine/jdbc/env/spi/ExtractedDatabaseMetaData
instanceKlass org/hibernate/engine/jdbc/env/internal/JdbcEnvironmentImpl
instanceKlass java/util/regex/Pattern$1MatcherIterator
instanceKlass org/hibernate/boot/model/source/internal/hbm/CommaSeparatedStringHelper
instanceKlass org/hibernate/dialect/InnoDBStorageEngine
instanceKlass org/hibernate/dialect/MySQLStorageEngine
instanceKlass org/hibernate/engine/jdbc/env/spi/AnsiSqlKeywords
instanceKlass org/hibernate/dialect/Dialect$$Lambda$379
instanceKlass org/hibernate/loader/BatchLoadSizingStrategy
instanceKlass org/hibernate/dialect/temptable/StandardTemporaryTableExporter
instanceKlass org/hibernate/tool/schema/internal/StandardAuxiliaryDatabaseObjectExporter
instanceKlass org/hibernate/tool/schema/internal/StandardUniqueKeyExporter
instanceKlass org/hibernate/tool/schema/internal/StandardForeignKeyExporter
instanceKlass org/hibernate/tool/schema/internal/StandardIndexExporter
instanceKlass org/hibernate/tool/schema/internal/StandardSequenceExporter
instanceKlass org/hibernate/boot/model/relational/QualifiedName
instanceKlass org/hibernate/tool/schema/internal/StandardTableExporter
instanceKlass org/hibernate/dialect/Dialect$SizeStrategyImpl
instanceKlass org/hibernate/dialect/unique/DefaultUniqueDelegate
instanceKlass com/mysql/cj/result/DefaultValueFactory
instanceKlass com/mysql/cj/jdbc/EscapeProcessor
instanceKlass com/mysql/cj/QueryInfo
instanceKlass com/mysql/cj/CancelQueryTask
instanceKlass java/util/TimerTask
instanceKlass com/mysql/cj/AbstractQuery
instanceKlass org/hibernate/engine/jdbc/dialect/spi/DatabaseMetaDataDialectResolutionInfoAdapter
instanceKlass org/hibernate/dialect/MySQLServerConfiguration
instanceKlass org/hibernate/dialect/MySQLDialect$$Lambda$378
instanceKlass org/hibernate/exception/spi/TemplatedViolatedConstraintNameExtractor
instanceKlass org/hibernate/dialect/SimpleDatabaseVersion
instanceKlass org/hibernate/dialect/Dialect$$Lambda$377
instanceKlass org/hibernate/dialect/Dialect$3
instanceKlass org/hibernate/dialect/Dialect$2
instanceKlass org/hibernate/dialect/Dialect$1
instanceKlass org/hibernate/sql/ast/SqlAstTranslatorFactory
instanceKlass org/hibernate/dialect/pagination/LimitHandler
instanceKlass org/hibernate/exception/spi/ViolatedConstraintNameExtractor
instanceKlass org/hibernate/query/sqm/mutation/spi/SqmMultiTableInsertStrategy
instanceKlass org/hibernate/dialect/identity/IdentityColumnSupport
instanceKlass org/hibernate/query/sqm/function/SqmFunctionDescriptor
instanceKlass org/hibernate/tool/schema/extract/spi/SequenceInformationExtractor
instanceKlass org/hibernate/dialect/temptable/TemporaryTableExporter
instanceKlass org/hibernate/procedure/spi/CallableStatementSupport
instanceKlass org/hibernate/engine/jdbc/env/spi/SchemaNameResolver
instanceKlass org/hibernate/dialect/lock/LockingStrategy
instanceKlass org/hibernate/tool/schema/spi/Exporter
instanceKlass org/hibernate/dialect/LobMergeStrategy
instanceKlass org/hibernate/dialect/Dialect$SizeStrategy
instanceKlass org/hibernate/dialect/unique/UniqueDelegate
instanceKlass org/hibernate/engine/jdbc/dialect/internal/DialectFactoryImpl$$Lambda$376
instanceKlass org/hibernate/engine/jdbc/env/internal/JdbcEnvironmentInitiator$$Lambda$375
instanceKlass org/hibernate/engine/jdbc/connections/internal/DriverManagerConnectionProviderImpl$ValidationThreadFactory
instanceKlass org/hibernate/engine/jdbc/env/internal/JdbcEnvironmentInitiator$ConnectionProviderJdbcConnectionAccess
instanceKlass org/hibernate/engine/jdbc/connections/internal/DriverManagerConnectionProviderImpl$PoolState
instanceKlass com/mysql/cj/protocol/NetworkResources
instanceKlass com/mysql/cj/jdbc/ConnectionImpl$$Lambda$374
instanceKlass com/mysql/cj/jdbc/ConnectionImpl$$Lambda$373
instanceKlass com/mysql/cj/jdbc/ConnectionImpl$$Lambda$372
instanceKlass java/sql/ResultSetMetaData
instanceKlass com/mysql/cj/NativeQueryAttributesBindings$$Lambda$371
instanceKlass com/mysql/cj/protocol/a/NativeMessageBuilder$$Lambda$370
instanceKlass java/lang/invoke/LambdaForm$DMH
instanceKlass com/mysql/cj/NativeQueryAttributesBindings$$Lambda$369
instanceKlass com/mysql/cj/NativeQueryAttributesBindings
instanceKlass com/mysql/cj/NativeCharsetSettings$$Lambda$368
instanceKlass com/mysql/cj/LicenseConfiguration
instanceKlass com/mysql/cj/protocol/InternalDate
instanceKlass com/mysql/cj/result/StringValueFactory
instanceKlass com/mysql/cj/protocol/a/result/AbstractResultsetRows
instanceKlass com/mysql/cj/protocol/result/AbstractResultsetRow
instanceKlass com/mysql/cj/result/DefaultColumnDefinition$1
instanceKlass com/mysql/cj/protocol/a/MysqlTextValueDecoder
instanceKlass com/mysql/cj/protocol/ValueDecoder
instanceKlass com/mysql/cj/protocol/a/AbstractRowFactory
instanceKlass com/mysql/cj/result/DefaultColumnDefinition
instanceKlass com/mysql/cj/result/Field$1
instanceKlass com/mysql/cj/protocol/a/ColumnDefinitionReader$1
instanceKlass com/mysql/cj/util/LazyString
instanceKlass com/mysql/cj/result/Field
instanceKlass com/mysql/cj/protocol/a/ColumnDefinitionFactory
instanceKlass com/mysql/cj/protocol/a/ResultsetFactory
instanceKlass com/mysql/cj/protocol/a/NativeMessageBuilder$$Lambda$367
instanceKlass java/sql/SQLType
instanceKlass com/mysql/cj/NativeQueryBindValue
instanceKlass com/mysql/cj/BindValue
instanceKlass com/mysql/cj/QueryAttributesBindings
instanceKlass com/mysql/cj/protocol/a/NativeMessageBuilder
instanceKlass com/mysql/cj/protocol/a/MultiPacketReader
instanceKlass com/mysql/cj/protocol/a/TimeTrackingPacketReader
instanceKlass com/mysql/cj/protocol/a/TimeTrackingPacketSender
instanceKlass com/mysql/cj/protocol/a/NativeServerSessionStateController$NativeServerSessionStateChanges
instanceKlass com/mysql/cj/protocol/a/result/OkPacket
instanceKlass com/mysql/cj/protocol/a/NativeUtils
instanceKlass com/mysql/cj/protocol/a/PacketSplitter
instanceKlass com/mysql/cj/protocol/Security
instanceKlass com/mysql/cj/protocol/a/authentication/AuthenticationWebAuthnClient
instanceKlass com/mysql/cj/protocol/a/authentication/AuthenticationOciClient
instanceKlass com/mysql/cj/protocol/a/authentication/AuthenticationKerberosClient$$Lambda$366
instanceKlass com/mysql/cj/protocol/a/authentication/AuthenticationKerberosClient
instanceKlass com/mysql/cj/protocol/a/authentication/AuthenticationLdapSaslClientPlugin$$Lambda$365
instanceKlass sun/invoke/util/VerifyAccess$1
instanceKlass javax/security/auth/callback/Callback
instanceKlass javax/security/auth/login/Configuration
instanceKlass com/mysql/cj/protocol/a/authentication/AuthenticationLdapSaslClientPlugin
instanceKlass com/mysql/cj/protocol/a/authentication/MysqlOldPasswordPlugin
instanceKlass com/mysql/cj/protocol/a/authentication/Sha256PasswordPlugin
instanceKlass com/mysql/cj/protocol/a/authentication/MysqlClearPasswordPlugin
instanceKlass com/mysql/cj/protocol/a/authentication/MysqlNativePasswordPlugin
instanceKlass com/mysql/cj/protocol/AuthenticationPlugin
instanceKlass com/mysql/cj/protocol/a/NativePacketPayload$1
instanceKlass com/mysql/cj/protocol/a/NativeCapabilities
instanceKlass com/mysql/cj/protocol/a/NativePacketHeader
instanceKlass com/mysql/cj/Collation
instanceKlass sun/nio/cs/ArrayEncoder
instanceKlass sun/nio/cs/DelegatableDecoder
instanceKlass sun/nio/cs/ext/ExtendedCharsets$1
instanceKlass java/nio/charset/Charset$ExtendedProviderHolder$1
instanceKlass java/nio/charset/Charset$ExtendedProviderHolder
instanceKlass com/mysql/cj/MysqlCharset$$Lambda$364
instanceKlass com/mysql/cj/ServerVersion
instanceKlass com/mysql/cj/MysqlCharset
instanceKlass com/mysql/cj/CharsetMapping
instanceKlass com/mysql/cj/protocol/a/NativeServerSessionStateController
instanceKlass com/mysql/cj/protocol/ServerSessionStateController
instanceKlass com/mysql/cj/protocol/a/NativeServerSession
instanceKlass com/mysql/cj/protocol/a/BinaryResultsetReader
instanceKlass com/mysql/cj/protocol/a/TextResultsetReader
instanceKlass com/mysql/cj/protocol/a/ResultsetRowReader
instanceKlass com/mysql/cj/protocol/ResultsetRow
instanceKlass com/mysql/cj/protocol/a/ColumnDefinitionReader
instanceKlass com/mysql/cj/protocol/ProtocolEntityReader
instanceKlass com/mysql/cj/protocol/a/NativeAuthenticationProvider$$Lambda$363
instanceKlass com/mysql/cj/callback/MysqlCallbackHandler
instanceKlass com/mysql/cj/callback/MysqlCallback
instanceKlass com/mysql/cj/protocol/a/NativeAuthenticationProvider
instanceKlass com/mysql/cj/protocol/a/SimplePacketReader
instanceKlass com/mysql/cj/protocol/a/SimplePacketSender
instanceKlass com/mysql/cj/protocol/a/NativePacketPayload
instanceKlass com/mysql/cj/log/BaseMetricsHolder
instanceKlass com/mysql/cj/protocol/AbstractProtocol$2
instanceKlass com/mysql/cj/protocol/AbstractProtocol$1
instanceKlass com/mysql/cj/protocol/a/NativeProtocol$$Lambda$362
instanceKlass com/mysql/cj/protocol/a/NativeProtocol$$Lambda$361
instanceKlass com/mysql/cj/protocol/a/NativeProtocol$$Lambda$360
instanceKlass com/mysql/cj/protocol/a/NativeProtocol$$Lambda$359
instanceKlass com/mysql/cj/protocol/a/NativeProtocol$$Lambda$358
instanceKlass com/mysql/cj/protocol/a/NativeProtocol$$Lambda$357
instanceKlass com/mysql/cj/protocol/a/NativeProtocol$$Lambda$356
instanceKlass com/mysql/cj/protocol/a/NativeProtocol$$Lambda$355
instanceKlass com/mysql/cj/protocol/a/NativeProtocol$$Lambda$354
instanceKlass com/mysql/cj/protocol/a/NativeProtocol$$Lambda$353
instanceKlass com/mysql/cj/protocol/a/NativeProtocol$$Lambda$352
instanceKlass com/mysql/cj/protocol/a/NativeProtocol$$Lambda$351
instanceKlass com/mysql/cj/protocol/a/NativeProtocol$$Lambda$350
instanceKlass com/mysql/cj/protocol/a/NativeProtocol$$Lambda$349
instanceKlass com/mysql/cj/protocol/a/NativeProtocol$$Lambda$348
instanceKlass com/mysql/cj/protocol/a/NativeProtocol$$Lambda$347
instanceKlass com/mysql/cj/protocol/a/NativeProtocol$$Lambda$346
instanceKlass com/mysql/cj/protocol/a/NativeProtocol$$Lambda$345
instanceKlass com/mysql/cj/protocol/a/NativeProtocol$$Lambda$344
instanceKlass com/mysql/cj/protocol/a/NativeProtocol$$Lambda$343
instanceKlass com/mysql/cj/protocol/a/NativeProtocol$$Lambda$342
instanceKlass com/mysql/cj/protocol/a/NativeProtocol$$Lambda$341
instanceKlass com/mysql/cj/protocol/a/NativeProtocol$$Lambda$340
instanceKlass com/mysql/cj/protocol/a/NativeProtocol$$Lambda$339
instanceKlass com/mysql/cj/protocol/a/NativeProtocol$$Lambda$338
instanceKlass com/mysql/cj/protocol/a/NativeProtocol$$Lambda$337
instanceKlass com/mysql/cj/protocol/a/NativeProtocol$$Lambda$336
instanceKlass com/mysql/cj/protocol/a/NativeProtocol$$Lambda$335
instanceKlass com/mysql/cj/protocol/a/AbstractValueEncoder
instanceKlass com/mysql/cj/protocol/ValueEncoder
instanceKlass com/mysql/cj/protocol/ServerSessionStateController$ServerSessionStateChanges
instanceKlass com/mysql/cj/protocol/ServerCapabilities
instanceKlass com/mysql/cj/CharsetSettings
instanceKlass com/mysql/cj/protocol/MessageHeader
instanceKlass com/mysql/cj/MessageBuilder
instanceKlass com/mysql/cj/protocol/AuthenticationProvider
instanceKlass com/mysql/cj/protocol/ServerSession
instanceKlass com/mysql/cj/protocol/MessageReader
instanceKlass com/mysql/cj/protocol/MessageSender
instanceKlass com/mysql/cj/protocol/PacketReceivedTimeHolder
instanceKlass com/mysql/cj/protocol/AbstractProtocol
instanceKlass com/mysql/cj/protocol/Protocol$ProtocolEventHandler
instanceKlass com/mysql/cj/conf/RuntimeProperty$RuntimePropertyListener
instanceKlass java/net/Socket$3
instanceKlass java/net/InetAddress$CachedAddresses
instanceKlass sun/net/InetAddressCachePolicy$2
instanceKlass sun/net/InetAddressCachePolicy$1
instanceKlass sun/net/InetAddressCachePolicy
instanceKlass java/net/InetAddress$NameServiceAddresses
instanceKlass java/net/InetAddress$Addresses
instanceKlass java/util/concurrent/ConcurrentSkipListMap$Iter
instanceKlass com/mysql/cj/protocol/StandardSocketFactory
instanceKlass com/mysql/cj/protocol/PacketSentTimeHolder
instanceKlass com/mysql/cj/protocol/SocketFactory
instanceKlass com/mysql/cj/protocol/SocketMetadata
instanceKlass com/mysql/cj/protocol/AbstractSocketConnection
instanceKlass com/mysql/cj/jdbc/ConnectionImpl$$Lambda$334
instanceKlass com/mysql/cj/jdbc/ConnectionImpl$$Lambda$333
instanceKlass com/mysql/cj/NoSubInterceptorWrapper
instanceKlass com/mysql/cj/util/Util$$Lambda$332
instanceKlass com/mysql/cj/util/Util$$Lambda$331
instanceKlass com/mysql/cj/util/Util$$Lambda$330
instanceKlass com/mysql/cj/interceptors/QueryInterceptor
instanceKlass com/mysql/cj/jdbc/DatabaseMetaData$IteratorWithCleanup
instanceKlass com/mysql/cj/result/Row
instanceKlass com/mysql/cj/protocol/ResultsetRows
instanceKlass com/mysql/cj/result/RowList
instanceKlass com/mysql/cj/jdbc/DatabaseMetaData
instanceKlass com/mysql/cj/telemetry/NoopTelemetryScope
instanceKlass com/mysql/cj/telemetry/TelemetryScope
instanceKlass com/mysql/cj/telemetry/NoopTelemetrySpan
instanceKlass com/mysql/cj/telemetry/NoopTelemetryHandler
instanceKlass com/mysql/cj/telemetry/TelemetrySpan
instanceKlass com/mysql/cj/otel/OpenTelemetryHandler
instanceKlass com/mysql/cj/log/LogFactory
instanceKlass com/mysql/cj/log/NullLogger
instanceKlass com/mysql/cj/result/ValueFactory
instanceKlass com/mysql/cj/protocol/Message
instanceKlass com/mysql/cj/protocol/Protocol
instanceKlass com/mysql/cj/protocol/SocketConnection
instanceKlass com/mysql/cj/telemetry/TelemetryHandler
instanceKlass com/mysql/cj/DataStoreMetadata
instanceKlass com/mysql/cj/CoreSession
instanceKlass com/mysql/cj/protocol/a/result/NativeResultset
instanceKlass com/mysql/cj/WarningListener
instanceKlass com/mysql/cj/jdbc/result/ResultSetInternalMethods
instanceKlass com/mysql/cj/protocol/Resultset
instanceKlass com/mysql/cj/protocol/ResultsetRowsOwner
instanceKlass java/sql/ResultSet
instanceKlass com/mysql/cj/jdbc/result/ResultSetFactory
instanceKlass com/mysql/cj/conf/AbstractRuntimeProperty
instanceKlass com/mysql/cj/PerConnectionLRUFactory
instanceKlass com/mysql/cj/util/PerVmServerConfigCacheFactory
instanceKlass com/mysql/cj/CacheAdapterFactory
instanceKlass com/mysql/cj/conf/AbstractPropertyDefinition
instanceKlass com/mysql/cj/log/StandardLogger
instanceKlass com/mysql/cj/log/Log
instanceKlass com/mysql/cj/conf/PropertyDefinitions
instanceKlass com/mysql/cj/conf/RuntimeProperty
instanceKlass com/mysql/cj/conf/PropertyDefinition
instanceKlass com/mysql/cj/conf/DefaultPropertySet
instanceKlass com/mysql/cj/conf/HostInfo$$Lambda$329
instanceKlass java/sql/DatabaseMetaData
instanceKlass com/mysql/cj/jdbc/result/CachedResultSetMetaData
instanceKlass com/mysql/cj/protocol/ColumnDefinition
instanceKlass com/mysql/cj/protocol/ProtocolEntity
instanceKlass com/mysql/cj/jdbc/StatementImpl
instanceKlass com/mysql/cj/jdbc/JdbcPreparedStatement
instanceKlass com/mysql/cj/jdbc/JdbcStatement
instanceKlass com/mysql/cj/Query
instanceKlass java/sql/SQLXML
instanceKlass java/sql/Savepoint
instanceKlass java/sql/CallableStatement
instanceKlass com/mysql/cj/Session
instanceKlass com/mysql/cj/protocol/ProtocolEntityFactory
instanceKlass com/mysql/cj/jdbc/IterateBlock
instanceKlass com/mysql/cj/exceptions/ExceptionInterceptor
instanceKlass com/mysql/cj/jdbc/ConnectionImpl
instanceKlass com/mysql/cj/Session$SessionEventListener
instanceKlass com/mysql/cj/jdbc/JdbcConnection
instanceKlass com/mysql/cj/TransactionEventHandler
instanceKlass com/mysql/cj/MysqlConnection
instanceKlass com/mysql/cj/jdbc/NonRegisteringDriver$1
instanceKlass com/mysql/cj/conf/ConnectionUrl$$Lambda$328
instanceKlass com/mysql/cj/conf/ConnectionUrl$$Lambda$327
instanceKlass com/mysql/cj/conf/ConnectionUrl$$Lambda$326
instanceKlass java/lang/invoke/LambdaForm$DMH
instanceKlass com/mysql/cj/conf/ConnectionUrl$$Lambda$325
instanceKlass java/util/Collections$UnmodifiableMap$UnmodifiableEntrySet$$Lambda$324
instanceKlass com/mysql/cj/conf/ConnectionUrl$$Lambda$323
instanceKlass java/util/Collections$UnmodifiableMap$UnmodifiableEntrySet$UnmodifiableEntrySetSpliterator
instanceKlass java/math/MathContext
instanceKlass jdk/internal/math/FDBigInteger
instanceKlass com/mysql/cj/Messages
instanceKlass com/mysql/cj/Constants
instanceKlass com/mysql/cj/util/Util
instanceKlass com/mysql/cj/conf/HostInfo
instanceKlass com/mysql/cj/conf/ConnectionUrlParser$Pair
instanceKlass com/mysql/cj/util/StringInspector
instanceKlass java/util/stream/Collectors$$Lambda$322
instanceKlass java/util/stream/Collectors$$Lambda$321
instanceKlass java/util/stream/Collectors$$Lambda$320
instanceKlass java/util/stream/Collectors$$Lambda$319
instanceKlass com/mysql/cj/conf/ConnectionUrl$$Lambda$318
instanceKlass java/net/URLEncoder
instanceKlass java/net/URLDecoder
instanceKlass com/mysql/cj/util/StringUtils
instanceKlass com/mysql/cj/conf/ConnectionUrlParser
instanceKlass com/mysql/cj/conf/ConnectionUrl
instanceKlass com/mysql/cj/conf/DatabaseUrlContainer
instanceKlass org/hibernate/engine/jdbc/connections/internal/DriverManagerConnectionProviderImpl$PooledConnections
instanceKlass org/hibernate/engine/jdbc/connections/internal/DriverManagerConnectionProviderImpl$PooledConnections$Builder
instanceKlass org/hibernate/engine/jdbc/connections/internal/BasicConnectionCreator$$Lambda$317
instanceKlass org/hibernate/exception/spi/SQLExceptionConversionDelegate
instanceKlass org/hibernate/engine/jdbc/connections/internal/BasicConnectionCreator
instanceKlass org/hibernate/engine/jdbc/connections/internal/ConnectionCreator
instanceKlass org/hibernate/engine/jdbc/connections/internal/ConnectionCreatorFactoryImpl
instanceKlass org/hibernate/engine/jdbc/connections/internal/ConnectionCreatorFactory
instanceKlass java/sql/DriverInfo
instanceKlass java/sql/DriverManager
instanceKlass java/util/concurrent/Executors$DelegatedExecutorService
instanceKlass com/mysql/cj/jdbc/AbandonedConnectionCleanupThread$$Lambda$316
instanceKlass com/mysql/cj/jdbc/AbandonedConnectionCleanupThread
instanceKlass com/mysql/cj/jdbc/JdbcPropertySet
instanceKlass com/mysql/cj/conf/PropertySet
instanceKlass com/mysql/cj/jdbc/NonRegisteringDriver
instanceKlass java/sql/Driver
instanceKlass org/hibernate/internal/log/ConnectionPoolingLogger
instanceKlass org/hibernate/Internal
instanceKlass java/sql/Connection
instanceKlass org/hibernate/internal/util/NullnessHelper$$Lambda$315
instanceKlass org/hibernate/internal/util/NullnessHelper
instanceKlass org/hibernate/engine/jdbc/env/internal/JdbcEnvironmentInitiator$$Lambda$314
instanceKlass org/hibernate/engine/jdbc/env/internal/JdbcEnvironmentInitiator$$Lambda$313
instanceKlass org/hibernate/engine/jdbc/dialect/internal/StandardDialectResolver
instanceKlass org/hibernate/engine/jdbc/dialect/internal/DialectResolverSet
instanceKlass org/hibernate/engine/jdbc/dialect/spi/DialectResolutionInfoSource
instanceKlass org/hibernate/engine/jdbc/dialect/internal/DialectFactoryImpl
instanceKlass org/hibernate/boot/model/relational/Database
instanceKlass org/hibernate/boot/model/TypeDefinitionRegistryStandardImpl
instanceKlass org/hibernate/boot/model/convert/internal/AttributeConverterManager$$Lambda$312
instanceKlass org/hibernate/internal/util/StringHelper$Renderer
instanceKlass org/hibernate/boot/model/convert/internal/AttributeConverterManager
instanceKlass org/hibernate/boot/query/NamedProcedureCallDefinition
instanceKlass org/hibernate/boot/query/NamedQueryDefinition
instanceKlass org/hibernate/mapping/Table
instanceKlass org/hibernate/boot/model/relational/ContributableDatabaseObject
instanceKlass org/hibernate/boot/model/relational/Exportable
instanceKlass org/hibernate/mapping/Contributable
instanceKlass org/hibernate/mapping/RelationalModel
instanceKlass org/hibernate/boot/model/naming/ImplicitForeignKeyNameSource
instanceKlass org/hibernate/boot/spi/InFlightMetadataCollector$DelayedPropertyReferenceHandler
instanceKlass org/hibernate/boot/model/naming/ImplicitIndexNameSource
instanceKlass org/hibernate/boot/model/naming/ImplicitUniqueKeyNameSource
instanceKlass org/hibernate/boot/model/naming/ImplicitConstraintNameSource
instanceKlass org/hibernate/boot/model/naming/ImplicitNameSource
instanceKlass org/hibernate/boot/spi/InFlightMetadataCollector$EntityTableXref
instanceKlass org/hibernate/boot/model/convert/spi/ConverterAutoApplyHandler
instanceKlass org/hibernate/cfg/SecondPass
instanceKlass org/hibernate/boot/model/TypeDefinitionRegistry
instanceKlass org/hibernate/boot/internal/InFlightMetadataCollectorImpl
instanceKlass org/hibernate/boot/archive/spi/InputStreamAccess
instanceKlass org/hibernate/boot/archive/scan/spi/Scanner
instanceKlass org/hibernate/boot/archive/scan/spi/ScanParameters
instanceKlass org/hibernate/boot/model/process/internal/ScanningCoordinator
instanceKlass org/hibernate/boot/model/process/internal/ManagedResourcesImpl$$Lambda$311
instanceKlass org/hibernate/boot/model/process/internal/ManagedResourcesImpl
instanceKlass org/hibernate/type/descriptor/sql/DdlType
instanceKlass org/hibernate/boot/model/source/spi/MetadataSourceProcessor
instanceKlass org/hibernate/boot/spi/MetadataBuildingContext
instanceKlass org/hibernate/boot/spi/InFlightMetadataCollector
instanceKlass org/hibernate/boot/spi/MetadataImplementor
instanceKlass org/hibernate/boot/model/process/spi/ManagedResources
instanceKlass org/hibernate/boot/model/process/spi/MetadataBuildingProcess
instanceKlass org/hibernate/boot/cfgxml/spi/MappingReference$1
instanceKlass org/hibernate/boot/spi/MetadataBuilderFactory
instanceKlass org/hibernate/boot/spi/MetadataBuilderInitializer
instanceKlass org/hibernate/boot/cfgxml/internal/CfgXmlAccessServiceImpl
instanceKlass org/hibernate/boot/spi/MetadataSourcesContributor
instanceKlass org/hibernate/boot/model/TypeBeanInstanceProducer
instanceKlass org/hibernate/type/spi/TypeBootstrapContext
instanceKlass org/hibernate/type/descriptor/jdbc/JdbcType$$Lambda$310
instanceKlass org/hibernate/type/descriptor/jdbc/ObjectJdbcType
instanceKlass org/hibernate/type/BasicTypeRegistry$$Lambda$309
instanceKlass org/hibernate/type/descriptor/jdbc/spi/AbstractJdbcLiteralFormatter
instanceKlass org/hibernate/type/descriptor/jdbc/BasicExtractor
instanceKlass java/sql/PreparedStatement
instanceKlass java/sql/Statement
instanceKlass java/sql/Wrapper
instanceKlass org/hibernate/type/descriptor/java/DbTimestampJavaType
instanceKlass org/hibernate/type/AbstractStandardBasicType
instanceKlass org/hibernate/type/ProcedureParameterNamedBinder
instanceKlass org/hibernate/type/ProcedureParameterExtractionAware
instanceKlass org/hibernate/type/YesNoConverter
instanceKlass org/hibernate/type/TrueFalseConverter
instanceKlass org/hibernate/type/NumericBooleanConverter
instanceKlass jakarta/persistence/AttributeConverter
instanceKlass org/hibernate/type/BasicTypeReference
instanceKlass org/hibernate/metamodel/model/convert/spi/BasicValueConverter
instanceKlass org/hibernate/type/StandardBasicTypes
instanceKlass org/hibernate/type/BasicTypeRegistry
instanceKlass org/hibernate/type/descriptor/sql/spi/DdlTypeRegistry
instanceKlass org/hibernate/type/descriptor/jdbc/ClobJdbcType
instanceKlass org/hibernate/type/descriptor/jdbc/BasicBinder
instanceKlass org/hibernate/type/descriptor/jdbc/BlobJdbcType
instanceKlass org/hibernate/type/descriptor/jdbc/VarcharJdbcType
instanceKlass org/hibernate/type/descriptor/jdbc/VarbinaryJdbcType
instanceKlass org/hibernate/type/descriptor/jdbc/TimeJdbcType
instanceKlass org/hibernate/type/descriptor/jdbc/TimestampWithTimeZoneJdbcType
instanceKlass org/hibernate/type/descriptor/jdbc/TimestampJdbcType
instanceKlass org/hibernate/type/descriptor/jdbc/DateJdbcType
instanceKlass org/hibernate/type/descriptor/jdbc/TinyIntJdbcType
instanceKlass org/hibernate/type/descriptor/jdbc/SmallIntJdbcType
instanceKlass org/hibernate/type/descriptor/jdbc/IntegerJdbcType
instanceKlass org/hibernate/type/descriptor/jdbc/FloatJdbcType
instanceKlass org/hibernate/type/descriptor/jdbc/DoubleJdbcType
instanceKlass org/hibernate/type/descriptor/jdbc/DecimalJdbcType
instanceKlass org/hibernate/type/descriptor/jdbc/BigIntJdbcType
instanceKlass org/hibernate/type/descriptor/jdbc/JdbcLiteralFormatter
instanceKlass org/hibernate/type/descriptor/ValueExtractor
instanceKlass org/hibernate/type/descriptor/ValueBinder
instanceKlass org/hibernate/type/descriptor/jdbc/BooleanJdbcType
instanceKlass org/hibernate/type/descriptor/jdbc/AdjustableJdbcType
instanceKlass org/hibernate/type/descriptor/jdbc/internal/JdbcTypeBaseline
instanceKlass org/hibernate/type/descriptor/jdbc/spi/JdbcTypeRegistry
instanceKlass org/hibernate/type/descriptor/jdbc/internal/JdbcTypeBaseline$BaselineTarget
instanceKlass org/hibernate/collection/spi/AbstractMapSemantics
instanceKlass org/hibernate/collection/spi/MapSemantics
instanceKlass org/hibernate/collection/spi/AbstractSetSemantics
instanceKlass org/hibernate/collection/internal/StandardListSemantics
instanceKlass org/hibernate/collection/internal/StandardArraySemantics
instanceKlass org/hibernate/collection/spi/PersistentCollection
instanceKlass org/hibernate/collection/spi/LazyInitializable
instanceKlass org/hibernate/collection/spi/AbstractBagSemantics
instanceKlass org/hibernate/collection/spi/BagSemantics
instanceKlass org/hibernate/type/descriptor/java/LocaleJavaType$LocaleComparator
instanceKlass java/util/Currency
instanceKlass org/hibernate/type/descriptor/java/TimeZoneJavaType$TimeZoneComparator
instanceKlass java/time/temporal/TemporalQueries$7
instanceKlass java/time/temporal/TemporalQueries$6
instanceKlass java/time/temporal/TemporalQueries$5
instanceKlass java/time/temporal/TemporalQueries$4
instanceKlass java/time/temporal/TemporalQueries$3
instanceKlass java/time/temporal/TemporalQueries$2
instanceKlass java/time/temporal/TemporalQueries$1
instanceKlass java/time/temporal/TemporalQueries
instanceKlass org/hibernate/internal/util/compare/CalendarComparator
instanceKlass org/hibernate/type/descriptor/java/ZoneOffsetJavaType$ZoneOffsetComparator
instanceKlass java/time/Year
instanceKlass java/time/format/DateTimeFormatter$$Lambda$308
instanceKlass java/time/format/DateTimeFormatter$$Lambda$307
instanceKlass java/time/Period
instanceKlass java/time/chrono/ChronoPeriod
instanceKlass java/time/format/DateTimeFormatterBuilder$TextPrinterParser
instanceKlass java/time/format/DateTimeTextProvider$1
instanceKlass java/time/format/DateTimeTextProvider
instanceKlass java/time/format/DateTimeTextProvider$LocaleStore
instanceKlass java/time/format/DateTimeFormatterBuilder$InstantPrinterParser
instanceKlass java/time/format/DateTimeFormatterBuilder$StringLiteralPrinterParser
instanceKlass java/time/format/DateTimeFormatterBuilder$ZoneIdPrinterParser
instanceKlass java/time/format/DateTimeFormatterBuilder$OffsetIdPrinterParser
instanceKlass java/time/format/DecimalStyle
instanceKlass java/time/format/DateTimeFormatterBuilder$CompositePrinterParser
instanceKlass java/time/chrono/AbstractChronology
instanceKlass java/time/chrono/Chronology
instanceKlass java/time/format/DateTimeFormatterBuilder$CharLiteralPrinterParser
instanceKlass java/time/format/DateTimeFormatterBuilder$NumberPrinterParser
instanceKlass java/time/format/DateTimeFormatterBuilder$DateTimePrinterParser
instanceKlass java/time/format/DateTimeFormatterBuilder$2
instanceKlass java/time/temporal/JulianFields
instanceKlass java/time/temporal/IsoFields
instanceKlass java/time/format/DateTimeFormatterBuilder$$Lambda$306
instanceKlass java/time/temporal/TemporalQuery
instanceKlass java/time/format/DateTimeFormatterBuilder
instanceKlass java/time/format/DateTimeFormatter
instanceKlass org/hibernate/internal/util/ZonedDateTimeComparator
instanceKlass java/time/OffsetTime
instanceKlass java/time/OffsetDateTime$$Lambda$305
instanceKlass java/time/OffsetDateTime
instanceKlass org/hibernate/type/descriptor/java/TemporalJavaType
instanceKlass org/hibernate/type/descriptor/java/DoublePrimitiveArrayJavaType$ArrayMutabilityPlan
instanceKlass org/hibernate/type/descriptor/java/FloatPrimitiveArrayJavaType$ArrayMutabilityPlan
instanceKlass org/hibernate/type/descriptor/java/LongPrimitiveArrayJavaType$ArrayMutabilityPlan
instanceKlass org/hibernate/type/descriptor/java/IntegerPrimitiveArrayJavaType$ArrayMutabilityPlan
instanceKlass org/hibernate/type/descriptor/java/ShortPrimitiveArrayJavaType$ArrayMutabilityPlan
instanceKlass org/hibernate/type/descriptor/java/BooleanPrimitiveArrayJavaType$ArrayMutabilityPlan
instanceKlass org/hibernate/type/descriptor/java/BasicPluralJavaType
instanceKlass org/hibernate/internal/util/compare/RowVersionComparator
instanceKlass org/hibernate/sql/ast/spi/SqlAppender
instanceKlass org/hibernate/type/descriptor/java/MutableMutabilityPlan
instanceKlass org/hibernate/type/descriptor/java/NClobJavaType$NClobMutabilityPlan
instanceKlass java/sql/NClob
instanceKlass org/hibernate/type/descriptor/java/ClobJavaType$ClobMutabilityPlan
instanceKlass java/sql/Clob
instanceKlass org/hibernate/type/descriptor/java/IncomparableComparator
instanceKlass org/hibernate/type/descriptor/java/BlobJavaType$BlobMutabilityPlan
instanceKlass java/sql/Blob
instanceKlass org/hibernate/type/descriptor/jdbc/JdbcType
instanceKlass org/hibernate/type/spi/TypeConfigurationAware
instanceKlass org/hibernate/internal/util/compare/ComparableComparator
instanceKlass org/hibernate/type/descriptor/java/ImmutableMutabilityPlan
instanceKlass org/hibernate/type/descriptor/java/AbstractClassJavaType
instanceKlass org/hibernate/type/descriptor/java/VersionJavaType
instanceKlass org/hibernate/type/descriptor/java/spi/PrimitiveJavaType
instanceKlass org/hibernate/type/descriptor/java/BasicJavaType
instanceKlass org/hibernate/collection/spi/CollectionSemantics
instanceKlass org/hibernate/type/descriptor/java/spi/JavaTypeBaseline
instanceKlass org/hibernate/type/descriptor/java/JavaType
instanceKlass org/hibernate/type/descriptor/java/MutabilityPlan
instanceKlass org/hibernate/type/descriptor/java/spi/JavaTypeRegistry
instanceKlass org/hibernate/type/descriptor/java/spi/JavaTypeBaseline$BaselineTarget
instanceKlass org/hibernate/type/spi/TypeConfiguration$Scope$1
instanceKlass org/hibernate/type/descriptor/jdbc/JdbcTypeIndicators
instanceKlass java/util/UUID$Holder
instanceKlass org/hibernate/id/uuid/LocalObjectUuidHelper
instanceKlass org/hibernate/type/spi/TypeConfiguration$Scope
instanceKlass org/hibernate/type/BasicType
instanceKlass org/hibernate/metamodel/mapping/JdbcMapping
instanceKlass org/hibernate/metamodel/mapping/BasicValuedMapping
instanceKlass org/hibernate/metamodel/mapping/SqlExpressible
instanceKlass org/hibernate/metamodel/mapping/ValueMapping
instanceKlass org/hibernate/type/descriptor/java/JavaTypedExpressible
instanceKlass org/hibernate/metamodel/mapping/MappingModelExpressible
instanceKlass org/hibernate/metamodel/mapping/Bindable
instanceKlass org/hibernate/metamodel/mapping/JdbcMappingContainer
instanceKlass org/hibernate/metamodel/mapping/MappingType
instanceKlass org/hibernate/metamodel/model/domain/BasicDomainType
instanceKlass org/hibernate/query/ReturnableType
instanceKlass org/hibernate/query/OutputableType
instanceKlass jakarta/persistence/metamodel/BasicType
instanceKlass org/hibernate/metamodel/model/domain/SimpleDomainType
instanceKlass jakarta/persistence/metamodel/Type
instanceKlass org/hibernate/metamodel/model/domain/DomainType
instanceKlass org/hibernate/query/sqm/SqmExpressible
instanceKlass org/hibernate/query/BindableType
instanceKlass org/hibernate/type/spi/TypeConfiguration
instanceKlass org/hibernate/SessionFactoryObserver
instanceKlass org/hibernate/metamodel/spi/EmbeddableRepresentationStrategy
instanceKlass org/hibernate/metamodel/spi/EmbeddableInstantiator
instanceKlass org/hibernate/metamodel/spi/Instantiator
instanceKlass org/hibernate/metamodel/spi/EntityRepresentationStrategy
instanceKlass org/hibernate/metamodel/spi/ManagedTypeRepresentationStrategy
instanceKlass org/hibernate/metamodel/internal/ManagedTypeRepresentationResolverStandard
instanceKlass org/hibernate/boot/archive/spi/ArchiveDescriptorFactory
instanceKlass org/hibernate/boot/archive/scan/internal/StandardScanOptions
instanceKlass org/hibernate/jpa/internal/MutableJpaComplianceImpl
instanceKlass org/hibernate/cfg/annotations/reflection/internal/XMLContext
instanceKlass org/hibernate/annotations/common/reflection/java/JavaMetadataProvider
instanceKlass org/hibernate/annotations/common/reflection/AnnotationReader
instanceKlass org/hibernate/cfg/annotations/reflection/internal/JPAXMLOverriddenMetadataProvider
instanceKlass org/hibernate/annotations/common/reflection/java/JavaReflectionManager$$Lambda$304
instanceKlass org/hibernate/annotations/common/reflection/XMethod
instanceKlass org/hibernate/annotations/common/reflection/java/JavaReflectionManager$$Lambda$303
instanceKlass org/hibernate/annotations/common/reflection/XProperty
instanceKlass org/hibernate/annotations/common/reflection/XMember
instanceKlass org/hibernate/annotations/common/reflection/java/JavaReflectionManager$$Lambda$302
instanceKlass org/hibernate/annotations/common/reflection/java/XTypeConstruction
instanceKlass org/hibernate/annotations/common/reflection/java/JavaXAnnotatedElement
instanceKlass org/hibernate/annotations/common/reflection/XClass
instanceKlass org/hibernate/annotations/common/reflection/java/generics/TypeEnvironment
instanceKlass org/hibernate/annotations/common/reflection/java/TypeEnvironmentMap
instanceKlass org/hibernate/annotations/common/reflection/XPackage
instanceKlass org/hibernate/annotations/common/reflection/XAnnotatedElement
instanceKlass org/hibernate/annotations/common/reflection/java/JavaXType
instanceKlass org/hibernate/annotations/common/reflection/java/JavaReflectionManager
instanceKlass org/hibernate/annotations/common/reflection/MetadataProviderInjector
instanceKlass org/hibernate/boot/internal/ClassLoaderAccessImpl
instanceKlass org/hibernate/annotations/common/reflection/MetadataProvider
instanceKlass org/hibernate/boot/spi/ClassLoaderAccess
instanceKlass org/hibernate/annotations/common/reflection/ReflectionManager
instanceKlass org/hibernate/boot/archive/scan/spi/ScanOptions
instanceKlass org/hibernate/jpa/spi/MutableJpaCompliance
instanceKlass org/hibernate/jpa/spi/JpaCompliance
instanceKlass org/hibernate/boot/internal/BootstrapContextImpl
instanceKlass org/hibernate/boot/registry/selector/internal/StrategySelectorImpl$$Lambda$301
instanceKlass org/hibernate/boot/internal/MetadataBuilderImpl$MetadataBuildingOptionsImpl$1
instanceKlass org/hibernate/cache/spi/DomainDataRegion
instanceKlass org/hibernate/cache/cfg/spi/DomainDataRegionBuildingContext
instanceKlass org/hibernate/cache/cfg/spi/DomainDataRegionConfig
instanceKlass org/hibernate/cache/spi/TimestampsRegion
instanceKlass org/hibernate/cache/spi/QueryResultsRegion
instanceKlass org/hibernate/cache/spi/DirectAccessRegion
instanceKlass org/hibernate/cache/spi/Region
instanceKlass org/hibernate/engine/spi/SessionFactoryImplementor
instanceKlass org/hibernate/query/spi/QueryParameterBindingTypeResolver
instanceKlass org/hibernate/sql/ast/spi/SqlAstCreationContext
instanceKlass org/hibernate/query/sqm/spi/SqmCreationContext
instanceKlass org/hibernate/SessionFactory
instanceKlass javax/naming/Referenceable
instanceKlass jakarta/persistence/EntityManagerFactory
instanceKlass org/hibernate/boot/spi/SessionFactoryOptions
instanceKlass org/hibernate/query/spi/QueryEngineOptions
instanceKlass org/hibernate/cache/spi/CacheTransactionSynchronization
instanceKlass org/hibernate/cache/internal/NoCachingRegionFactory
instanceKlass org/hibernate/boot/registry/selector/internal/StrategySelectorImpl$$Lambda$300
instanceKlass org/hibernate/cache/internal/StrategyCreatorRegionFactoryImpl
instanceKlass org/hibernate/boot/internal/MetadataBuilderImpl$MetadataBuildingOptionsImpl$$Lambda$299
instanceKlass org/hibernate/boot/internal/MetadataBuilderImpl$MetadataBuildingOptionsImpl$$Lambda$298
instanceKlass org/hibernate/boot/internal/MetadataBuilderImpl$MetadataBuildingOptionsImpl$$Lambda$297
instanceKlass org/hibernate/boot/internal/MetadataBuilderImpl$$Lambda$296
instanceKlass org/hibernate/boot/internal/MetadataBuilderImpl$MappingDefaultsImpl$$Lambda$295
instanceKlass org/hibernate/boot/internal/MetadataBuilderImpl$MappingDefaultsImpl$$Lambda$294
instanceKlass org/hibernate/boot/internal/MetadataBuilderImpl$MappingDefaultsImpl
instanceKlass org/hibernate/id/enhanced/TableGenerator
instanceKlass org/hibernate/id/ForeignGenerator
instanceKlass org/hibernate/id/IncrementGenerator
instanceKlass org/hibernate/id/enhanced/SequenceStyleGenerator
instanceKlass org/hibernate/id/PersistentIdentifierGenerator
instanceKlass org/hibernate/id/OptimizableGenerator
instanceKlass org/hibernate/id/AbstractPostInsertGenerator
instanceKlass org/hibernate/id/BulkInsertionCapableIdentifierGenerator
instanceKlass org/hibernate/id/PostInsertIdentifierGenerator
instanceKlass org/hibernate/id/Assigned
instanceKlass org/hibernate/id/AbstractUUIDGenerator
instanceKlass org/hibernate/id/GUIDGenerator
instanceKlass org/hibernate/id/UUIDGenerator
instanceKlass org/hibernate/id/factory/spi/StandardGenerator
instanceKlass org/hibernate/id/IdentifierGenerator
instanceKlass org/hibernate/boot/model/relational/ExportableProducer
instanceKlass org/hibernate/id/Configurable
instanceKlass org/hibernate/id/factory/internal/StandardIdentifierGeneratorFactory$$Lambda$293
instanceKlass java/lang/invoke/LambdaForm$DMH
instanceKlass org/hibernate/id/factory/spi/GenerationTypeStrategyRegistration
instanceKlass org/hibernate/id/factory/internal/IdentityGenerationTypeStrategy
instanceKlass org/hibernate/id/factory/internal/TableGenerationTypeStrategy
instanceKlass org/hibernate/id/factory/internal/SequenceGenerationTypeStrategy
instanceKlass org/hibernate/id/factory/internal/AutoGenerationTypeStrategy
instanceKlass org/hibernate/id/factory/spi/GenerationTypeStrategy
instanceKlass org/hibernate/id/factory/IdGenFactoryLogging
instanceKlass org/hibernate/resource/beans/container/spi/BeanContainer
instanceKlass org/hibernate/resource/beans/spi/ManagedBean
instanceKlass org/hibernate/resource/beans/internal/ManagedBeanRegistryImpl
instanceKlass org/hibernate/engine/config/spi/StandardConverters$$Lambda$292
instanceKlass org/hibernate/engine/config/spi/StandardConverters$$Lambda$291
instanceKlass org/hibernate/engine/config/spi/StandardConverters$$Lambda$290
instanceKlass org/hibernate/engine/config/spi/StandardConverters
instanceKlass org/hibernate/service/spi/Startable
instanceKlass org/hibernate/service/spi/InjectService
instanceKlass org/hibernate/engine/config/internal/ConfigurationServiceImpl
instanceKlass org/hibernate/resource/beans/container/spi/BeanLifecycleStrategy
instanceKlass org/hibernate/resource/beans/internal/Helper
instanceKlass org/hibernate/NotImplementedYetException
instanceKlass org/hibernate/metamodel/mapping/NonTransientException
instanceKlass org/hibernate/resource/beans/spi/BeanInstanceProducer
instanceKlass org/hibernate/id/factory/internal/StandardIdentifierGeneratorFactory
instanceKlass org/hibernate/resource/beans/container/spi/BeanContainer$LifecycleOptions
instanceKlass org/hibernate/boot/internal/IdGeneratorInterpreterImpl$FallbackInterpreter
instanceKlass org/hibernate/boot/internal/IdGeneratorInterpreterImpl
instanceKlass org/hibernate/boot/spi/MappingDefaults
instanceKlass org/hibernate/boot/model/IdGeneratorStrategyInterpreter
instanceKlass org/hibernate/id/factory/IdentifierGeneratorFactory
instanceKlass org/hibernate/collection/spi/CollectionSemanticsResolver
instanceKlass org/hibernate/metamodel/spi/ManagedTypeRepresentationResolver
instanceKlass org/hibernate/boot/internal/MetadataBuilderImpl$MetadataBuildingOptionsImpl
instanceKlass org/hibernate/boot/spi/JpaOrmXmlPersistenceUnitDefaultAware
instanceKlass org/hibernate/boot/Metadata
instanceKlass org/hibernate/engine/spi/Mapping
instanceKlass org/hibernate/boot/spi/BootstrapContext
instanceKlass org/hibernate/boot/spi/MetadataBuildingOptions
instanceKlass org/hibernate/boot/internal/MetadataBuilderImpl
instanceKlass org/hibernate/boot/model/TypeContributions
instanceKlass org/hibernate/service/spi/SessionFactoryServiceRegistryFactory
instanceKlass org/hibernate/internal/util/collections/CollectionHelper
instanceKlass org/hibernate/service/internal/AbstractServiceRegistryImpl
instanceKlass org/hibernate/service/spi/ServiceContributor
instanceKlass org/hibernate/boot/cfgxml/spi/MappingReference
instanceKlass javax/xml/stream/events/EndElement
instanceKlass com/sun/org/apache/xerces/internal/impl/xs/AttributePSVImpl
instanceKlass com/sun/org/apache/xerces/internal/xs/AttributePSVI
instanceKlass javax/xml/stream/events/Characters
instanceKlass org/glassfish/jaxb/runtime/v2/runtime/unmarshaller/StAXConnector$1
instanceKlass org/glassfish/jaxb/runtime/v2/runtime/unmarshaller/TagName
instanceKlass org/glassfish/jaxb/runtime/v2/runtime/unmarshaller/StAXConnector
instanceKlass org/glassfish/jaxb/runtime/v2/runtime/unmarshaller/InterningXmlVisitor$AttributesImpl
instanceKlass org/glassfish/jaxb/runtime/v2/runtime/unmarshaller/InterningXmlVisitor
instanceKlass org/glassfish/jaxb/runtime/v2/util/FatalAdapter
instanceKlass com/sun/org/apache/xerces/internal/jaxp/validation/ValidatorHandlerImpl$ResolutionForwarder
instanceKlass javax/xml/validation/TypeInfoProvider
instanceKlass com/sun/org/apache/xerces/internal/util/AttributesProxy
instanceKlass com/sun/org/apache/xerces/internal/util/SAXLocatorWrapper
instanceKlass com/sun/org/apache/xerces/internal/impl/xs/XMLSchemaValidator$LocalIDKey
instanceKlass com/sun/org/apache/xerces/internal/impl/xs/XMLSchemaValidator$ValueStoreCache
instanceKlass com/sun/org/apache/xerces/internal/util/IntStack
instanceKlass com/sun/org/apache/xerces/internal/impl/xs/identity/XPathMatcher
instanceKlass com/sun/org/apache/xerces/internal/impl/xs/XMLSchemaValidator$XPathMatcherStack
instanceKlass com/sun/org/apache/xerces/internal/impl/xs/XSNotationDecl
instanceKlass com/sun/org/apache/xerces/internal/xs/XSNotationDeclaration
instanceKlass com/sun/org/apache/xerces/internal/impl/xs/XMLSchemaValidator$XSIErrorReporter
instanceKlass com/sun/org/apache/xerces/internal/impl/xs/ElementPSVImpl
instanceKlass com/sun/org/apache/xerces/internal/xs/ElementPSVI
instanceKlass com/sun/org/apache/xerces/internal/xs/ItemPSVI
instanceKlass com/sun/org/apache/xerces/internal/impl/xs/XMLSchemaValidator
instanceKlass com/sun/org/apache/xerces/internal/impl/xs/identity/FieldActivator
instanceKlass javax/xml/validation/ValidatorHandler
instanceKlass com/sun/org/apache/xerces/internal/jaxp/validation/ValidatorHelper
instanceKlass org/glassfish/jaxb/runtime/v2/runtime/unmarshaller/ValidatingUnmarshaller
instanceKlass com/sun/xml/internal/stream/util/ReadOnlyIterator
instanceKlass javax/xml/stream/events/Namespace
instanceKlass javax/xml/stream/events/Attribute
instanceKlass javax/xml/validation/Schema
instanceKlass com/sun/org/apache/xerces/internal/jaxp/validation/XSGrammarPoolContainer
instanceKlass com/sun/org/apache/xerces/internal/impl/dtd/models/CMStateSet
instanceKlass com/sun/org/apache/xerces/internal/impl/xs/models/XSDFACM
instanceKlass com/sun/org/apache/xerces/internal/impl/dtd/models/CMNode
instanceKlass com/sun/org/apache/xerces/internal/impl/xs/XSConstraints$1
instanceKlass com/sun/org/apache/xerces/internal/impl/xs/XSConstraints
instanceKlass com/sun/org/apache/xerces/internal/impl/dv/xs/XSSimpleTypeDecl$ValidationContextImpl
instanceKlass com/sun/org/apache/xerces/internal/impl/xs/traversers/XSDAbstractTraverser$FacetInfo
instanceKlass com/sun/org/apache/xerces/internal/xs/datatypes/XSQName
instanceKlass com/sun/org/apache/xerces/internal/impl/xs/util/XSObjectListImpl$EmptyIterator
instanceKlass com/sun/org/apache/xerces/internal/xs/XSObjectList
instanceKlass com/sun/org/apache/xerces/internal/impl/xs/opti/NamedNodeMapImpl
instanceKlass org/w3c/dom/NamedNodeMap
instanceKlass com/sun/org/apache/xerces/internal/impl/xs/identity/IdentityConstraint
instanceKlass com/sun/org/apache/xerces/internal/xs/XSIDCDefinition
instanceKlass com/sun/org/apache/xerces/internal/impl/xs/traversers/XSDAbstractParticleTraverser$ParticleArray
instanceKlass com/sun/org/apache/xerces/internal/impl/xs/traversers/XSDAbstractTraverser
instanceKlass com/sun/org/apache/xerces/internal/impl/xs/traversers/Container
instanceKlass com/sun/org/apache/xerces/internal/impl/xs/traversers/OneAttr
instanceKlass com/sun/org/apache/xerces/internal/impl/xs/XSAttributeDecl
instanceKlass com/sun/org/apache/xerces/internal/xs/XSAttributeDeclaration
instanceKlass com/sun/org/apache/xerces/internal/impl/xs/XSGroupDecl
instanceKlass com/sun/org/apache/xerces/internal/xs/XSModelGroupDefinition
instanceKlass com/sun/org/apache/xerces/internal/impl/xs/XSAttributeUseImpl
instanceKlass com/sun/org/apache/xerces/internal/xs/XSAttributeUse
instanceKlass com/sun/org/apache/xerces/internal/impl/xs/XSAttributeGroupDecl
instanceKlass com/sun/org/apache/xerces/internal/xs/XSAttributeGroupDefinition
instanceKlass com/sun/org/apache/xerces/internal/impl/xs/XSModelGroupImpl
instanceKlass com/sun/org/apache/xerces/internal/xs/XSModelGroup
instanceKlass com/sun/org/apache/xerces/internal/impl/xs/XSWildcardDecl
instanceKlass com/sun/org/apache/xerces/internal/xs/XSWildcard
instanceKlass com/sun/org/apache/xerces/internal/impl/xs/XSComplexTypeDecl
instanceKlass com/sun/org/apache/xerces/internal/xs/XSComplexTypeDefinition
instanceKlass com/sun/org/apache/xerces/internal/impl/xs/SchemaGrammar
instanceKlass com/sun/org/apache/xerces/internal/xs/XSNamespaceItem
instanceKlass com/sun/org/apache/xerces/internal/xni/grammars/XSGrammar
instanceKlass com/sun/org/apache/xerces/internal/impl/xs/util/XInt
instanceKlass com/sun/org/apache/xerces/internal/impl/xs/util/XIntPool
instanceKlass com/sun/org/apache/xerces/internal/impl/xs/traversers/XSAttributeChecker
instanceKlass com/sun/org/apache/xerces/internal/impl/xs/traversers/XSDHandler$XSDKey
instanceKlass com/sun/org/apache/xerces/internal/util/DOMUtil
instanceKlass org/w3c/dom/Attr
instanceKlass com/sun/org/apache/xerces/internal/impl/xs/SchemaSymbols
instanceKlass com/sun/org/apache/xerces/internal/impl/xs/opti/DefaultNode
instanceKlass org/w3c/dom/Document
instanceKlass com/sun/org/apache/xerces/internal/utils/ObjectFactory$$Lambda$289
instanceKlass com/sun/org/apache/xerces/internal/impl/xpath/regex/Token
instanceKlass jdk/xml/internal/SecuritySupport$$Lambda$288
instanceKlass com/sun/org/apache/xerces/internal/impl/xpath/regex/RegexParser
instanceKlass com/sun/org/apache/xerces/internal/impl/xpath/regex/REUtil
instanceKlass com/sun/org/apache/xerces/internal/impl/xpath/regex/RegularExpression
instanceKlass com/sun/org/apache/xerces/internal/impl/dv/xs/DecimalDV$XDecimal
instanceKlass com/sun/org/apache/xerces/internal/xs/datatypes/XSDecimal
instanceKlass com/sun/org/apache/xerces/internal/impl/dv/ValidatedInfo
instanceKlass com/sun/org/apache/xerces/internal/xs/XSValue
instanceKlass com/sun/org/apache/xerces/internal/impl/dv/XSFacets
instanceKlass com/sun/org/apache/xerces/internal/impl/dv/xs/XSSimpleTypeDecl$4
instanceKlass com/sun/org/apache/xerces/internal/impl/dv/xs/XSSimpleTypeDecl$1
instanceKlass com/sun/org/apache/xerces/internal/impl/dv/xs/AbstractDateTimeDV$DateTimeData
instanceKlass com/sun/org/apache/xerces/internal/xs/datatypes/XSDateTime
instanceKlass javax/xml/datatype/DatatypeFactory
instanceKlass com/sun/org/apache/xerces/internal/impl/dv/xs/TypeValidator
instanceKlass com/sun/org/apache/xerces/internal/impl/dv/xs/XSSimpleTypeDecl
instanceKlass org/w3c/dom/TypeInfo
instanceKlass com/sun/org/apache/xerces/internal/impl/dv/XSSimpleType
instanceKlass com/sun/org/apache/xerces/internal/xs/XSSimpleTypeDefinition
instanceKlass com/sun/org/apache/xerces/internal/xs/XSTypeDefinition
instanceKlass jdk/xml/internal/SecuritySupport$$Lambda$287
instanceKlass jdk/xml/internal/SecuritySupport$$Lambda$286
instanceKlass com/sun/org/apache/xerces/internal/utils/ObjectFactory
instanceKlass com/sun/org/apache/xerces/internal/impl/dv/SchemaDVFactory
instanceKlass com/sun/org/apache/xerces/internal/util/XMLGrammarPoolImpl$Entry
instanceKlass com/sun/org/apache/xerces/internal/util/XMLGrammarPoolImpl
instanceKlass javax/xml/validation/SchemaFactoryFinder$$Lambda$285
instanceKlass jdk/xml/internal/JdkXmlFeatures
instanceKlass com/sun/org/apache/xerces/internal/jaxp/validation/XMLSchemaFactory$XMLGrammarPoolWrapper
instanceKlass com/sun/org/apache/xerces/internal/xni/grammars/XMLGrammarPool
instanceKlass com/sun/org/apache/xerces/internal/util/DOMEntityResolverWrapper
instanceKlass com/sun/org/apache/xerces/internal/jaxp/validation/DraconianErrorHandler
instanceKlass com/sun/org/apache/xerces/internal/impl/xs/opti/SchemaDOMParser$BooleanStack
instanceKlass com/sun/org/apache/xerces/internal/impl/xs/opti/DefaultXMLDocumentHandler
instanceKlass com/sun/org/apache/xerces/internal/impl/xs/util/SimpleLocator
instanceKlass com/sun/org/apache/xerces/internal/util/SymbolHash$Entry
instanceKlass com/sun/org/apache/xerces/internal/util/SymbolHash
instanceKlass com/sun/org/apache/xerces/internal/impl/xs/traversers/XSDocumentInfo
instanceKlass org/w3c/dom/Element
instanceKlass com/sun/org/apache/xerces/internal/impl/xs/XSParticleDecl
instanceKlass com/sun/org/apache/xerces/internal/xs/XSParticle
instanceKlass com/sun/org/apache/xerces/internal/impl/xs/traversers/XSDHandler
instanceKlass com/sun/org/apache/xerces/internal/impl/xs/models/XSEmptyCM
instanceKlass com/sun/org/apache/xerces/internal/impl/xs/models/XSCMValidator
instanceKlass com/sun/org/apache/xerces/internal/impl/xs/models/CMBuilder
instanceKlass com/sun/org/apache/xerces/internal/impl/xs/SubstitutionGroupHandler$OneSubGroup
instanceKlass com/sun/org/apache/xerces/internal/impl/xs/XSElementDecl
instanceKlass com/sun/org/apache/xerces/internal/xs/XSElementDeclaration
instanceKlass com/sun/org/apache/xerces/internal/xs/XSTerm
instanceKlass com/sun/org/apache/xerces/internal/xs/XSObject
instanceKlass com/sun/org/apache/xerces/internal/impl/xs/SubstitutionGroupHandler
instanceKlass com/sun/org/apache/xerces/internal/impl/xs/XSGrammarBucket
instanceKlass com/sun/org/apache/xerces/internal/impl/xs/XSMessageFormatter
instanceKlass com/sun/org/apache/xerces/internal/util/DefaultErrorHandler
instanceKlass com/sun/org/apache/xerces/internal/xni/grammars/XMLSchemaDescription
instanceKlass com/sun/org/apache/xerces/internal/impl/xs/models/CMNodeFactory
instanceKlass com/sun/org/apache/xerces/internal/impl/xs/XMLSchemaLoader
instanceKlass org/w3c/dom/DOMConfiguration
instanceKlass com/sun/org/apache/xerces/internal/xs/XSLoader
instanceKlass com/sun/org/apache/xerces/internal/impl/xs/XSElementDeclHelper
instanceKlass com/sun/org/apache/xerces/internal/xni/grammars/XMLGrammarLoader
instanceKlass javax/xml/validation/SchemaFactoryFinder$$Lambda$284
instanceKlass javax/xml/validation/SchemaFactoryFinder$2
instanceKlass javax/xml/validation/SchemaFactoryFinder$$Lambda$283
instanceKlass javax/xml/validation/SchemaFactoryFinder$$Lambda$282
instanceKlass javax/xml/validation/SchemaFactoryFinder$$Lambda$281
instanceKlass javax/xml/validation/SchemaFactoryFinder
instanceKlass javax/xml/validation/SchemaFactory
instanceKlass org/glassfish/jaxb/runtime/v2/runtime/unmarshaller/UnmarshallingContext$State
instanceKlass org/glassfish/jaxb/runtime/v2/runtime/unmarshaller/Scope
instanceKlass jakarta/xml/bind/ValidationEventLocator
instanceKlass org/glassfish/jaxb/runtime/v2/runtime/unmarshaller/LocatorExWrapper
instanceKlass org/xml/sax/helpers/LocatorImpl
instanceKlass org/glassfish/jaxb/runtime/v2/runtime/Coordinator
instanceKlass org/glassfish/jaxb/runtime/v2/runtime/unmarshaller/XmlVisitor$TextPredictor
instanceKlass jakarta/xml/bind/helpers/DefaultValidationEventHandler
instanceKlass jakarta/xml/bind/UnmarshallerHandler
instanceKlass org/glassfish/jaxb/core/v2/runtime/unmarshaller/LocatorEx
instanceKlass org/glassfish/jaxb/runtime/v2/runtime/unmarshaller/XmlVisitor
instanceKlass org/glassfish/jaxb/runtime/IDResolver
instanceKlass jakarta/xml/bind/helpers/AbstractUnmarshallerImpl
instanceKlass org/hibernate/boot/jaxb/cfg/spi/JaxbCfgHibernateConfiguration$JaxbCfgSecurity$JaxbCfgGrant
instanceKlass org/hibernate/boot/jaxb/cfg/spi/JaxbCfgEventListenerType
instanceKlass org/hibernate/boot/jaxb/cfg/spi/JaxbCfgEventListenerGroupType
instanceKlass org/hibernate/boot/jaxb/cfg/spi/JaxbCfgCollectionCacheType
instanceKlass org/hibernate/boot/jaxb/cfg/spi/JaxbCfgEntityCacheType
instanceKlass org/hibernate/boot/jaxb/cfg/spi/JaxbCfgMappingReferenceType
instanceKlass org/hibernate/boot/jaxb/cfg/spi/JaxbCfgConfigPropertyType
instanceKlass org/hibernate/boot/jaxb/cfg/spi/JaxbCfgHibernateConfiguration$JaxbCfgSecurity
instanceKlass org/hibernate/boot/jaxb/cfg/spi/JaxbCfgHibernateConfiguration$JaxbCfgSessionFactory
instanceKlass java/lang/Package$1PackageInfoProxy
instanceKlass org/hibernate/boot/jaxb/cfg/spi/JaxbCfgHibernateConfiguration
instanceKlass org/hibernate/boot/cfgxml/internal/JaxbCfgProcessor$ContextProvidingValidationEventHandler
instanceKlass javax/xml/stream/util/EventReaderDelegate
instanceKlass org/hibernate/type/Type
instanceKlass org/hibernate/internal/util/collections/ArrayHelper
instanceKlass org/hibernate/internal/util/StringHelper
instanceKlass com/sun/org/apache/xerces/internal/util/NamespaceSupport$Prefixes
instanceKlass javax/xml/stream/events/StartElement
instanceKlass javax/xml/stream/events/DTD
instanceKlass com/sun/xml/internal/stream/dtd/DTDGrammarUtil
instanceKlass com/sun/xml/internal/stream/dtd/nonvalidating/XMLElementDecl
instanceKlass com/sun/xml/internal/stream/dtd/nonvalidating/XMLSimpleType
instanceKlass com/sun/xml/internal/stream/dtd/nonvalidating/XMLAttributeDecl
instanceKlass com/sun/xml/internal/stream/dtd/nonvalidating/DTDGrammar
instanceKlass com/sun/org/apache/xerces/internal/impl/XMLStreamReaderImpl$1
instanceKlass com/sun/xml/internal/stream/events/DummyEvent$DummyLocation
instanceKlass javax/xml/stream/Location
instanceKlass com/sun/xml/internal/stream/events/DummyEvent
instanceKlass javax/xml/stream/events/StartDocument
instanceKlass javax/xml/stream/events/XMLEvent
instanceKlass com/sun/xml/internal/stream/events/XMLEventAllocatorImpl
instanceKlass javax/xml/stream/util/XMLEventAllocator
instanceKlass com/sun/org/apache/xerces/internal/util/NamespaceContextWrapper
instanceKlass com/sun/org/apache/xerces/internal/impl/XMLStreamReaderImpl
instanceKlass javax/xml/stream/XMLStreamReader
instanceKlass javax/xml/stream/XMLStreamConstants
instanceKlass com/sun/xml/internal/stream/XMLEventReaderImpl
instanceKlass com/sun/xml/internal/stream/StaxEntityResolverWrapper
instanceKlass com/sun/org/apache/xerces/internal/impl/PropertyManager
instanceKlass javax/xml/stream/XMLInputFactory
instanceKlass org/hibernate/boot/jaxb/Origin
instanceKlass org/hibernate/boot/cfgxml/internal/JaxbCfgProcessor
instanceKlass org/hibernate/internal/EmptyInterceptor
instanceKlass org/hibernate/Interceptor
instanceKlass org/hibernate/event/spi/EntityCopyObserverFactory
instanceKlass org/hibernate/event/internal/EntityCopyObserverFactoryInitiator
instanceKlass org/hibernate/resource/beans/spi/ManagedBeanRegistry
instanceKlass org/hibernate/resource/beans/spi/ManagedBeanRegistryInitiator
instanceKlass org/hibernate/resource/transaction/internal/TransactionCoordinatorBuilderInitiator
instanceKlass org/hibernate/cache/spi/RegionFactory
instanceKlass org/hibernate/cache/internal/RegionFactoryInitiator
instanceKlass org/hibernate/service/internal/SessionFactoryServiceRegistryFactoryInitiator
instanceKlass org/hibernate/engine/transaction/jta/platform/internal/JtaPlatformInitiator
instanceKlass org/hibernate/engine/transaction/jta/platform/spi/JtaPlatformResolver
instanceKlass org/hibernate/engine/transaction/jta/platform/internal/JtaPlatformResolverInitiator
instanceKlass org/hibernate/engine/jdbc/cursor/spi/RefCursorSupport
instanceKlass org/hibernate/engine/jdbc/cursor/internal/RefCursorSupportInitiator
instanceKlass org/hibernate/engine/jdbc/spi/JdbcServices
instanceKlass org/hibernate/engine/jdbc/internal/JdbcServicesInitiator
instanceKlass org/hibernate/engine/jdbc/batch/spi/BatchBuilder
instanceKlass org/hibernate/engine/jdbc/batch/internal/BatchBuilderInitiator
instanceKlass org/hibernate/engine/jdbc/dialect/spi/DialectFactory
instanceKlass org/hibernate/engine/jdbc/dialect/internal/DialectFactoryInitiator
instanceKlass org/hibernate/engine/jdbc/dialect/spi/DialectResolver
instanceKlass org/hibernate/engine/jdbc/dialect/internal/DialectResolverInitiator
instanceKlass org/hibernate/engine/jdbc/connections/spi/MultiTenantConnectionProvider
instanceKlass org/hibernate/engine/jdbc/connections/internal/MultiTenantConnectionProviderInitiator
instanceKlass org/hibernate/engine/jdbc/connections/internal/UserSuppliedConnectionProviderImpl
instanceKlass org/hibernate/engine/jdbc/connections/internal/DriverManagerConnectionProviderImpl
instanceKlass org/hibernate/engine/jdbc/connections/internal/ConnectionValidator
instanceKlass org/hibernate/engine/jdbc/connections/internal/DatasourceConnectionProviderImpl
instanceKlass org/hibernate/service/spi/Configurable
instanceKlass org/hibernate/engine/jdbc/connections/spi/ConnectionProvider
instanceKlass org/hibernate/service/spi/Wrapped
instanceKlass org/hibernate/engine/jdbc/connections/internal/ConnectionProviderInitiator
instanceKlass org/hibernate/persister/spi/PersisterFactory
instanceKlass org/hibernate/persister/internal/PersisterFactoryInitiator
instanceKlass org/hibernate/persister/spi/PersisterClassResolver
instanceKlass org/hibernate/persister/internal/PersisterClassResolverInitiator
instanceKlass org/hibernate/engine/jndi/spi/JndiService
instanceKlass org/hibernate/engine/jndi/internal/JndiServiceInitiator
instanceKlass org/hibernate/engine/jdbc/connections/spi/JdbcConnectionAccess
instanceKlass org/hibernate/engine/jdbc/dialect/spi/DialectResolutionInfo
instanceKlass org/hibernate/dialect/DatabaseVersion
instanceKlass org/hibernate/engine/jdbc/env/spi/JdbcEnvironment
instanceKlass org/hibernate/engine/jdbc/env/internal/JdbcEnvironmentInitiator
instanceKlass org/hibernate/tool/schema/spi/SchemaManagementTool
instanceKlass org/hibernate/tool/schema/internal/SchemaManagementToolInitiator
instanceKlass org/hibernate/tool/schema/spi/SqlScriptCommandExtractor
instanceKlass org/hibernate/tool/schema/internal/script/SqlScriptExtractorInitiator
instanceKlass org/hibernate/property/access/spi/PropertyAccessStrategyResolver
instanceKlass org/hibernate/property/access/internal/PropertyAccessStrategyResolverInitiator
instanceKlass org/hibernate/engine/config/spi/ConfigurationService
instanceKlass org/hibernate/engine/config/internal/ConfigurationServiceInitiator
instanceKlass org/hibernate/boot/cfgxml/spi/CfgXmlAccessService
instanceKlass org/hibernate/boot/cfgxml/internal/CfgXmlAccessServiceInitiator
instanceKlass org/hibernate/bytecode/internal/ProxyFactoryFactoryInitiator
instanceKlass org/hibernate/bytecode/internal/BytecodeProviderInitiator
instanceKlass org/hibernate/boot/spi/SessionFactoryBuilderService
instanceKlass org/hibernate/boot/internal/DefaultSessionFactoryBuilderInitiator
instanceKlass org/hibernate/boot/registry/StandardServiceInitiator
instanceKlass org/hibernate/service/spi/ServiceInitiator
instanceKlass org/hibernate/service/StandardServiceInitiators
instanceKlass org/hibernate/boot/cfgxml/internal/ConfigLoader$1
instanceKlass org/hibernate/internal/util/ValueHolder$1
instanceKlass org/hibernate/internal/util/ValueHolder
instanceKlass org/hibernate/internal/util/ValueHolder$DeferredInitializer
instanceKlass org/hibernate/boot/cfgxml/internal/ConfigLoader
instanceKlass org/hibernate/internal/util/PropertiesHelper
instanceKlass org/hibernate/proxy/pojo/bytebuddy/ByteBuddyProxyHelper
instanceKlass org/hibernate/bytecode/internal/bytebuddy/ByteBuddyState$StandardClassRewriter
instanceKlass net/bytebuddy/matcher/LatentMatcher$Resolved
instanceKlass net/bytebuddy/dynamic/scaffold/InstrumentedType$WithFlexibleName
instanceKlass net/bytebuddy/dynamic/scaffold/InstrumentedType
instanceKlass net/bytebuddy/implementation/LoadedTypeInitializer
instanceKlass net/bytebuddy/dynamic/scaffold/TypeInitializer
instanceKlass net/bytebuddy/dynamic/scaffold/MethodGraph$Linked
instanceKlass net/bytebuddy/dynamic/scaffold/MethodGraph
instanceKlass net/bytebuddy/dynamic/scaffold/MethodGraph$Compiler$Default$Merger
instanceKlass net/bytebuddy/dynamic/scaffold/MethodGraph$Compiler$Default$Harmonizer
instanceKlass net/bytebuddy/dynamic/scaffold/MethodGraph$Compiler$AbstractBase
instanceKlass net/bytebuddy/dynamic/scaffold/MethodGraph$Compiler
instanceKlass net/bytebuddy/implementation/Implementation$Context$ExtractableView
instanceKlass net/bytebuddy/implementation/Implementation$Context
instanceKlass net/bytebuddy/implementation/MethodAccessorFactory
instanceKlass net/bytebuddy/implementation/attribute/AnnotationValueFilter
instanceKlass net/bytebuddy/utility/RandomString
instanceKlass net/bytebuddy/dynamic/scaffold/ClassWriterStrategy
instanceKlass net/bytebuddy/dynamic/VisibilityBridgeStrategy
instanceKlass net/bytebuddy/dynamic/scaffold/InstrumentedType$Factory
instanceKlass net/bytebuddy/implementation/attribute/AnnotationValueFilter$Factory
instanceKlass net/bytebuddy/implementation/auxiliary/AuxiliaryType$NamingStrategy$SuffixingRandom
instanceKlass net/bytebuddy/implementation/Implementation$Context$Factory
instanceKlass net/bytebuddy/implementation/auxiliary/AuxiliaryType$NamingStrategy
instanceKlass net/bytebuddy/NamingStrategy$AbstractBase
instanceKlass net/bytebuddy/matcher/LatentMatcher
instanceKlass net/bytebuddy/dynamic/scaffold/subclass/ConstructorStrategy
instanceKlass net/bytebuddy/ByteBuddy
instanceKlass net/bytebuddy/implementation/FieldAccessor$FieldLocation$Prepared
instanceKlass net/bytebuddy/implementation/FieldAccessor$FieldLocation$Relative
instanceKlass net/bytebuddy/implementation/FieldAccessor$FieldNameExtractor$ForFixedValue
instanceKlass net/bytebuddy/implementation/FieldAccessor$OwnerTypeLocatable
instanceKlass net/bytebuddy/implementation/FieldAccessor$AssignerConfigurable
instanceKlass net/bytebuddy/implementation/FieldAccessor$PropertyConfigurable
instanceKlass net/bytebuddy/implementation/FieldAccessor$FieldLocation
instanceKlass net/bytebuddy/implementation/FieldAccessor$FieldNameExtractor
instanceKlass net/bytebuddy/implementation/FieldAccessor
instanceKlass org/hibernate/bytecode/internal/bytebuddy/ByteBuddyState$ProxyDefinitionHelpers$2
instanceKlass net/bytebuddy/implementation/bytecode/assign/primitive/PrimitiveTypeAwareAssigner
instanceKlass net/bytebuddy/implementation/bytecode/assign/primitive/VoidAwareAssigner
instanceKlass net/bytebuddy/implementation/bytecode/assign/Assigner
instanceKlass net/bytebuddy/implementation/bind/MethodDelegationBinder$MethodBinding
instanceKlass net/bytebuddy/implementation/bind/annotation/TargetMethodAnnotationDrivenBinder$Record
instanceKlass net/bytebuddy/implementation/bind/annotation/TargetMethodAnnotationDrivenBinder$DelegationProcessor$Handler$Bound
instanceKlass net/bytebuddy/implementation/bind/annotation/RuntimeType$Verifier
instanceKlass net/bytebuddy/description/method/ParameterDescription$ForLoadedParameter$Parameter
instanceKlass net/bytebuddy/description/method/ParameterDescription$InDefinedShape
instanceKlass net/bytebuddy/description/method/ParameterDescription
instanceKlass net/bytebuddy/description/NamedElement$WithOptionalName
instanceKlass net/bytebuddy/description/method/ParameterList$ForLoadedExecutable$Executable
instanceKlass net/bytebuddy/description/method/ParameterList
instanceKlass net/bytebuddy/description/type/TypeDescription$Generic$Visitor$ForRawType
instanceKlass net/bytebuddy/utility/dispatcher/JavaDispatcher$Dispatcher$ForInstanceCheck
instanceKlass net/bytebuddy/description/type/TypeDefinition$Sort$AnnotatedType
instanceKlass net/bytebuddy/description/type/TypeDescription$Generic$AnnotationReader
instanceKlass net/bytebuddy/description/annotation/AnnotationValue
instanceKlass net/bytebuddy/description/enumeration/EnumerationDescription
instanceKlass net/bytebuddy/description/annotation/AnnotationDescription$AbstractBase
instanceKlass net/bytebuddy/description/annotation/AnnotationDescription$Loadable
instanceKlass net/bytebuddy/implementation/bind/annotation/IgnoreForBinding
instanceKlass net/bytebuddy/implementation/bind/annotation/RuntimeType
instanceKlass net/bytebuddy/description/annotation/AnnotationDescription
instanceKlass net/bytebuddy/implementation/bind/annotation/IgnoreForBinding$Verifier
instanceKlass net/bytebuddy/implementation/MethodDelegation$ImplementationDelegate$Compiled
instanceKlass net/bytebuddy/implementation/MethodDelegation$ImplementationDelegate$ForStaticMethod
instanceKlass net/bytebuddy/implementation/bind/annotation/Empty
instanceKlass net/bytebuddy/implementation/bind/annotation/StubValue
instanceKlass net/bytebuddy/implementation/bind/annotation/TargetMethodAnnotationDrivenBinder$DelegationProcessor$Handler$Unbound
instanceKlass net/bytebuddy/implementation/bind/annotation/TargetMethodAnnotationDrivenBinder$DelegationProcessor$Handler
instanceKlass net/bytebuddy/implementation/bind/annotation/TargetMethodAnnotationDrivenBinder$DelegationProcessor
instanceKlass net/bytebuddy/implementation/bind/annotation/TargetMethodAnnotationDrivenBinder
instanceKlass net/bytebuddy/implementation/bind/MethodDelegationBinder
instanceKlass org/hibernate/proxy/ProxyConfiguration$Interceptor
instanceKlass net/bytebuddy/implementation/bind/annotation/FieldValue
instanceKlass net/bytebuddy/dynamic/scaffold/FieldLocator$AbstractBase
instanceKlass net/bytebuddy/dynamic/scaffold/FieldLocator
instanceKlass net/bytebuddy/dynamic/scaffold/FieldLocator$Resolution
instanceKlass net/bytebuddy/implementation/bind/annotation/TargetMethodAnnotationDrivenBinder$ParameterBinder$ForFieldBinding
instanceKlass net/bytebuddy/implementation/bind/annotation/DefaultMethod
instanceKlass net/bytebuddy/implementation/bind/annotation/DefaultMethod$Binder$MethodLocator$ForExplicitType
instanceKlass net/bytebuddy/implementation/bind/annotation/DefaultMethod$Binder$MethodLocator
instanceKlass net/bytebuddy/implementation/bind/annotation/SuperMethod
instanceKlass net/bytebuddy/implementation/bind/annotation/DefaultCall
instanceKlass net/bytebuddy/implementation/bind/annotation/DefaultCall$Binder$DefaultMethodLocator$Explicit
instanceKlass net/bytebuddy/implementation/bind/annotation/DefaultCall$Binder$DefaultMethodLocator
instanceKlass net/bytebuddy/implementation/bind/annotation/SuperCall
instanceKlass net/bytebuddy/implementation/bytecode/StackManipulation$AbstractBase
instanceKlass net/bytebuddy/implementation/bind/annotation/Default
instanceKlass net/bytebuddy/implementation/bind/annotation/Super
instanceKlass net/bytebuddy/implementation/bind/annotation/This
instanceKlass net/bytebuddy/implementation/bytecode/StackManipulation$Compound
instanceKlass net/bytebuddy/implementation/bind/annotation/Origin
instanceKlass net/bytebuddy/utility/JavaConstant
instanceKlass net/bytebuddy/implementation/bind/MethodDelegationBinder$ParameterBinding$Anonymous
instanceKlass net/bytebuddy/implementation/bind/annotation/AllArguments
instanceKlass net/bytebuddy/implementation/bind/annotation/Argument
instanceKlass net/bytebuddy/implementation/bind/MethodDelegationBinder$ParameterBinding
instanceKlass net/bytebuddy/implementation/bytecode/StackManipulation
instanceKlass net/bytebuddy/implementation/bind/annotation/TargetMethodAnnotationDrivenBinder$ParameterBinder
instanceKlass net/bytebuddy/description/method/MethodDescription$InDefinedShape$AbstractBase$Executable
instanceKlass net/bytebuddy/description/ByteCodeElement$Token
instanceKlass net/bytebuddy/description/method/ParameterDescription$ForLoadedParameter$ParameterAnnotationSource
instanceKlass net/bytebuddy/implementation/bind/annotation/BindingPriority
instanceKlass net/bytebuddy/implementation/bind/MethodDelegationBinder$AmbiguityResolver$Compound
instanceKlass net/bytebuddy/implementation/bind/MethodDelegationBinder$BindingResolver
instanceKlass net/bytebuddy/dynamic/scaffold/FieldLocator$Factory
instanceKlass net/bytebuddy/implementation/MethodDelegation$ImplementationDelegate
instanceKlass net/bytebuddy/implementation/MethodDelegation$WithCustomProperties
instanceKlass net/bytebuddy/implementation/bind/MethodDelegationBinder$TerminationHandler
instanceKlass net/bytebuddy/implementation/bytecode/ByteCodeAppender
instanceKlass net/bytebuddy/implementation/bind/MethodDelegationBinder$Record
instanceKlass net/bytebuddy/implementation/bind/MethodDelegationBinder$AmbiguityResolver
instanceKlass net/bytebuddy/implementation/MethodDelegation
instanceKlass net/bytebuddy/implementation/Implementation$Composable
instanceKlass org/hibernate/proxy/ProxyConfiguration$InterceptorDispatcher
instanceKlass org/hibernate/internal/util/securitymanager/SystemSecurityManager
instanceKlass org/hibernate/bytecode/internal/bytebuddy/ByteBuddyState$ProxyDefinitionHelpers$1
instanceKlass org/hibernate/engine/spi/PersistentAttributeInterceptable
instanceKlass org/hibernate/proxy/ProxyConfiguration
instanceKlass org/hibernate/engine/spi/SelfDirtinessTracker
instanceKlass org/hibernate/engine/spi/ManagedMappedSuperclass
instanceKlass org/hibernate/engine/spi/CompositeTracker
instanceKlass org/hibernate/engine/spi/ManagedEntity
instanceKlass org/hibernate/engine/spi/CompositeOwner
instanceKlass org/hibernate/proxy/HibernateProxy
instanceKlass org/hibernate/engine/spi/ManagedComposite
instanceKlass org/hibernate/engine/spi/Managed
instanceKlass org/hibernate/engine/spi/PrimeAmongSecondarySupertypes
instanceKlass net/bytebuddy/dynamic/TargetType
instanceKlass net/bytebuddy/utility/dispatcher/JavaDispatcher$ProxiedInvocationHandler
instanceKlass net/bytebuddy/utility/dispatcher/JavaDispatcher$Dispatcher$ForDefaultValue$OfNonPrimitiveArray
instanceKlass net/bytebuddy/utility/dispatcher/JavaDispatcher$Dispatcher$ForNonStaticMethod
instanceKlass net/bytebuddy/utility/dispatcher/JavaDispatcher$IsConstructor
instanceKlass net/bytebuddy/utility/dispatcher/JavaDispatcher$IsStatic
instanceKlass net/bytebuddy/utility/dispatcher/JavaDispatcher$Container
instanceKlass net/bytebuddy/utility/nullability/MaybeNull
instanceKlass net/bytebuddy/utility/dispatcher/JavaDispatcher$Instance
instanceKlass java/io/Console
instanceKlass net/bytebuddy/utility/dispatcher/JavaDispatcher$Defaults
instanceKlass net/bytebuddy/utility/Invoker$Dispatcher
instanceKlass net/bytebuddy/jar/asm/Attribute
instanceKlass net/bytebuddy/jar/asm/Handler
instanceKlass net/bytebuddy/jar/asm/Frame
instanceKlass net/bytebuddy/jar/asm/Type
instanceKlass net/bytebuddy/jar/asm/ByteVector
instanceKlass net/bytebuddy/jar/asm/Symbol
instanceKlass net/bytebuddy/jar/asm/SymbolTable
instanceKlass net/bytebuddy/jar/asm/FieldVisitor
instanceKlass net/bytebuddy/jar/asm/ModuleVisitor
instanceKlass net/bytebuddy/jar/asm/MethodVisitor
instanceKlass net/bytebuddy/jar/asm/AnnotationVisitor
instanceKlass net/bytebuddy/jar/asm/RecordComponentVisitor
instanceKlass net/bytebuddy/jar/asm/ClassVisitor
instanceKlass net/bytebuddy/utility/Invoker
instanceKlass net/bytebuddy/utility/dispatcher/JavaDispatcher$InvokerCreationAction
instanceKlass java/lang/reflect/AnnotatedType
instanceKlass net/bytebuddy/utility/dispatcher/JavaDispatcher$DynamicClassLoader$Resolver$ForModuleSystem
instanceKlass net/bytebuddy/utility/dispatcher/JavaDispatcher$DynamicClassLoader$Resolver
instanceKlass net/bytebuddy/utility/dispatcher/JavaDispatcher$Proxied
instanceKlass net/bytebuddy/utility/dispatcher/JavaDispatcher$Dispatcher
instanceKlass net/bytebuddy/utility/dispatcher/JavaDispatcher
instanceKlass net/bytebuddy/description/type/TypeDescription$ForLoadedType$Dispatcher
instanceKlass net/bytebuddy/utility/privilege/GetSystemPropertyAction
instanceKlass net/bytebuddy/description/type/PackageDescription
instanceKlass net/bytebuddy/description/field/FieldList
instanceKlass net/bytebuddy/description/method/MethodList
instanceKlass net/bytebuddy/description/type/RecordComponentList
instanceKlass net/bytebuddy/description/type/TypeList
instanceKlass net/bytebuddy/description/type/TypeDescription$Generic$Visitor
instanceKlass net/bytebuddy/description/type/TypeDescription$Generic
instanceKlass net/bytebuddy/description/annotation/AnnotationList
instanceKlass net/bytebuddy/description/ModifierReviewable$AbstractBase
instanceKlass net/bytebuddy/description/ModifierReviewable$ForParameterDescription
instanceKlass net/bytebuddy/description/type/TypeList$Generic
instanceKlass net/bytebuddy/matcher/FilterableList
instanceKlass org/hibernate/bytecode/internal/bytebuddy/ByteBuddyState$ProxyDefinitionHelpers$$Lambda$280
instanceKlass net/bytebuddy/description/type/TypeDescription
instanceKlass net/bytebuddy/description/type/TypeDefinition
instanceKlass net/bytebuddy/description/ModifierReviewable$ForTypeDefinition
instanceKlass org/hibernate/bytecode/internal/bytebuddy/ByteBuddyState$ProxyDefinitionHelpers
instanceKlass org/hibernate/bytecode/internal/bytebuddy/ByteBuddyState$ClassRewriter
instanceKlass org/hibernate/bytecode/internal/bytebuddy/ByteBuddyState
instanceKlass java/lang/Process
instanceKlass net/bytebuddy/ClassFileVersion$VersionLocator$Resolved
instanceKlass net/bytebuddy/ClassFileVersion$VersionLocator
instanceKlass net/bytebuddy/ClassFileVersion
instanceKlass net/bytebuddy/matcher/ElementMatcher$Junction$AbstractBase
instanceKlass net/bytebuddy/description/field/FieldDescription$InDefinedShape
instanceKlass net/bytebuddy/description/field/FieldDescription
instanceKlass net/bytebuddy/description/ModifierReviewable$ForFieldDescription
instanceKlass net/bytebuddy/description/ModifierReviewable$OfEnumeration
instanceKlass net/bytebuddy/description/method/MethodDescription$InDefinedShape
instanceKlass net/bytebuddy/description/method/MethodDescription
instanceKlass net/bytebuddy/description/ByteCodeElement$TypeDependant
instanceKlass net/bytebuddy/description/ByteCodeElement
instanceKlass net/bytebuddy/description/annotation/AnnotationSource
instanceKlass net/bytebuddy/description/NamedElement$WithDescriptor
instanceKlass net/bytebuddy/description/NamedElement$WithGenericName
instanceKlass net/bytebuddy/description/NamedElement$WithRuntimeName
instanceKlass net/bytebuddy/description/NamedElement
instanceKlass net/bytebuddy/description/ModifierReviewable$ForMethodDescription
instanceKlass net/bytebuddy/description/DeclaredByType$WithMandatoryDeclaration
instanceKlass net/bytebuddy/description/DeclaredByType
instanceKlass net/bytebuddy/description/TypeVariableSource
instanceKlass net/bytebuddy/description/ModifierReviewable$OfAbstraction
instanceKlass net/bytebuddy/description/ModifierReviewable$OfByteCodeElement
instanceKlass net/bytebuddy/description/ModifierReviewable
instanceKlass net/bytebuddy/matcher/ElementMatcher$Junction
instanceKlass net/bytebuddy/matcher/ElementMatchers
instanceKlass net/bytebuddy/dynamic/DynamicType$Builder
instanceKlass net/bytebuddy/implementation/Implementation
instanceKlass net/bytebuddy/dynamic/scaffold/InstrumentedType$Prepareable
instanceKlass net/bytebuddy/matcher/ElementMatcher
instanceKlass net/bytebuddy/NamingStrategy
instanceKlass net/bytebuddy/NamingStrategy$SuffixingRandom$BaseNameResolver
instanceKlass net/bytebuddy/NamingStrategy$Suffixing$BaseNameResolver
instanceKlass org/hibernate/bytecode/spi/ReflectionOptimizer
instanceKlass org/hibernate/bytecode/spi/ProxyFactoryFactory
instanceKlass org/hibernate/bytecode/enhance/spi/Enhancer
instanceKlass org/hibernate/bytecode/internal/bytebuddy/BytecodeProviderImpl
instanceKlass org/hibernate/internal/util/config/ConfigurationHelper$$Lambda$279
instanceKlass org/hibernate/engine/config/spi/ConfigurationService$Converter
instanceKlass org/hibernate/internal/util/config/ConfigurationHelper
instanceKlass org/hibernate/internal/util/ConfigHelper
instanceKlass org/hibernate/Version
instanceKlass org/hibernate/bytecode/spi/BytecodeProvider
instanceKlass org/hibernate/cfg/Environment
instanceKlass org/hibernate/cfg/AvailableSettings
instanceKlass org/hibernate/boot/cfgxml/spi/LoadedConfig
instanceKlass org/hibernate/boot/registry/StandardServiceRegistry
instanceKlass org/hibernate/boot/registry/StandardServiceRegistryBuilder
instanceKlass org/hibernate/boot/model/naming/PhysicalNamingStrategyStandardImpl
instanceKlass com/fasterxml/classmate/MemberResolver
instanceKlass com/fasterxml/classmate/util/ResolvedTypeCache
instanceKlass com/fasterxml/classmate/util/ClassKey
instanceKlass com/fasterxml/classmate/TypeBindings
instanceKlass com/fasterxml/classmate/members/RawMember
instanceKlass com/fasterxml/classmate/ResolvedType
instanceKlass com/fasterxml/classmate/TypeResolver
instanceKlass org/hibernate/boot/internal/ClassmateContext
instanceKlass org/hibernate/boot/jaxb/internal/MappingBinder$$Lambda$278
instanceKlass org/hibernate/boot/jaxb/internal/MappingBinder$$Lambda$277
instanceKlass javax/xml/stream/FactoryFinder$$Lambda$276
instanceKlass javax/xml/stream/FactoryFinder$$Lambda$275
instanceKlass javax/xml/stream/FactoryFinder$1
instanceKlass javax/xml/stream/FactoryFinder$$Lambda$274
instanceKlass javax/xml/stream/FactoryFinder
instanceKlass javax/xml/stream/XMLEventFactory
instanceKlass org/hibernate/boot/jaxb/internal/stax/LocalSchemaLocator
instanceKlass org/hibernate/boot/jaxb/internal/stax/LocalXmlResourceResolver$DtdDescriptor
instanceKlass org/hibernate/boot/jaxb/internal/stax/LocalXmlResourceResolver
instanceKlass org/hibernate/boot/jaxb/internal/MappingBinder$2
instanceKlass org/hibernate/boot/jaxb/internal/MappingBinder$1
instanceKlass org/hibernate/boot/jaxb/internal/MappingBinder$Options
instanceKlass jakarta/xml/bind/ValidationEventHandler
instanceKlass javax/xml/stream/XMLResolver
instanceKlass javax/xml/stream/XMLEventReader
instanceKlass org/hibernate/boot/jaxb/internal/AbstractBinder
instanceKlass org/hibernate/cfg/Configuration$$Lambda$273
instanceKlass org/hibernate/boot/spi/XmlMappingBinderAccess
instanceKlass org/hibernate/boot/spi/MetadataBuilderImplementor
instanceKlass org/hibernate/boot/MetadataBuilder
instanceKlass org/hibernate/boot/jaxb/spi/Binder
instanceKlass org/hibernate/boot/MetadataSources
instanceKlass org/hibernate/service/spi/ServiceBinding
instanceKlass org/hibernate/boot/registry/selector/StrategyRegistrationProvider
instanceKlass org/hibernate/type/jaxb/JaxbXmlFormatMapper
instanceKlass org/hibernate/type/jackson/JacksonXmlFormatMapper
instanceKlass org/hibernate/type/jakartajson/JsonBJsonFormatMapper
instanceKlass org/hibernate/type/jackson/JacksonJsonFormatMapper
instanceKlass org/hibernate/type/FormatMapper
instanceKlass org/hibernate/cache/internal/SimpleCacheKeysFactory
instanceKlass org/hibernate/cache/internal/DefaultCacheKeysFactory
instanceKlass org/hibernate/cache/spi/CacheKeysFactory
instanceKlass org/hibernate/id/enhanced/LegacyNamingStrategy
instanceKlass org/hibernate/id/enhanced/SingleNamingStrategy
instanceKlass org/hibernate/id/enhanced/StandardNamingStrategy
instanceKlass org/hibernate/id/enhanced/ImplicitDatabaseObjectNamingStrategy
instanceKlass org/hibernate/boot/model/naming/ImplicitNamingStrategyJpaCompliantImpl
instanceKlass org/hibernate/boot/model/naming/ImplicitNamingStrategy
instanceKlass org/hibernate/query/sqm/mutation/internal/temptable/PersistentTableStrategy
instanceKlass org/hibernate/query/sqm/mutation/internal/temptable/LocalTemporaryTableStrategy
instanceKlass org/hibernate/query/sqm/mutation/internal/temptable/GlobalTemporaryTableStrategy
instanceKlass org/hibernate/query/sqm/mutation/internal/cte/CteMutationStrategy
instanceKlass org/hibernate/query/sqm/mutation/spi/SqmMultiTableMutationStrategy
instanceKlass org/hibernate/resource/transaction/backend/jta/internal/JtaTransactionCoordinatorBuilderImpl
instanceKlass org/hibernate/service/spi/ServiceRegistryAwareService
instanceKlass org/hibernate/boot/registry/selector/internal/StrategySelectorImpl$$Lambda$272
instanceKlass org/hibernate/resource/transaction/backend/jdbc/internal/JdbcResourceLocalTransactionCoordinatorBuilderImpl
instanceKlass org/hibernate/resource/transaction/spi/TransactionCoordinatorBuilder
instanceKlass org/hibernate/boot/registry/selector/internal/DefaultJtaPlatformSelector
instanceKlass org/hibernate/engine/transaction/jta/platform/spi/JtaPlatform
instanceKlass org/hibernate/boot/registry/selector/internal/DefaultDialectSelector
instanceKlass org/hibernate/boot/registry/selector/internal/AggregatedDialectSelector
instanceKlass org/hibernate/boot/registry/selector/spi/DialectSelector
instanceKlass org/hibernate/dialect/Dialect
instanceKlass org/hibernate/exception/spi/ConversionContext
instanceKlass org/hibernate/boot/registry/selector/internal/StrategySelectorImpl$$Lambda$271
instanceKlass org/hibernate/boot/registry/selector/spi/StrategyCreator
instanceKlass org/hibernate/boot/registry/selector/internal/StrategySelectorImpl
instanceKlass org/hibernate/boot/registry/internal/BootstrapServiceRegistryImpl
instanceKlass org/hibernate/service/spi/ServiceBinding$ServiceLifecycleOwner
instanceKlass org/hibernate/service/spi/ServiceRegistryImplementor
instanceKlass org/hibernate/boot/registry/classloading/internal/AggregatedClassLoader$4
instanceKlass org/hibernate/boot/registry/classloading/internal/AggregatedClassLoader$2
instanceKlass org/hibernate/boot/registry/classloading/internal/AggregatedServiceLoader
instanceKlass org/hibernate/engine/spi/SharedSessionContractImplementor
instanceKlass org/hibernate/type/descriptor/java/JavaType$CoercionContext
instanceKlass org/hibernate/query/spi/QueryProducerImplementor
instanceKlass org/hibernate/type/descriptor/WrapperOptions
instanceKlass org/hibernate/engine/jdbc/LobCreationContext
instanceKlass org/hibernate/resource/transaction/spi/TransactionCoordinatorBuilder$Options
instanceKlass org/hibernate/resource/jdbc/spi/JdbcSessionOwner
instanceKlass org/hibernate/SharedSessionContract
instanceKlass org/hibernate/query/QueryProducer
instanceKlass org/hibernate/cache/internal/CollectionCacheInvalidator
instanceKlass org/hibernate/event/spi/PostUpdateEventListener
instanceKlass org/hibernate/event/spi/PostDeleteEventListener
instanceKlass org/hibernate/event/spi/PostInsertEventListener
instanceKlass org/hibernate/event/spi/PostActionEventListener
instanceKlass org/hibernate/cfg/beanvalidation/ActivationContext
instanceKlass org/hibernate/cfg/beanvalidation/BeanValidationIntegrator
instanceKlass org/hibernate/integrator/spi/Integrator
instanceKlass org/hibernate/integrator/internal/IntegratorServiceImpl
instanceKlass org/hibernate/boot/registry/classloading/internal/ClassLoaderServiceImpl$1
instanceKlass org/hibernate/boot/registry/classloading/internal/ClassLoaderServiceImpl
instanceKlass org/hibernate/boot/registry/selector/spi/StrategySelector
instanceKlass org/hibernate/boot/registry/selector/internal/LazyServiceResolver
instanceKlass org/hibernate/boot/registry/selector/StrategyRegistration
instanceKlass org/hibernate/boot/registry/selector/internal/StrategySelectorBuilder
instanceKlass org/hibernate/boot/registry/BootstrapServiceRegistry
instanceKlass org/hibernate/integrator/spi/IntegratorService
instanceKlass org/hibernate/boot/registry/classloading/spi/ClassLoaderService
instanceKlass org/hibernate/service/spi/Stoppable
instanceKlass org/hibernate/service/Service
instanceKlass org/hibernate/boot/ResourceStreamLocator
instanceKlass org/hibernate/boot/ResourceLocator
instanceKlass org/hibernate/boot/registry/BootstrapServiceRegistryBuilder
instanceKlass java/util/logging/Level$KnownLevel$$Lambda$270
instanceKlass java/util/logging/Level$KnownLevel$$Lambda$269
instanceKlass java/util/logging/Level$KnownLevel$$Lambda$268
instanceKlass org/jboss/logging/AbstractLoggerProvider
instanceKlass org/jboss/logging/LoggerProvider
instanceKlass org/jboss/logging/LoggerProviders
instanceKlass org/jboss/logging/DelegatingBasicLogger
instanceKlass org/jboss/logging/SecurityActions
instanceKlass org/jboss/logging/LoggingLocale
instanceKlass org/jboss/logging/Logger
instanceKlass org/hibernate/internal/CoreMessageLogger
instanceKlass org/jboss/logging/BasicLogger
instanceKlass org/hibernate/internal/CoreLogging
instanceKlass org/hibernate/boot/model/convert/spi/ConverterDescriptor
instanceKlass org/hibernate/boot/model/naming/PhysicalNamingStrategy
instanceKlass org/hibernate/service/ServiceRegistry
instanceKlass org/hibernate/cfg/Configuration
instanceKlass lk/karu/openbay/util/HibernateUtil
instanceKlass com/google/gson/internal/LinkedTreeMap$Node
instanceKlass com/google/gson/internal/LinkedTreeMap$1
instanceKlass com/google/gson/JsonElement
instanceKlass lk/karu/openbay/service/ContentService
instanceKlass org/glassfish/jersey/server/SubjectSecurityContext
instanceKlass org/glassfish/jersey/server/model/internal/AbstractJavaResourceMethodDispatcher$1
instanceKlass org/glassfish/jersey/server/model/ResourceMethodInvoker$$Lambda$267
instanceKlass org/glassfish/jersey/server/ContainerResponse
instanceKlass org/glassfish/jersey/process/internal/Stages$InflectingStage
instanceKlass org/glassfish/jersey/process/internal/Inflecting
instanceKlass org/glassfish/jersey/internal/inject/Providers$$Lambda$266
instanceKlass org/glassfish/jersey/internal/inject/Providers$$Lambda$265
instanceKlass org/glassfish/jersey/server/internal/routing/PushMatchedMethodRouter$1
instanceKlass org/glassfish/jersey/server/internal/routing/AbstractMethodSelectingRouter$3
instanceKlass org/glassfish/jersey/internal/routing/RequestSpecificConsumesProducesAcceptor
instanceKlass org/glassfish/jersey/internal/routing/CombinedMediaType$1
instanceKlass org/glassfish/jersey/internal/routing/CombinedMediaType
instanceKlass org/glassfish/jersey/server/internal/routing/AbstractMethodSelectingRouter$MethodSelector
instanceKlass org/glassfish/jersey/internal/util/collection/GuardianStringKeyMultivaluedMap$MutableGuardian
instanceKlass org/glassfish/jersey/server/internal/routing/RoutingStage$RoutingResult
instanceKlass org/glassfish/jersey/server/internal/routing/Router$Continuation
instanceKlass org/glassfish/jersey/server/internal/routing/SingleMatchResult
instanceKlass jakarta/ws/rs/container/ContainerResponseContext
instanceKlass org/glassfish/jersey/inject/hk2/RequestContext$$Lambda$264
instanceKlass org/glassfish/jersey/internal/inject/ForeignDescriptorImpl$$Lambda$263
instanceKlass org/glassfish/jersey/internal/inject/ForeignDescriptorImpl
instanceKlass org/glassfish/jersey/process/internal/Stage$Continuation
instanceKlass org/glassfish/jersey/internal/util/collection/Refs$DefaultRefImpl
instanceKlass jakarta/ws/rs/core/Response$StatusType
instanceKlass org/glassfish/jersey/server/ServerRuntime$1
instanceKlass org/glassfish/jersey/server/ServerRuntime$AsyncResponderHolder
instanceKlass org/glassfish/jersey/internal/util/LazyUid
instanceKlass org/glassfish/jersey/inject/hk2/Hk2RequestScope$Instance
instanceKlass org/glassfish/jersey/internal/util/Closure
instanceKlass org/glassfish/jersey/server/ServerRuntime$AbstractCallbackRunner
instanceKlass jakarta/ws/rs/container/CompletionCallback
instanceKlass jakarta/ws/rs/container/ConnectionCallback
instanceKlass org/glassfish/jersey/message/internal/OutboundMessageContext$StreamProvider
instanceKlass org/glassfish/jersey/server/ServerRuntime$Responder
instanceKlass org/glassfish/jersey/internal/util/collection/Refs$ThreadSafeRefImpl
instanceKlass org/glassfish/jersey/internal/util/collection/Refs
instanceKlass org/glassfish/jersey/server/internal/process/DefaultCloseableService
instanceKlass org/glassfish/jersey/server/internal/process/DefaultRespondingContext
instanceKlass org/glassfish/jersey/server/internal/process/RequestProcessingContext
instanceKlass org/glassfish/jersey/server/internal/process/RespondingContext
instanceKlass org/glassfish/jersey/server/internal/monitoring/EmptyRequestEventBuilder
instanceKlass org/glassfish/jersey/message/internal/InboundMessageContext$5
instanceKlass org/apache/tomcat/util/http/NamesEnumerator
instanceKlass org/glassfish/jersey/servlet/WebComponent$$Lambda$262
instanceKlass org/glassfish/jersey/servlet/WebComponent$5
instanceKlass org/glassfish/jersey/internal/util/collection/ImmutableMultivaluedMap
instanceKlass org/glassfish/jersey/server/internal/routing/UriRoutingContext$$Lambda$261
instanceKlass org/glassfish/jersey/server/internal/routing/UriRoutingContext
instanceKlass org/glassfish/jersey/server/internal/routing/RoutingContext
instanceKlass org/glassfish/jersey/message/internal/TracingAwarePropertiesDelegate
instanceKlass org/glassfish/jersey/server/ContainerRequest$$Lambda$260
instanceKlass org/glassfish/jersey/message/internal/InboundMessageContext$$Lambda$259
instanceKlass org/glassfish/jersey/message/internal/InboundMessageContext$$Lambda$258
instanceKlass org/glassfish/jersey/internal/RuntimeDelegateDecorator
instanceKlass org/glassfish/jersey/internal/util/collection/StringIgnoreCaseKeyComparator
instanceKlass org/glassfish/jersey/message/internal/HeaderUtils
instanceKlass org/glassfish/jersey/internal/util/collection/GuardianStringKeyMultivaluedMap
instanceKlass org/glassfish/jersey/servlet/ServletPropertiesDelegate
instanceKlass org/glassfish/jersey/servlet/WebComponent$6
instanceKlass org/glassfish/jersey/server/internal/JerseyRequestTimeoutHandler
instanceKlass java/util/concurrent/CompletableFuture$AsynchronousCompletionTask
instanceKlass java/util/concurrent/ForkJoinPool$WorkQueue
instanceKlass java/util/concurrent/ForkJoinPool$1
instanceKlass java/util/concurrent/ForkJoinPool$DefaultForkJoinWorkerThreadFactory
instanceKlass java/util/concurrent/ForkJoinPool$ForkJoinWorkerThreadFactory
instanceKlass java/util/concurrent/ForkJoinTask
instanceKlass java/util/concurrent/CompletableFuture$AltResult
instanceKlass java/util/concurrent/CompletableFuture
instanceKlass java/util/concurrent/CompletionStage
instanceKlass org/glassfish/jersey/server/internal/ContainerUtils
instanceKlass org/glassfish/jersey/internal/guava/InetAddresses
instanceKlass org/glassfish/jersey/uri/internal/UriParser
instanceKlass org/apache/catalina/util/RequestUtil
instanceKlass org/jvnet/hk2/internal/CacheKey$1
instanceKlass org/glassfish/jersey/servlet/WebComponent$$Lambda$257
instanceKlass org/glassfish/jersey/internal/Errors$3
instanceKlass org/glassfish/jersey/message/internal/TracingLogger
instanceKlass org/glassfish/jersey/server/TracingUtils
instanceKlass org/glassfish/jersey/server/ServerRuntime$$Lambda$256
instanceKlass org/glassfish/jersey/spi/AbstractThreadPoolProvider$$Lambda$255
instanceKlass org/glassfish/jersey/internal/guava/ThreadFactoryBuilder$1
instanceKlass org/glassfish/jersey/process/JerseyProcessingUncaughtExceptionHandler
instanceKlass org/glassfish/jersey/internal/guava/ThreadFactoryBuilder
instanceKlass org/glassfish/hk2/utilities/general/ThreadSpecificObject
instanceKlass org/glassfish/jersey/server/internal/monitoring/RequestEventBuilder
instanceKlass org/glassfish/jersey/server/internal/routing/MatchedEndpointExtractorStage
instanceKlass org/glassfish/jersey/process/internal/Stages$LinkedStage
instanceKlass org/glassfish/jersey/process/internal/Stages$StageChainBuilder
instanceKlass org/glassfish/jersey/process/internal/Stage$Builder
instanceKlass org/glassfish/jersey/process/internal/Stages
instanceKlass org/glassfish/jersey/server/ApplicationHandler$$Lambda$254
instanceKlass org/glassfish/jersey/server/internal/process/ReferencesInitializer
instanceKlass org/glassfish/jersey/server/internal/routing/MatchResultInitializerRouter
instanceKlass org/glassfish/jersey/server/internal/routing/PathMatchingRouter
instanceKlass org/glassfish/jersey/server/internal/routing/Route
instanceKlass org/glassfish/jersey/server/internal/routing/PathMatchingRouterBuilder
instanceKlass org/glassfish/jersey/server/internal/routing/PathToRouterBuilder
instanceKlass org/glassfish/jersey/server/internal/routing/AbstractMethodSelectingRouter$4
instanceKlass org/glassfish/jersey/internal/routing/CombinedMediaType$EffectiveMediaType
instanceKlass org/glassfish/jersey/internal/guava/Primitives
instanceKlass org/glassfish/jersey/server/internal/routing/AbstractMethodSelectingRouter$1
instanceKlass org/glassfish/jersey/server/internal/routing/AbstractMethodSelectingRouter$ConsumesProducesAcceptor
instanceKlass org/glassfish/jersey/internal/routing/ContentTypeDeterminer
instanceKlass org/glassfish/jersey/server/internal/routing/PushMethodHandlerRouter
instanceKlass org/glassfish/jersey/server/internal/routing/Routers$EndpointRouter
instanceKlass org/glassfish/jersey/server/internal/routing/Routers$1
instanceKlass org/glassfish/jersey/server/internal/routing/Routers
instanceKlass org/glassfish/jersey/server/model/internal/AbstractJavaResourceMethodDispatcher
instanceKlass org/glassfish/jersey/server/model/ResourceMethodInvoker
instanceKlass org/glassfish/jersey/server/internal/routing/RuntimeModelBuilder$1
instanceKlass org/glassfish/jersey/server/internal/routing/PushMatchedMethodRouter
instanceKlass org/glassfish/jersey/server/internal/routing/MethodRouting
instanceKlass org/glassfish/jersey/server/internal/routing/PushMatchedTemplateRouter
instanceKlass org/glassfish/jersey/server/internal/routing/PushMatchedRuntimeResourceRouter
instanceKlass org/glassfish/jersey/server/internal/routing/PushMatchedUriRouter
instanceKlass java/lang/invoke/LambdaForm$MH
instanceKlass java/lang/invoke/LambdaForm$DMH
instanceKlass org/glassfish/jersey/server/internal/routing/RuntimeModelBuilder$$Lambda$253
instanceKlass org/glassfish/jersey/server/internal/routing/RuntimeLocatorModelBuilder
instanceKlass org/glassfish/jersey/server/internal/process/Endpoint
instanceKlass org/glassfish/jersey/server/internal/routing/Router
instanceKlass org/glassfish/jersey/server/internal/routing/RuntimeModelBuilder
instanceKlass org/glassfish/jersey/server/ApplicationHandler$$Lambda$252
instanceKlass org/glassfish/jersey/server/internal/routing/Routing$Builder
instanceKlass org/glassfish/jersey/server/internal/routing/Routing
instanceKlass org/glassfish/jersey/process/internal/AbstractChainableStage
instanceKlass org/glassfish/jersey/server/model/internal/ModelErrors$$Lambda$251
instanceKlass org/glassfish/jersey/server/model/ResourceModelIssue
instanceKlass org/glassfish/jersey/server/model/internal/ModelErrors
instanceKlass java/util/ArrayList$SubList$1
instanceKlass org/glassfish/jersey/server/internal/inject/PathParamValueParamProvider$PathParamValueProvider
instanceKlass org/glassfish/jersey/server/internal/inject/PrimitiveValueOfExtractor
instanceKlass org/glassfish/jersey/internal/inject/PrimitiveMapper
instanceKlass java/util/OptionalLong
instanceKlass java/util/OptionalDouble
instanceKlass java/util/OptionalInt
instanceKlass jakarta/ws/rs/core/PathSegment
instanceKlass org/glassfish/jersey/server/internal/inject/DelegatedInjectionValueParamProvider$$Lambda$250
instanceKlass org/glassfish/jersey/server/internal/inject/EntityParamValueParamProvider$EntityValueSupplier
instanceKlass org/glassfish/jersey/server/model/ResourceMethodValidator$$Lambda$249
instanceKlass org/glassfish/jersey/server/spi/internal/ParamValueFactoryWithSource
instanceKlass org/glassfish/jersey/server/internal/inject/QueryParamValueParamProvider$QueryParamValueProvider
instanceKlass org/glassfish/jersey/server/internal/inject/AbstractParamValueExtractor
instanceKlass org/glassfish/jersey/internal/inject/ParamConverters$AbstractStringReader
instanceKlass org/glassfish/jersey/internal/util/ReflectionHelper$13
instanceKlass java/util/stream/IntStream
instanceKlass org/glassfish/jersey/internal/util/ReflectionHelper$12
instanceKlass org/glassfish/jersey/internal/inject/ParamConverters$OptionalProvider
instanceKlass org/glassfish/jersey/internal/inject/ParamConverters$OptionalCustomProvider
instanceKlass org/glassfish/jersey/internal/inject/ParamConverters$StringConstructor
instanceKlass org/glassfish/jersey/internal/inject/ParamConverters$InputStreamProvider
instanceKlass org/glassfish/jersey/internal/inject/ParamConverters$CharacterProvider
instanceKlass org/glassfish/jersey/internal/inject/ParamConverters$TypeValueOf
instanceKlass org/glassfish/jersey/internal/inject/ParamConverters$TypeFromString
instanceKlass org/glassfish/jersey/internal/inject/ParamConverters$DateProvider
instanceKlass jakarta/ws/rs/ext/ParamConverter
instanceKlass org/glassfish/jersey/internal/inject/ParamConverters
instanceKlass org/glassfish/jersey/server/spi/internal/ParameterValueHelper$$Lambda$248
instanceKlass org/glassfish/jersey/server/spi/internal/ParameterValueHelper
instanceKlass org/glassfish/jersey/server/model/ResourceMethodValidator$2
instanceKlass org/glassfish/jersey/internal/Errors$1
instanceKlass org/glassfish/jersey/server/model/ComponentModelValidator$1
instanceKlass org/glassfish/jersey/server/model/ComponentModelValidator
instanceKlass org/glassfish/jersey/internal/inject/Providers$$Lambda$247
instanceKlass org/glassfish/jersey/server/internal/ProcessingProviders
instanceKlass org/glassfish/jersey/internal/inject/Providers$$Lambda$246
instanceKlass org/glassfish/jersey/server/JSONP
instanceKlass jakarta/ws/rs/ext/ReaderInterceptorContext
instanceKlass jakarta/ws/rs/ext/WriterInterceptorContext
instanceKlass jakarta/ws/rs/ext/InterceptorContext
instanceKlass jakarta/ws/rs/container/PreMatching
instanceKlass jakarta/servlet/http/Part
instanceKlass jakarta/servlet/http/HttpSession
instanceKlass jakarta/servlet/http/Cookie
instanceKlass org/jvnet/hk2/internal/MethodInterceptorInvocationHandler
instanceKlass org/jvnet/hk2/internal/ProxyUtilities$3
instanceKlass javassist/util/proxy/ProxyFactory
instanceKlass org/jvnet/hk2/internal/ProxyUtilities$2
instanceKlass org/jvnet/hk2/internal/ProxyUtilities$1
instanceKlass org/jvnet/hk2/internal/MethodInterceptorImpl
instanceKlass org/glassfish/hk2/api/ProxyCtl
instanceKlass org/jvnet/hk2/internal/ProxyUtilities
instanceKlass javassist/util/proxy/MethodHandler
instanceKlass org/jvnet/hk2/internal/FactoryCreator
instanceKlass org/jvnet/hk2/internal/SystemDescriptor$1
instanceKlass org/glassfish/jersey/internal/inject/ForeignRequestScopeBridge
instanceKlass org/glassfish/jersey/server/model/internal/ResourceMethodInvokerConfigurator$$Lambda$245
instanceKlass org/glassfish/jersey/server/internal/inject/ConfiguredValidator
instanceKlass jakarta/validation/Validator
instanceKlass org/glassfish/jersey/server/model/internal/ResourceMethodInvocationHandlerFactory$$Lambda$244
instanceKlass org/glassfish/jersey/server/model/internal/ResourceMethodInvocationHandlerFactory$$Lambda$243
instanceKlass java/lang/invoke/LambdaForm$DMH
instanceKlass org/glassfish/jersey/server/model/internal/ResourceMethodInvocationHandlerFactory
instanceKlass org/glassfish/jersey/server/model/internal/ResourceMethodDispatcherFactory
instanceKlass org/glassfish/jersey/server/spi/internal/ResourceMethodInvocationHandlerProvider
instanceKlass org/glassfish/jersey/server/model/ResourceMethodInvoker$Builder
instanceKlass org/glassfish/jersey/server/spi/internal/ResourceMethodDispatcher
instanceKlass org/glassfish/jersey/server/model/internal/JavaResourceMethodDispatcherProvider
instanceKlass org/glassfish/jersey/server/model/internal/VoidVoidDispatcherProvider
instanceKlass org/glassfish/jersey/server/spi/internal/ResourceMethodDispatcher$Provider
instanceKlass javax/xml/transform/TransformerFactory
instanceKlass jakarta/ws/rs/core/StreamingOutput
instanceKlass sun/reflect/generics/tree/ByteSignature
instanceKlass org/glassfish/jersey/internal/util/ReflectionHelper$DeclaringClassInterfacePair
instanceKlass org/glassfish/jersey/internal/guava/LocalCache$StrongValueReference
instanceKlass org/glassfish/jersey/internal/guava/Platform
instanceKlass org/glassfish/jersey/message/internal/ReaderWriter
instanceKlass org/glassfish/jersey/internal/inject/Providers$$Lambda$242
instanceKlass org/glassfish/jersey/internal/inject/Providers$$Lambda$241
instanceKlass org/glassfish/jersey/internal/inject/Providers$$Lambda$240
instanceKlass java/io/File$TempDirectory
instanceKlass org/jvnet/hk2/internal/IterableProviderImpl
instanceKlass org/glassfish/jersey/internal/util/collection/Cache$OriginThreadAwareFuture$$Lambda$239
instanceKlass org/glassfish/jersey/internal/util/collection/Cache$OriginThreadAwareFuture
instanceKlass org/glassfish/jersey/inject/hk2/AbstractHk2InjectionManager$$Lambda$238
instanceKlass org/glassfish/jersey/internal/inject/ServiceHolderImpl
instanceKlass org/glassfish/jersey/internal/inject/ServiceHolder
instanceKlass org/glassfish/jersey/message/internal/SourceProvider
instanceKlass jakarta/ws/rs/core/Form
instanceKlass java/util/Comparator$$Lambda$237
instanceKlass org/glassfish/jersey/internal/inject/Providers$$Lambda$236
instanceKlass java/util/function/ToIntFunction
instanceKlass org/glassfish/jersey/server/ComponentProviderConfigurator$$Lambda$235
instanceKlass java/lang/invoke/LambdaForm$DMH
instanceKlass org/glassfish/jersey/process/internal/RequestContext
instanceKlass org/glassfish/jersey/server/ApplicationHandler$$Lambda$234
instanceKlass org/glassfish/jersey/process/internal/ExecutorProviders$ScheduledExecutorServiceSupplier
instanceKlass org/glassfish/jersey/process/internal/ExecutorProviders$ExecutorServiceSupplier
instanceKlass org/glassfish/jersey/process/internal/ExecutorProviders
instanceKlass org/glassfish/jersey/process/internal/AbstractExecutorProvidersConfigurator$$Lambda$233
instanceKlass org/glassfish/jersey/process/internal/AbstractExecutorProvidersConfigurator$$Lambda$232
instanceKlass org/glassfish/jersey/process/internal/AbstractExecutorProvidersConfigurator$$Lambda$231
instanceKlass org/glassfish/jersey/process/internal/AbstractExecutorProvidersConfigurator$$Lambda$230
instanceKlass org/glassfish/jersey/server/ManagedAsyncExecutor
instanceKlass org/glassfish/jersey/server/BackgroundScheduler
instanceKlass org/glassfish/jersey/spi/AbstractThreadPoolProvider$$Lambda$229
instanceKlass org/glassfish/jersey/spi/AbstractThreadPoolProvider
instanceKlass org/glassfish/jersey/process/internal/AbstractExecutorProvidersConfigurator$$Lambda$228
instanceKlass org/glassfish/jersey/process/internal/AbstractExecutorProvidersConfigurator$$Lambda$227
instanceKlass org/glassfish/jersey/spi/ScheduledExecutorServiceProvider
instanceKlass org/glassfish/jersey/spi/ExecutorServiceProvider
instanceKlass org/glassfish/jersey/process/internal/AbstractExecutorProvidersConfigurator
instanceKlass org/glassfish/jersey/server/ResourceModelConfigurator$$Lambda$226
instanceKlass org/glassfish/jersey/server/wadl/internal/WadlResource
instanceKlass org/glassfish/jersey/internal/util/ReflectionHelper$18
instanceKlass org/glassfish/jersey/server/model/RuntimeResource$$Lambda$225
instanceKlass org/glassfish/jersey/server/model/RuntimeResource$1
instanceKlass org/glassfish/jersey/server/model/RuntimeResource
instanceKlass org/glassfish/jersey/server/model/RuntimeResource$Builder
instanceKlass org/glassfish/jersey/server/model/RuntimeResourceModel
instanceKlass org/glassfish/jersey/server/model/internal/ModelProcessorUtil
instanceKlass org/glassfish/jersey/server/model/ResourceModel$1
instanceKlass org/glassfish/jersey/server/model/ResourceModel$Builder
instanceKlass org/glassfish/jersey/server/ResourceModelConfigurator$$Lambda$224
instanceKlass org/glassfish/hk2/api/JustInTimeInjectionResolver
instanceKlass java/util/function/Predicate$$Lambda$223
instanceKlass java/lang/invoke/LambdaForm$DMH
instanceKlass org/glassfish/jersey/model/internal/ComponentBag$$Lambda$222
instanceKlass org/glassfish/jersey/server/ResourceModelConfigurator$$Lambda$221
instanceKlass org/glassfish/jersey/server/ResourceModelConfigurator$$Lambda$220
instanceKlass java/lang/invoke/LambdaForm$DMH
instanceKlass org/glassfish/jersey/internal/util/collection/Values$InstanceValue
instanceKlass org/glassfish/jersey/server/ComponentProviderConfigurator$$Lambda$219
instanceKlass org/glassfish/jersey/server/ComponentProviderConfigurator$$Lambda$218
instanceKlass java/util/stream/SortedOps$RefSortingSink$$Lambda$217
instanceKlass java/util/stream/SortedOps
instanceKlass org/glassfish/jersey/server/ComponentProviderConfigurator$$Lambda$216
instanceKlass org/glassfish/jersey/server/spi/ComponentProvider
instanceKlass org/glassfish/jersey/spi/ComponentProvider
instanceKlass org/glassfish/jersey/server/ResourceModelConfigurator
instanceKlass org/glassfish/jersey/model/internal/ComponentBag$$Lambda$215
instanceKlass org/glassfish/jersey/model/internal/ComponentBag$$Lambda$214
instanceKlass org/glassfish/jersey/server/wadl/processor/WadlModelProcessor$OptionsHandler
instanceKlass org/glassfish/jersey/message/internal/MediaTypes$$Lambda$213
instanceKlass org/glassfish/jersey/message/internal/MediaTypes$2
instanceKlass org/glassfish/jersey/message/internal/MediaTypes$1
instanceKlass org/glassfish/jersey/message/internal/MediaTypes
instanceKlass java/util/stream/StreamSpliterators$WrappingSpliterator$$Lambda$212
instanceKlass java/util/stream/Streams$2
instanceKlass java/util/stream/StreamSpliterators$AbstractWrappingSpliterator
instanceKlass java/util/stream/AbstractPipeline$$Lambda$211
instanceKlass java/util/stream/Streams$ConcatSpliterator
instanceKlass org/glassfish/jersey/server/ModelProcessorConfigurator$$Lambda$210
instanceKlass org/glassfish/jersey/server/wadl/processor/OptionsMethodProcessor$GenericOptionsInflector
instanceKlass org/glassfish/jersey/server/wadl/processor/OptionsMethodProcessor$PlainTextOptionsInflector
instanceKlass org/glassfish/jersey/server/model/internal/ModelProcessorUtil$Method
instanceKlass org/glassfish/jersey/server/wadl/processor/OptionsMethodProcessor
instanceKlass org/glassfish/jersey/server/ModelProcessorConfigurator$$Lambda$209
instanceKlass org/glassfish/jersey/server/ModelProcessorConfigurator$$Lambda$208
instanceKlass org/glassfish/jersey/server/ModelProcessorConfigurator$$Lambda$207
instanceKlass org/glassfish/jersey/server/ModelProcessorConfigurator
instanceKlass org/glassfish/jersey/server/ExternalRequestScopeConfigurator$1
instanceKlass org/glassfish/jersey/server/spi/ExternalRequestScope
instanceKlass org/glassfish/jersey/server/ExternalRequestScopeConfigurator
instanceKlass org/glassfish/jersey/server/ResourceBag
instanceKlass org/glassfish/jersey/server/model/ResourceModel
instanceKlass sun/reflect/generics/tree/ArrayTypeSignature
instanceKlass sun/reflect/generics/tree/Wildcard
instanceKlass sun/reflect/generics/tree/BottomSignature
instanceKlass org/jvnet/mimepull/MIMEMessage
instanceKlass org/jvnet/mimepull/MIMEConfig
instanceKlass org/glassfish/jersey/media/multipart/MultiPartProperties
instanceKlass org/glassfish/jersey/media/multipart/BodyPart
instanceKlass lk/karu/openbay/service/SingleProductService
instanceKlass org/glassfish/jersey/internal/Errors$2
instanceKlass org/glassfish/jersey/server/model/ResourceMethodValidator$1
instanceKlass org/glassfish/jersey/server/model/Resource$$Lambda$206
instanceKlass org/glassfish/jersey/server/model/ResourceMethod$$Lambda$205
instanceKlass java/util/LinkedList$LLSpliterator
instanceKlass org/glassfish/jersey/server/model/Resource$1
instanceKlass org/glassfish/jersey/uri/PathPattern$1
instanceKlass org/glassfish/jersey/uri/UriComponent
instanceKlass org/glassfish/jersey/uri/internal/CharacterIterator
instanceKlass java/util/regex/Pattern$CharPredicate$$Lambda$204
instanceKlass java/lang/invoke/LambdaForm$DMH
instanceKlass org/glassfish/jersey/uri/internal/UriTemplateParser
instanceKlass java/util/regex/CharPredicates$$Lambda$203
instanceKlass org/glassfish/jersey/uri/UriTemplate$1
instanceKlass org/glassfish/jersey/uri/UriTemplate$TemplateValueStrategy
instanceKlass org/glassfish/jersey/uri/PatternWithGroups$EmptyStringMatchResult
instanceKlass org/glassfish/jersey/uri/UriTemplate
instanceKlass org/glassfish/jersey/uri/PatternWithGroups
instanceKlass org/glassfish/jersey/server/model/Resource$Data
instanceKlass jakarta/ws/rs/core/AbstractMultivaluedMap
instanceKlass org/glassfish/jersey/server/model/Resource$2
instanceKlass org/glassfish/jersey/server/model/Invocable
instanceKlass org/glassfish/jersey/server/model/HandlerConstructor
instanceKlass org/glassfish/jersey/server/model/Parameterized
instanceKlass org/glassfish/jersey/server/model/MethodHandler
instanceKlass org/glassfish/jersey/server/model/ResourceMethod$Data
instanceKlass java/util/concurrent/Flow$Subscriber
instanceKlass jakarta/ws/rs/sse/SseEventSink
instanceKlass org/glassfish/jersey/internal/jsr166/Flow$Subscriber
instanceKlass org/glassfish/jersey/server/model/internal/SseTypeResolver
instanceKlass org/glassfish/jersey/server/ManagedAsync
instanceKlass org/glassfish/jersey/server/model/ResourceMethod$Builder$$Lambda$202
instanceKlass org/glassfish/jersey/message/internal/GrammarUtil
instanceKlass org/glassfish/jersey/message/internal/HttpHeaderReader$StringListReader$1
instanceKlass org/glassfish/jersey/message/internal/HttpHeaderReader$AcceptableLanguageTagListReader$1
instanceKlass org/glassfish/jersey/message/internal/Quality$2
instanceKlass org/glassfish/jersey/message/internal/Quality$1
instanceKlass org/glassfish/jersey/message/internal/Quality
instanceKlass org/glassfish/jersey/message/internal/HttpHeaderReader$AcceptableTokenListReader$1
instanceKlass org/glassfish/jersey/message/internal/QualitySourceMediaType$1
instanceKlass org/glassfish/jersey/message/internal/HttpHeaderReader$QualitySourceMediaTypeListReader$1
instanceKlass org/glassfish/jersey/message/internal/AcceptableMediaType$1
instanceKlass org/glassfish/jersey/message/internal/Qualified
instanceKlass org/glassfish/jersey/message/internal/HttpHeaderReader$AcceptableMediaTypeListReader$1
instanceKlass org/glassfish/jersey/internal/guava/LocalCache$AbstractReferenceEntry
instanceKlass java/util/concurrent/atomic/AtomicReferenceArray
instanceKlass org/glassfish/jersey/internal/guava/Equivalence
instanceKlass org/glassfish/jersey/internal/guava/LocalCache$1
instanceKlass org/glassfish/jersey/internal/guava/LocalCache$ReferenceEntry
instanceKlass org/glassfish/jersey/internal/guava/LocalCache$ValueReference
instanceKlass org/glassfish/jersey/internal/guava/LocalCache$LocalManualCache
instanceKlass org/glassfish/jersey/internal/guava/LoadingCache
instanceKlass org/glassfish/jersey/internal/guava/Cache
instanceKlass org/glassfish/jersey/internal/guava/Ticker
instanceKlass org/glassfish/jersey/internal/guava/CacheBuilder
instanceKlass org/glassfish/jersey/internal/util/collection/LRU$LRUFactory
instanceKlass org/glassfish/jersey/internal/util/collection/LRU
instanceKlass org/glassfish/jersey/message/internal/HttpHeaderReader$MediaTypeListReader$1
instanceKlass org/glassfish/jersey/message/internal/HttpHeaderReader$ListReader
instanceKlass org/glassfish/jersey/message/internal/HttpHeaderReader$1
instanceKlass org/glassfish/jersey/message/internal/HttpHeaderReader$ListElementCreator
instanceKlass org/glassfish/jersey/message/internal/HttpHeaderReader
instanceKlass org/glassfish/jersey/message/internal/Utils
instanceKlass jakarta/ws/rs/core/CacheControl
instanceKlass jakarta/ws/rs/core/Cookie
instanceKlass jakarta/ws/rs/core/EntityTag
instanceKlass org/glassfish/jersey/internal/AbstractRuntimeDelegate$$Lambda$201
instanceKlass org/glassfish/jersey/innate/spi/EntityPartBuilderProvider
instanceKlass org/glassfish/jersey/message/internal/UriProvider
instanceKlass org/glassfish/jersey/message/internal/StringHeaderProvider
instanceKlass org/glassfish/jersey/message/internal/NewCookieProvider
instanceKlass org/glassfish/jersey/message/internal/MediaTypeProvider
instanceKlass org/glassfish/jersey/message/internal/LocaleProvider
instanceKlass jakarta/ws/rs/core/Link
instanceKlass org/glassfish/jersey/message/internal/LinkProvider
instanceKlass org/glassfish/jersey/message/internal/EntityTagProvider
instanceKlass org/glassfish/jersey/message/internal/DateProvider
instanceKlass org/glassfish/jersey/message/internal/CookieProvider
instanceKlass org/glassfish/jersey/message/internal/CacheControlProvider
instanceKlass jakarta/ws/rs/core/Link$Builder
instanceKlass jakarta/ws/rs/core/UriBuilder
instanceKlass jakarta/ws/rs/core/Variant$VariantListBuilder
instanceKlass jakarta/ws/rs/core/Response$ResponseBuilder
instanceKlass jakarta/ws/rs/ext/FactoryFinder$$Lambda$200
instanceKlass jakarta/ws/rs/ext/FactoryFinder
instanceKlass jakarta/ws/rs/ext/RuntimeDelegate
instanceKlass jakarta/ws/rs/core/MediaType
instanceKlass org/glassfish/jersey/server/model/ResourceMethod
instanceKlass org/glassfish/jersey/server/model/Suspendable
instanceKlass org/glassfish/jersey/server/model/Consuming
instanceKlass org/glassfish/jersey/server/model/Producing
instanceKlass org/glassfish/jersey/server/model/ResourceMethod$Builder
instanceKlass jakarta/ws/rs/POST
instanceKlass jakarta/ws/rs/PUT
instanceKlass jakarta/ws/rs/DELETE
instanceKlass jakarta/ws/rs/GET
instanceKlass jakarta/ws/rs/core/Response
instanceKlass org/glassfish/jersey/server/model/ExtendedResource
instanceKlass org/glassfish/jersey/server/model/Resource$Builder
instanceKlass org/glassfish/jersey/server/model/AbstractResourceModelVisitor
instanceKlass org/glassfish/jersey/server/model/ResourceModelVisitor
instanceKlass org/glassfish/jersey/server/model/MethodList$4
instanceKlass org/glassfish/jersey/server/model/MethodList$3
instanceKlass org/glassfish/jersey/server/model/MethodList$2
instanceKlass org/glassfish/jersey/server/model/MethodList$8
instanceKlass org/glassfish/jersey/server/model/MethodList$5
instanceKlass org/glassfish/jersey/server/model/MethodList$1
instanceKlass org/glassfish/jersey/server/model/MethodList$7
instanceKlass org/glassfish/jersey/server/model/MethodList$6
instanceKlass org/glassfish/jersey/internal/util/ReflectionHelper$17
instanceKlass jakarta/ws/rs/DefaultValue
instanceKlass jakarta/ws/rs/Encoded
instanceKlass jakarta/ws/rs/HttpMethod
instanceKlass org/glassfish/jersey/model/AnnotatedMethod
instanceKlass org/glassfish/jersey/server/model/IntrospectionModeller$2
instanceKlass org/glassfish/jersey/server/model/MethodList$Filter
instanceKlass org/glassfish/jersey/server/model/MethodList
instanceKlass org/glassfish/jersey/server/model/IntrospectionModeller$1
instanceKlass org/glassfish/jersey/server/model/IntrospectionModeller
instanceKlass org/glassfish/jersey/server/ResourceBag$Builder
instanceKlass org/glassfish/jersey/server/ResourceBagConfigurator
instanceKlass org/glassfish/jersey/media/multipart/FormDataParam
instanceKlass org/glassfish/jersey/internal/inject/AbstractBinder$$Lambda$199
instanceKlass org/glassfish/jersey/server/wadl/processor/WadlModelProcessor
instanceKlass org/glassfish/jersey/server/model/ModelProcessor
instanceKlass org/glassfish/jaxb/runtime/v2/runtime/NameList
instanceKlass org/glassfish/jaxb/runtime/v2/runtime/unmarshaller/ChildLoader
instanceKlass org/glassfish/jaxb/runtime/v2/util/QNameMap$HashIterator
instanceKlass org/glassfish/jaxb/runtime/v2/runtime/property/ArrayERProperty$ReceiverImpl
instanceKlass org/glassfish/jaxb/runtime/v2/runtime/unmarshaller/StructureLoader$1
instanceKlass org/glassfish/jaxb/runtime/v2/runtime/property/UnmarshallerChain
instanceKlass org/glassfish/jaxb/runtime/v2/runtime/ElementBeanInfoImpl$1
instanceKlass org/glassfish/jaxb/runtime/v2/runtime/unmarshaller/Intercepter
instanceKlass org/glassfish/jaxb/runtime/v2/runtime/property/TagAndType
instanceKlass org/glassfish/jaxb/runtime/v2/runtime/JaxBeanInfo$1
instanceKlass org/glassfish/jaxb/runtime/v2/runtime/LifecycleMethods
instanceKlass org/glassfish/jaxb/runtime/v2/runtime/reflect/TransducedAccessor
instanceKlass org/glassfish/jaxb/runtime/v2/runtime/Name
instanceKlass javax/xml/parsers/DocumentBuilder
instanceKlass org/glassfish/jaxb/runtime/v2/runtime/reflect/Lister$2
instanceKlass org/glassfish/jaxb/runtime/v2/runtime/reflect/ListIterator
instanceKlass org/glassfish/jaxb/runtime/v2/runtime/reflect/Lister
instanceKlass org/glassfish/jaxb/runtime/v2/runtime/property/Utils$1
instanceKlass org/glassfish/jaxb/runtime/v2/runtime/property/Utils
instanceKlass org/glassfish/jaxb/runtime/v2/runtime/property/PropertyFactory$1
instanceKlass org/glassfish/jaxb/runtime/v2/runtime/property/PropertyFactory
instanceKlass org/glassfish/jaxb/runtime/v2/runtime/property/PropertyImpl
instanceKlass org/glassfish/jaxb/runtime/v2/runtime/property/Property
instanceKlass org/glassfish/jaxb/runtime/v2/runtime/property/StructureLoaderBuilder
instanceKlass org/glassfish/jaxb/runtime/v2/runtime/unmarshaller/Loader
instanceKlass jakarta/xml/bind/annotation/XmlEnumValue
instanceKlass org/glassfish/jaxb/runtime/v2/runtime/FilterTransducer
instanceKlass org/glassfish/jaxb/core/v2/util/FlattenIterator
instanceKlass jakarta/xml/bind/annotation/XmlElement$DEFAULT
instanceKlass org/glassfish/jaxb/runtime/v2/model/impl/EnumConstantImpl
instanceKlass org/glassfish/jaxb/core/v2/model/core/EnumConstant
instanceKlass jakarta/xml/bind/annotation/XmlSeeAlso
instanceKlass org/glassfish/jaxb/runtime/v2/model/impl/PropertyInfoImpl$1
instanceKlass org/glassfish/jaxb/core/v2/TODO
instanceKlass org/glassfish/jaxb/core/v2/model/nav/ReflectionNavigator$10
instanceKlass org/glassfish/jaxb/runtime/v2/runtime/reflect/Utils$1
instanceKlass org/glassfish/jaxb/runtime/v2/runtime/reflect/Utils
instanceKlass org/glassfish/jaxb/core/v2/model/core/Adapter
instanceKlass jakarta/xml/bind/annotation/adapters/XmlAdapter
instanceKlass jakarta/xml/bind/annotation/adapters/XmlJavaTypeAdapter$DEFAULT
instanceKlass org/glassfish/jaxb/runtime/v2/model/impl/AttributePropertyInfoImpl$1
instanceKlass jakarta/xml/bind/annotation/XmlSchemaType$DEFAULT
instanceKlass jakarta/xml/bind/annotation/W3CDomHandler
instanceKlass jakarta/xml/bind/annotation/DomHandler
instanceKlass org/glassfish/jaxb/core/annotation/XmlLocation
instanceKlass jakarta/xml/bind/annotation/XmlSchemaTypes
instanceKlass org/glassfish/jaxb/core/v2/model/nav/ParameterizedTypeImpl
instanceKlass org/glassfish/jaxb/core/v2/model/nav/ReflectionNavigator$BinderArg
instanceKlass jakarta/xml/bind/annotation/adapters/XmlJavaTypeAdapters
instanceKlass org/glassfish/jaxb/runtime/v2/model/impl/Util
instanceKlass org/glassfish/jaxb/runtime/v2/model/runtime/RuntimeTypeRef
instanceKlass org/glassfish/jaxb/runtime/v2/model/impl/TypeRefImpl
instanceKlass org/glassfish/jaxb/core/v2/model/core/TypeRef
instanceKlass org/glassfish/jaxb/runtime/v2/model/impl/ClassInfoImpl$1
instanceKlass org/glassfish/jaxb/runtime/v2/model/impl/FieldPropertySeed
instanceKlass org/glassfish/jaxb/runtime/v2/model/impl/RuntimeClassInfoImpl$RuntimePropertySeed
instanceKlass java/lang/Short$ShortCache
instanceKlass org/glassfish/jaxb/core/v2/model/nav/ReflectionNavigator$3
instanceKlass org/glassfish/jaxb/runtime/AccessorFactoryImpl
instanceKlass org/glassfish/jaxb/runtime/InternalAccessorFactory
instanceKlass jakarta/xml/bind/annotation/XmlAccessorOrder
instanceKlass sun/reflect/annotation/AnnotationParser$$Lambda$198
instanceKlass jakarta/xml/bind/annotation/XmlNs
instanceKlass com/sun/research/ws/wadl/package-info
instanceKlass java/lang/Package$$Lambda$197
instanceKlass org/glassfish/jaxb/core/annotation/OverrideAnnotationOf
instanceKlass jakarta/xml/bind/annotation/XmlMixed
instanceKlass jakarta/xml/bind/annotation/XmlAnyElement
instanceKlass jakarta/xml/bind/annotation/XmlElements
instanceKlass jakarta/xml/bind/annotation/XmlAnyAttribute
instanceKlass jakarta/xml/bind/annotation/XmlList
instanceKlass jakarta/xml/bind/annotation/XmlElementWrapper
instanceKlass jakarta/xml/bind/annotation/XmlAttachmentRef
instanceKlass jakarta/xml/bind/annotation/XmlMimeType
instanceKlass jakarta/xml/bind/annotation/XmlInlineBinaryData
instanceKlass jakarta/xml/bind/annotation/XmlIDREF
instanceKlass jakarta/xml/bind/annotation/XmlID
instanceKlass jakarta/xml/bind/annotation/adapters/XmlJavaTypeAdapter
instanceKlass org/glassfish/jaxb/runtime/v2/model/runtime/RuntimeElementPropertyInfo
instanceKlass org/glassfish/jaxb/core/v2/model/core/ElementPropertyInfo
instanceKlass org/glassfish/jaxb/runtime/AccessorFactory
instanceKlass org/glassfish/jaxb/runtime/v2/model/runtime/RuntimeValuePropertyInfo
instanceKlass org/glassfish/jaxb/core/v2/model/core/ValuePropertyInfo
instanceKlass org/glassfish/jaxb/runtime/v2/model/runtime/RuntimeAttributePropertyInfo
instanceKlass org/glassfish/jaxb/core/v2/model/core/AttributePropertyInfo
instanceKlass org/glassfish/jaxb/runtime/v2/model/runtime/RuntimeReferencePropertyInfo
instanceKlass org/glassfish/jaxb/runtime/v2/runtime/reflect/Accessor
instanceKlass org/glassfish/jaxb/runtime/v2/runtime/unmarshaller/Receiver
instanceKlass org/glassfish/jaxb/runtime/v2/model/runtime/RuntimeMapPropertyInfo
instanceKlass org/glassfish/jaxb/runtime/v2/model/runtime/RuntimePropertyInfo
instanceKlass org/glassfish/jaxb/core/v2/model/core/MapPropertyInfo
instanceKlass org/glassfish/jaxb/runtime/v2/model/runtime/RuntimeNonElementRef
instanceKlass org/glassfish/jaxb/core/v2/model/core/NonElementRef
instanceKlass org/glassfish/jaxb/runtime/v2/model/impl/DummyPropertyInfo
instanceKlass org/glassfish/jaxb/core/v2/model/core/ReferencePropertyInfo
instanceKlass org/glassfish/jaxb/runtime/v2/model/impl/PropertyInfoImpl
instanceKlass org/glassfish/jaxb/core/v2/model/core/PropertyInfo
instanceKlass org/glassfish/jaxb/runtime/v2/model/impl/PropertySeed
instanceKlass org/glassfish/jaxb/core/v2/model/annotation/AnnotationSource
instanceKlass jakarta/xml/bind/annotation/XmlType$DEFAULT
instanceKlass jakarta/xml/bind/annotation/XmlAccessorType
instanceKlass org/glassfish/jaxb/runtime/v2/model/annotation/MethodLocatable
instanceKlass com/sun/research/ws/wadl/Representation
instanceKlass com/sun/research/ws/wadl/Option
instanceKlass com/sun/research/ws/wadl/Grammars
instanceKlass com/sun/research/ws/wadl/Doc
instanceKlass com/sun/research/ws/wadl/ResourceType
instanceKlass com/sun/research/ws/wadl/Include
instanceKlass com/sun/research/ws/wadl/Param
instanceKlass com/sun/research/ws/wadl/Method
instanceKlass com/sun/research/ws/wadl/Resources
instanceKlass com/sun/research/ws/wadl/Resource
instanceKlass com/sun/research/ws/wadl/Request
instanceKlass com/sun/research/ws/wadl/Response
instanceKlass com/sun/research/ws/wadl/Link
instanceKlass org/glassfish/jaxb/core/v2/model/nav/ReflectionNavigator$5
instanceKlass org/glassfish/jaxb/core/v2/model/nav/ReflectionNavigator$4
instanceKlass org/glassfish/jaxb/runtime/v2/model/impl/RegistryInfoImpl
instanceKlass java/lang/reflect/Proxy$$Lambda$196
instanceKlass org/glassfish/jaxb/runtime/v2/model/annotation/SecureLoader
instanceKlass jakarta/xml/bind/annotation/XmlValue
instanceKlass jakarta/xml/bind/annotation/XmlType
instanceKlass jakarta/xml/bind/annotation/XmlTransient
instanceKlass jakarta/xml/bind/annotation/XmlSchemaType
instanceKlass jakarta/xml/bind/annotation/XmlRootElement
instanceKlass jakarta/xml/bind/annotation/XmlEnum
instanceKlass jakarta/xml/bind/annotation/XmlElementRefs
instanceKlass jakarta/xml/bind/annotation/XmlElementRef
instanceKlass jakarta/xml/bind/annotation/XmlElementDecl
instanceKlass jakarta/xml/bind/annotation/XmlElement
instanceKlass jakarta/xml/bind/annotation/XmlAttribute
instanceKlass org/glassfish/jaxb/runtime/v2/model/annotation/Quick
instanceKlass org/glassfish/jaxb/runtime/v2/model/annotation/Init
instanceKlass org/glassfish/jaxb/runtime/v2/model/annotation/LocatableAnnotation
instanceKlass jakarta/xml/bind/annotation/XmlRegistry
instanceKlass org/glassfish/jaxb/core/v2/model/core/Ref
instanceKlass org/glassfish/jaxb/runtime/api/CompositeStructure
instanceKlass org/glassfish/jaxb/runtime/v2/runtime/IllegalAnnotationsException$Builder
instanceKlass java/util/Collections$UnmodifiableMap$UnmodifiableEntrySet$UnmodifiableEntry
instanceKlass java/util/Collections$UnmodifiableMap$UnmodifiableEntrySet$1
instanceKlass org/glassfish/jaxb/core/v2/runtime/RuntimeUtil
instanceKlass org/glassfish/jaxb/runtime/v2/model/impl/AnyTypeImpl
instanceKlass org/glassfish/jaxb/runtime/v2/model/impl/TypeInfoSetImpl$1
instanceKlass org/glassfish/jaxb/runtime/v2/model/impl/RuntimeBuiltinLeafInfoImpl$28
instanceKlass java/util/UUID
instanceKlass javax/xml/datatype/Duration
instanceKlass javax/xml/namespace/NamespaceContext
instanceKlass javax/xml/datatype/XMLGregorianCalendar
instanceKlass jakarta/activation/DataHandler
instanceKlass java/awt/Graphics
instanceKlass java/awt/Component
instanceKlass java/awt/MenuContainer
instanceKlass java/awt/image/ImageObserver
instanceKlass java/awt/Transparency
instanceKlass java/awt/image/WritableRenderedImage
instanceKlass java/awt/Image
instanceKlass org/glassfish/jaxb/runtime/v2/runtime/output/Pcdata
instanceKlass jakarta/xml/bind/ValidationEvent
instanceKlass javax/xml/datatype/DatatypeConstants$Field
instanceKlass javax/xml/datatype/DatatypeConstants
instanceKlass org/glassfish/jaxb/runtime/v2/model/impl/RuntimeBuiltinLeafInfoImpl$1
instanceKlass org/glassfish/jaxb/runtime/v2/model/impl/LeafInfoImpl
instanceKlass org/glassfish/jaxb/runtime/v2/model/runtime/RuntimeBuiltinLeafInfo
instanceKlass org/glassfish/jaxb/core/v2/model/core/BuiltinLeafInfo
instanceKlass org/glassfish/jaxb/runtime/v2/model/impl/ModelBuilder$1
instanceKlass org/glassfish/jaxb/runtime/v2/model/impl/Utils$1
instanceKlass org/glassfish/jaxb/core/v2/model/nav/TypeVisitor
instanceKlass org/glassfish/jaxb/core/v2/model/nav/ReflectionNavigator
instanceKlass org/glassfish/jaxb/core/v2/model/nav/Navigator
instanceKlass org/glassfish/jaxb/runtime/v2/model/impl/Utils
instanceKlass org/glassfish/jaxb/core/WhiteSpaceProcessor
instanceKlass jakarta/xml/bind/annotation/XmlSchema
instanceKlass org/glassfish/jaxb/runtime/v2/model/runtime/RuntimeElementInfo
instanceKlass org/glassfish/jaxb/core/v2/model/core/ElementInfo
instanceKlass org/glassfish/jaxb/runtime/v2/model/runtime/RuntimeArrayInfo
instanceKlass org/glassfish/jaxb/core/v2/runtime/Location
instanceKlass org/glassfish/jaxb/core/v2/model/core/ArrayInfo
instanceKlass org/glassfish/jaxb/runtime/v2/model/runtime/RuntimeElement
instanceKlass org/glassfish/jaxb/runtime/v2/model/runtime/RuntimeClassInfo
instanceKlass org/glassfish/jaxb/core/v2/model/core/ClassInfo
instanceKlass org/glassfish/jaxb/runtime/v2/model/runtime/RuntimeTypeInfoSet
instanceKlass org/glassfish/jaxb/runtime/v2/model/impl/TypeInfoSetImpl
instanceKlass org/glassfish/jaxb/runtime/v2/runtime/Transducer
instanceKlass org/glassfish/jaxb/runtime/v2/model/runtime/RuntimeEnumLeafInfo
instanceKlass org/glassfish/jaxb/runtime/v2/model/impl/TypeInfoImpl
instanceKlass org/glassfish/jaxb/core/v2/model/core/Element
instanceKlass org/glassfish/jaxb/core/v2/model/core/EnumLeafInfo
instanceKlass org/glassfish/jaxb/core/v2/model/core/RegistryInfo
instanceKlass org/glassfish/jaxb/runtime/v2/model/impl/ModelBuilder
instanceKlass org/glassfish/jaxb/core/v2/model/impl/ModelBuilderI
instanceKlass org/glassfish/jaxb/runtime/v2/runtime/NameBuilder
instanceKlass com/sun/istack/Pool$Impl
instanceKlass org/glassfish/jaxb/runtime/v2/util/QNameMap$Entry
instanceKlass org/glassfish/jaxb/runtime/v2/util/QNameMap
instanceKlass org/glassfish/jaxb/runtime/v2/runtime/JAXBContextImpl$6
instanceKlass jakarta/xml/bind/JAXBIntrospector
instanceKlass org/glassfish/jaxb/core/v2/model/core/TypeInfoSet
instanceKlass org/glassfish/jaxb/runtime/api/RawAccessor
instanceKlass org/glassfish/jaxb/runtime/api/BridgeContext
instanceKlass org/glassfish/jaxb/core/v2/model/core/ErrorHandler
instanceKlass jakarta/xml/bind/Marshaller
instanceKlass jakarta/xml/bind/Unmarshaller
instanceKlass org/glassfish/jaxb/core/api/ErrorListener
instanceKlass jakarta/xml/bind/Binder
instanceKlass org/glassfish/jaxb/core/unmarshaller/InfosetScanner
instanceKlass org/glassfish/jaxb/runtime/v2/runtime/AttributeAccessor
instanceKlass org/glassfish/jaxb/runtime/v2/runtime/JaxBeanInfo
instanceKlass org/glassfish/jaxb/runtime/api/Bridge
instanceKlass org/glassfish/jaxb/runtime/v2/model/runtime/RuntimeLeafInfo
instanceKlass org/glassfish/jaxb/runtime/v2/model/runtime/RuntimeNonElement
instanceKlass org/glassfish/jaxb/runtime/v2/model/runtime/RuntimeTypeInfo
instanceKlass org/glassfish/jaxb/core/v2/model/core/LeafInfo
instanceKlass org/glassfish/jaxb/core/v2/model/core/MaybeElement
instanceKlass org/glassfish/jaxb/core/v2/model/core/NonElement
instanceKlass org/glassfish/jaxb/core/v2/model/core/TypeInfo
instanceKlass org/glassfish/jaxb/core/v2/model/annotation/Locatable
instanceKlass com/sun/istack/Pool
instanceKlass org/glassfish/jaxb/runtime/v2/model/annotation/AbstractInlineAnnotationReaderImpl
instanceKlass org/glassfish/jaxb/runtime/v2/runtime/JAXBContextImpl$JAXBContextBuilder
instanceKlass org/glassfish/jaxb/runtime/v2/util/TypeCast
instanceKlass java/util/stream/SliceOps
instanceKlass org/glassfish/jaxb/core/StackHelper$$Lambda$195
instanceKlass java/lang/StackStreamFactory$FrameBuffer
instanceKlass java/lang/StackStreamFactory$1
instanceKlass java/lang/StackStreamFactory
instanceKlass org/glassfish/jaxb/core/StackHelper$$Lambda$194
instanceKlass org/glassfish/jaxb/core/StackHelper
instanceKlass org/glassfish/jaxb/core/Utils
instanceKlass org/glassfish/jaxb/runtime/v2/JAXBContextFactory
instanceKlass org/glassfish/jaxb/core/v2/ClassFactory
instanceKlass org/glassfish/jaxb/runtime/v2/MUtils
instanceKlass org/glassfish/jaxb/runtime/v2/model/annotation/RuntimeAnnotationReader
instanceKlass org/glassfish/jaxb/core/v2/model/annotation/AnnotationReader
instanceKlass org/glassfish/jaxb/runtime/v2/ContextFactory
instanceKlass jakarta/xml/bind/ServiceLoaderUtil
instanceKlass jakarta/xml/bind/JAXBContextFactory
instanceKlass com/sun/research/ws/wadl/ObjectFactory
instanceKlass jakarta/xml/bind/ModuleUtil
instanceKlass jakarta/xml/bind/GetPropertyAction
instanceKlass jakarta/xml/bind/ServiceLoaderUtil$ExceptionHandler
instanceKlass jakarta/xml/bind/ContextFinder
instanceKlass jakarta/xml/bind/JAXBContext
instanceKlass com/sun/research/ws/wadl/Application
instanceKlass org/glassfish/jersey/internal/util/ReflectionHelper$9
instanceKlass org/glassfish/jersey/internal/util/ReflectionHelper$3
instanceKlass org/glassfish/jersey/server/wadl/internal/WadlGeneratorImpl
instanceKlass org/glassfish/jersey/server/wadl/WadlGenerator$Resolver
instanceKlass jakarta/xml/bind/SchemaOutputResolver
instanceKlass org/glassfish/jersey/server/wadl/internal/generators/WadlGeneratorJAXBGrammarGenerator$NameCallbackSetter
instanceKlass org/glassfish/jersey/server/wadl/internal/generators/WadlGeneratorJAXBGrammarGenerator
instanceKlass jakarta/xml/bind/JAXBElement$GlobalScope
instanceKlass javax/xml/namespace/QName
instanceKlass jakarta/xml/bind/JAXBElement
instanceKlass org/glassfish/jersey/server/wadl/WadlGenerator
instanceKlass org/glassfish/jersey/server/wadl/internal/WadlApplicationContextImpl
instanceKlass org/glassfish/jersey/server/wadl/WadlApplicationContext
instanceKlass org/glassfish/jersey/internal/inject/AnnotationLiteral$$Lambda$193
instanceKlass org/glassfish/jersey/internal/inject/InjectedInvoker
instanceKlass org/glassfish/jersey/internal/inject/AnnotationLiteral
instanceKlass org/glassfish/jersey/internal/inject/Custom
instanceKlass org/glassfish/jersey/internal/inject/ProviderBinder
instanceKlass org/glassfish/jersey/media/multipart/internal/EntityPartWriter
instanceKlass org/glassfish/jersey/media/multipart/internal/EntityPartReader
instanceKlass jakarta/ws/rs/Produces
instanceKlass org/glassfish/jersey/media/multipart/internal/MultiPartWriter
instanceKlass jakarta/ws/rs/Consumes
instanceKlass org/glassfish/jersey/media/multipart/internal/MultiPartReaderClientSide
instanceKlass org/glassfish/jersey/media/multipart/internal/FormDataParamInjectionFeature
instanceKlass org/glassfish/jersey/model/internal/FeatureContextWrapper
instanceKlass org/glassfish/jersey/internal/inject/InjectionManagerSupplier
instanceKlass org/glassfish/jersey/model/internal/CommonConfig$$Lambda$192
instanceKlass org/glassfish/jersey/model/internal/ComponentBag$$Lambda$191
instanceKlass org/glassfish/jersey/model/internal/ComponentBag$$Lambda$190
instanceKlass org/glassfish/jersey/model/internal/CommonConfig$$Lambda$189
instanceKlass org/glassfish/jersey/model/internal/CommonConfig$$Lambda$188
instanceKlass org/glassfish/jersey/model/internal/CommonConfig$$Lambda$187
instanceKlass org/glassfish/jersey/model/internal/CommonConfig$$Lambda$186
instanceKlass java/util/stream/Collectors$$Lambda$185
instanceKlass java/util/stream/Collectors$$Lambda$184
instanceKlass org/glassfish/jersey/model/internal/ComponentBag$$Lambda$183
instanceKlass org/glassfish/jersey/model/internal/ComponentBag$$Lambda$182
instanceKlass java/lang/invoke/LambdaForm$DMH
instanceKlass org/glassfish/jersey/internal/Errors$ErrorMessage
instanceKlass org/glassfish/jersey/server/wadl/WadlFeature
instanceKlass org/glassfish/jersey/server/internal/monitoring/MonitoringFeature
instanceKlass org/glassfish/jersey/logging/LoggingFeature
instanceKlass org/glassfish/jersey/server/filter/UriConnegFilter
instanceKlass org/glassfish/jersey/server/internal/monitoring/MonitoringAutodiscoverable
instanceKlass org/glassfish/jersey/server/wadl/internal/WadlAutoDiscoverable
instanceKlass org/glassfish/jersey/internal/spi/ForcedAutoDiscoverable
instanceKlass org/glassfish/jersey/model/internal/CommonConfig$$Lambda$181
instanceKlass org/glassfish/jersey/internal/config/ExternalPropertiesConfigurationFactory$$Lambda$180
instanceKlass org/glassfish/jersey/internal/LocalizationMessages$BundleSupplier
instanceKlass org/glassfish/jersey/internal/LocalizationMessages
instanceKlass org/glassfish/jersey/internal/config/ExternalPropertiesConfigurationFactory$ConfigComparator
instanceKlass org/glassfish/jersey/internal/config/ExternalPropertiesConfigurationFactory$$Lambda$179
instanceKlass org/glassfish/jersey/internal/config/SystemPropertiesConfigurationModel$$Lambda$178
instanceKlass org/glassfish/jersey/internal/config/SystemPropertiesConfigurationModel$$Lambda$177
instanceKlass org/glassfish/jersey/internal/config/SystemPropertiesConfigurationModel$$Lambda$176
instanceKlass org/glassfish/jersey/internal/config/SystemPropertiesConfigurationModel$$Lambda$175
instanceKlass org/glassfish/jersey/internal/config/SystemPropertiesConfigurationModel
instanceKlass org/glassfish/jersey/spi/ExternalConfigurationModel
instanceKlass org/glassfish/jersey/internal/config/ExternalConfigurationProviderImpl
instanceKlass org/glassfish/jersey/spi/ExternalConfigurationProvider
instanceKlass org/glassfish/jersey/internal/config/ExternalPropertiesConfigurationFactory
instanceKlass org/glassfish/jersey/server/ServerProperties
instanceKlass org/glassfish/jersey/spi/HeaderDelegateProvider
instanceKlass jakarta/ws/rs/ext/RuntimeDelegate$HeaderDelegate
instanceKlass org/glassfish/jersey/message/internal/MessagingBinders$EnabledProvidersBinder$RenderedImageBinder
instanceKlass java/awt/image/RenderedImage
instanceKlass org/glassfish/jersey/message/internal/SourceProvider$SaxSourceReader
instanceKlass org/glassfish/jersey/message/internal/MessagingBinders$EnabledProvidersBinder$SaxSourceBinder
instanceKlass javax/xml/transform/sax/SAXSource
instanceKlass org/glassfish/jersey/message/internal/SourceProvider$DomSourceReader
instanceKlass org/glassfish/jersey/message/internal/MessagingBinders$EnabledProvidersBinder$DomSourceBinder
instanceKlass javax/xml/transform/dom/DOMSource
instanceKlass org/glassfish/jersey/message/internal/MessagingBinders$EnabledProvidersBinder$DataSourceBinder
instanceKlass jakarta/activation/DataSource
instanceKlass org/glassfish/jersey/message/internal/SourceProvider$StreamSourceReader
instanceKlass org/glassfish/jersey/message/internal/MessagingBinders$EnabledProvidersBinder$StreamSourceBinder
instanceKlass javax/xml/transform/stream/StreamSource
instanceKlass org/glassfish/jersey/message/internal/SourceProvider$SourceWriter
instanceKlass org/glassfish/jersey/message/internal/MessagingBinders$EnabledProvidersBinder$SourceBinder
instanceKlass org/glassfish/jersey/message/internal/MessagingBinders$1
instanceKlass org/glassfish/jersey/message/internal/MessagingBinders$EnabledProvidersBinder$ProviderBinder
instanceKlass org/glassfish/jersey/message/internal/MessagingBinders$EnabledProvidersBinder
instanceKlass org/glassfish/jersey/message/internal/StreamingOutputProvider
instanceKlass org/glassfish/jersey/message/internal/AbstractMessageReaderWriterProvider
instanceKlass org/glassfish/jersey/server/ApplicationHandler$$Lambda$174
instanceKlass org/glassfish/jersey/server/ServerRuntime
instanceKlass org/glassfish/jersey/AbstractFeatureConfigurator$$Lambda$173
instanceKlass org/glassfish/jersey/inject/hk2/JerseyClassAnalyzer$$Lambda$172
instanceKlass java/lang/invoke/LambdaForm$MH
instanceKlass java/lang/invoke/LambdaForm$MH
instanceKlass org/glassfish/jersey/inject/hk2/InjectedInvoker
instanceKlass java/lang/invoke/LambdaForm$MH
instanceKlass java/lang/invoke/LambdaForm$MH
instanceKlass java/lang/invoke/LambdaForm$DMH
instanceKlass java/lang/invoke/MethodHandleImpl$ArrayAccessor
instanceKlass java/lang/invoke/MethodHandleImpl$2
instanceKlass java/lang/invoke/MethodHandleImpl$LoopClauses
instanceKlass java/lang/invoke/LambdaForm$MH
instanceKlass java/lang/invoke/LambdaForm$MH
instanceKlass java/lang/invoke/MethodHandleImpl$BindCaller
instanceKlass org/glassfish/jersey/internal/AutoDiscoverableConfigurator$$Lambda$171
instanceKlass org/glassfish/jersey/internal/AutoDiscoverableConfigurator$$Lambda$170
instanceKlass org/glassfish/jersey/media/multipart/MultiPartFeatureAutodiscoverable
instanceKlass org/glassfish/jersey/server/filter/internal/ServerFiltersAutoDiscoverable
instanceKlass org/glassfish/jersey/internal/config/ExternalPropertiesAutoDiscoverable
instanceKlass org/glassfish/jersey/logging/LoggingFeatureAutoDiscoverable
instanceKlass org/glassfish/jersey/server/ContainerProviderConfigurator$$Lambda$169
instanceKlass org/glassfish/jersey/internal/ExceptionMapperFactory$$Lambda$168
instanceKlass org/glassfish/jersey/internal/ExceptionMapperFactory
instanceKlass org/glassfish/jersey/internal/util/collection/DataStructures
instanceKlass org/glassfish/jersey/internal/util/collection/KeyComparatorHashMap$Entry
instanceKlass org/glassfish/jersey/message/internal/MessageBodyFactory$$Lambda$167
instanceKlass org/glassfish/jersey/message/internal/MessageBodyFactory$$Lambda$166
instanceKlass java/util/Comparator$$Lambda$165
instanceKlass org/glassfish/jersey/message/internal/MessageBodyFactory$$Lambda$164
instanceKlass org/glassfish/jersey/message/internal/MessageBodyFactory$2
instanceKlass org/glassfish/jersey/message/internal/MessageBodyFactory$1
instanceKlass org/glassfish/jersey/message/AbstractEntityProviderModel
instanceKlass org/glassfish/jersey/message/internal/TracingLogger$Event
instanceKlass org/glassfish/jersey/internal/util/collection/KeyComparator
instanceKlass org/glassfish/jersey/message/internal/MessageBodyFactory
instanceKlass org/glassfish/jersey/internal/ContextResolverFactory$NullContextResolverAdapter
instanceKlass org/glassfish/jersey/internal/ContextResolverFactory
instanceKlass lk/karu/openbay/annotation/IsAdmin
instanceKlass lk/karu/openbay/annotation/IsUser
instanceKlass org/glassfish/jersey/server/model/internal/ModelHelper
instanceKlass org/glassfish/jersey/server/model/Resource
instanceKlass org/glassfish/jersey/server/model/Routed
instanceKlass jakarta/ws/rs/NameBinding
instanceKlass org/glassfish/jersey/server/ResourceConfig$RuntimeConfig$$Lambda$163
instanceKlass lk/karu/openbay/middleware/AdminAuthFilter
instanceKlass lk/karu/openbay/middleware/AuthFilter
instanceKlass lk/karu/openbay/controller/api/adminController
instanceKlass lk/karu/openbay/controller/api/ContentController
instanceKlass lk/karu/openbay/controller/api/ProductController
instanceKlass lk/karu/openbay/controller/api/ProfileController
instanceKlass lk/karu/openbay/controller/api/SingleProductController
instanceKlass lk/karu/openbay/controller/api/UserController
instanceKlass lk/karu/openbay/controller/TestController
instanceKlass jersey/repackaged/org/objectweb/asm/Context
instanceKlass jersey/repackaged/org/objectweb/asm/Attribute
instanceKlass jersey/repackaged/org/objectweb/asm/ClassReader
instanceKlass org/glassfish/jersey/server/internal/scanning/AnnotationAcceptingListener$ClassReaderWrapper
instanceKlass jakarta/ws/rs/ext/Provider
instanceKlass jakarta/ws/rs/Path
instanceKlass jersey/repackaged/org/objectweb/asm/ClassVisitor
instanceKlass org/glassfish/jersey/server/internal/scanning/AnnotationAcceptingListener
instanceKlass org/glassfish/jersey/server/internal/scanning/ResourceProcessor
instanceKlass org/glassfish/jersey/server/ResourceConfig$RuntimeConfig$$Lambda$162
instanceKlass org/glassfish/jersey/internal/JaxrsProviders
instanceKlass jakarta/ws/rs/ext/Providers
instanceKlass org/glassfish/jersey/server/ComponentProviderConfigurator$$Lambda$161
instanceKlass org/glassfish/jersey/server/internal/JerseyResourceContext
instanceKlass org/glassfish/jersey/server/ExtendedResourceContext
instanceKlass org/glassfish/jersey/server/JerseyResourceContextConfigurator$$Lambda$160
instanceKlass org/glassfish/jersey/server/JerseyResourceContextConfigurator$$Lambda$159
instanceKlass org/glassfish/jersey/server/JerseyResourceContextConfigurator$$Lambda$158
instanceKlass org/glassfish/jersey/inject/hk2/InjectionResolverWrapper
instanceKlass org/glassfish/jersey/server/internal/inject/ParamInjectionResolver
instanceKlass org/glassfish/jersey/server/internal/inject/ValueParamProviderConfigurator$$Lambda$157
instanceKlass org/glassfish/jersey/server/internal/inject/DelegatedInjectionValueParamProvider$$Lambda$156
instanceKlass org/glassfish/jersey/server/internal/inject/ValueParamProviderConfigurator$$Lambda$155
instanceKlass org/glassfish/jersey/internal/inject/ForeignDescriptor
instanceKlass org/glassfish/jersey/server/internal/inject/DelegatedInjectionValueParamProvider
instanceKlass org/glassfish/jersey/server/internal/inject/WebTargetValueParamProvider$1
instanceKlass org/glassfish/jersey/client/ClientConfig
instanceKlass org/glassfish/jersey/server/internal/inject/WebTargetValueParamProvider$BindingModel
instanceKlass org/glassfish/jersey/server/internal/inject/ValueParamProviderConfigurator$$Lambda$154
instanceKlass org/glassfish/jersey/server/internal/inject/FormParamValueParamProvider$MultipartFormParamValueProvider$$Lambda$153
instanceKlass org/glassfish/jersey/internal/util/collection/ClassTypePair
instanceKlass org/glassfish/jersey/model/Parameter$ParameterService$9
instanceKlass jakarta/ws/rs/BeanParam
instanceKlass org/glassfish/jersey/model/Parameter$ParameterService$8
instanceKlass jakarta/ws/rs/container/Suspended
instanceKlass org/glassfish/jersey/model/Parameter$ParameterService$7
instanceKlass jakarta/ws/rs/QueryParam
instanceKlass org/glassfish/jersey/model/Parameter$ParameterService$6
instanceKlass jakarta/ws/rs/PathParam
instanceKlass org/glassfish/jersey/model/Parameter$ParameterService$5
instanceKlass jakarta/ws/rs/MatrixParam
instanceKlass org/glassfish/jersey/model/Parameter$ParameterService$4
instanceKlass jakarta/ws/rs/HeaderParam
instanceKlass org/glassfish/jersey/model/Parameter$ParameterService$3
instanceKlass org/glassfish/jersey/model/Parameter$ParameterService$2
instanceKlass jakarta/ws/rs/CookieParam
instanceKlass org/glassfish/jersey/model/Parameter$ParameterService$1
instanceKlass org/glassfish/jersey/server/model/Parameter$ServerParameterService$1
instanceKlass org/glassfish/jersey/model/Parameter$ParamAnnotationHelper
instanceKlass org/glassfish/jersey/server/Uri
instanceKlass org/glassfish/jersey/model/Parameter$$Lambda$152
instanceKlass org/glassfish/jersey/model/Parameter$$Lambda$151
instanceKlass org/glassfish/jersey/model/Parameter$$Lambda$150
instanceKlass org/glassfish/jersey/model/Parameter$$Lambda$149
instanceKlass org/glassfish/jersey/model/Parameter$ParameterService$10
instanceKlass org/glassfish/jersey/server/model/Parameter$ServerParameterService$2
instanceKlass org/glassfish/jersey/model/Parameter$$Lambda$148
instanceKlass org/glassfish/jersey/model/Parameter$ParameterService
instanceKlass org/glassfish/jersey/model/Parameter$ParamCreationFactory
instanceKlass org/glassfish/jersey/server/model/Parameter$ServerParameterService
instanceKlass org/glassfish/jersey/internal/guava/Iterators$2
instanceKlass org/glassfish/jersey/internal/guava/PeekingIterator
instanceKlass org/glassfish/jersey/internal/guava/UnmodifiableIterator
instanceKlass org/glassfish/jersey/internal/guava/Iterators
instanceKlass org/glassfish/jersey/internal/guava/Preconditions
instanceKlass org/glassfish/jersey/internal/guava/Lists
instanceKlass org/glassfish/jersey/model/internal/spi/ParameterServiceProvider
instanceKlass jakarta/ws/rs/FormParam
instanceKlass org/glassfish/jersey/internal/util/ReflectionHelper$4
instanceKlass org/glassfish/jersey/server/internal/inject/FormParamValueParamProvider$MultipartFormParamValueProvider$FormParamHolder
instanceKlass jakarta/ws/rs/core/EntityPart
instanceKlass org/glassfish/jersey/server/internal/inject/FormParamValueParamProvider$MultipartFormParamValueProvider
instanceKlass org/glassfish/jersey/model/Parameter
instanceKlass org/glassfish/jersey/server/internal/inject/AbstractValueParamProvider
instanceKlass org/glassfish/jersey/server/spi/internal/ValueParamProvider$PriorityType
instanceKlass org/glassfish/jersey/server/internal/inject/AsyncResponseValueParamProvider
instanceKlass org/glassfish/jersey/server/internal/inject/ValueParamProviderConfigurator$$Lambda$147
instanceKlass org/glassfish/jersey/server/internal/inject/ValueParamProviderConfigurator$$Lambda$146
instanceKlass org/glassfish/jersey/server/internal/inject/ValueParamProviderConfigurator$$Lambda$145
instanceKlass org/glassfish/jersey/server/internal/inject/ValueParamProviderConfigurator$$Lambda$144
instanceKlass org/glassfish/jersey/server/internal/inject/MultivaluedParameterExtractor
instanceKlass org/glassfish/jersey/server/internal/inject/MultivaluedParameterExtractorFactory
instanceKlass org/glassfish/jersey/server/internal/inject/ParamExtractorConfigurator$$Lambda$143
instanceKlass org/glassfish/jersey/internal/inject/ParamConverterFactory
instanceKlass org/glassfish/jersey/internal/inject/ParamConverters$AggregatedProvider
instanceKlass org/glassfish/jersey/server/AsyncContext
instanceKlass jakarta/ws/rs/container/AsyncResponse
instanceKlass org/glassfish/jersey/server/internal/process/RequestProcessingConfigurator$AsyncContextFactory
instanceKlass org/glassfish/jersey/server/CloseableService
instanceKlass org/glassfish/jersey/server/internal/process/RequestProcessingConfigurator$CloseableServiceFactory
instanceKlass org/glassfish/jersey/server/internal/process/SecurityContextInjectee
instanceKlass jakarta/ws/rs/container/ResourceInfo
instanceKlass org/glassfish/jersey/server/ExtendedUriInfo
instanceKlass jakarta/ws/rs/core/UriInfo
instanceKlass org/glassfish/jersey/server/internal/process/RequestProcessingConfigurator$UriRoutingContextFactory
instanceKlass org/glassfish/jersey/message/internal/InboundMessageContext
instanceKlass org/glassfish/jersey/internal/PropertiesResolver
instanceKlass jakarta/ws/rs/core/HttpHeaders
instanceKlass jakarta/ws/rs/core/Request
instanceKlass jakarta/ws/rs/container/ContainerRequestContext
instanceKlass org/glassfish/jersey/server/internal/process/RequestProcessingConfigurator$ContainerRequestFactory
instanceKlass org/glassfish/jersey/server/internal/process/RequestProcessingContextReference
instanceKlass org/glassfish/jersey/server/ApplicationHandler$$Lambda$142
instanceKlass org/glassfish/jersey/internal/spi/AutoDiscoverable
instanceKlass org/glassfish/jersey/server/spi/ContainerProvider
instanceKlass org/glassfish/jersey/internal/AbstractServiceFinderConfigurator
instanceKlass jakarta/ws/rs/core/MultivaluedMap
instanceKlass org/glassfish/jersey/server/ProcessingProvidersConfigurator
instanceKlass jakarta/ws/rs/container/ResourceContext
instanceKlass org/glassfish/jersey/server/model/internal/ResourceMethodInvokerConfigurator
instanceKlass org/glassfish/jersey/spi/ExceptionMappers
instanceKlass org/glassfish/jersey/internal/ExceptionMapperFactory$ExceptionMappersConfigurator
instanceKlass org/glassfish/jersey/message/MessageBodyWorkers
instanceKlass org/glassfish/jersey/message/internal/MessageBodyFactory$MessageBodyWorkersConfigurator
instanceKlass org/glassfish/jersey/spi/ContextResolvers
instanceKlass org/glassfish/jersey/internal/ContextResolverFactory$ContextResolversConfigurator
instanceKlass org/glassfish/jersey/server/ApplicationHandler$RuntimeConfigConfigurator
instanceKlass org/glassfish/jersey/internal/JaxrsProviders$ProvidersConfigurator
instanceKlass org/glassfish/jersey/server/ComponentProviderConfigurator
instanceKlass org/glassfish/jersey/server/JerseyResourceContextConfigurator
instanceKlass org/glassfish/jersey/server/spi/internal/ValueParamProvider
instanceKlass org/glassfish/jersey/server/internal/inject/ValueParamProviderConfigurator
instanceKlass org/glassfish/jersey/server/internal/inject/MultivaluedParameterExtractorProvider
instanceKlass org/glassfish/jersey/server/internal/inject/ParamExtractorConfigurator
instanceKlass org/glassfish/jersey/internal/inject/ParamConverterConfigurator
instanceKlass org/glassfish/jersey/process/internal/RequestScope$RequestScopeConfigurator
instanceKlass org/glassfish/jersey/server/internal/process/RequestProcessingConfigurator
instanceKlass org/glassfish/jersey/model/internal/ManagedObjectsFinalizer
instanceKlass org/glassfish/jersey/inject/hk2/InstanceSupplierFactoryBridge
instanceKlass org/glassfish/jersey/inject/hk2/Hk2Helper$$Lambda$141
instanceKlass org/glassfish/jersey/inject/hk2/Hk2Helper$$Lambda$140
instanceKlass java/lang/FunctionalInterface
instanceKlass org/glassfish/jersey/inject/hk2/Hk2Helper$$Lambda$139
instanceKlass org/glassfish/hk2/utilities/FactoryDescriptorsImpl
instanceKlass org/glassfish/jersey/inject/hk2/Hk2Helper$$Lambda$138
instanceKlass org/glassfish/jersey/inject/hk2/Hk2Helper$$Lambda$137
instanceKlass org/glassfish/jersey/inject/hk2/SupplierFactoryBridge
instanceKlass org/glassfish/jersey/inject/hk2/Hk2Helper$$Lambda$136
instanceKlass java/lang/invoke/LambdaForm$DMH
instanceKlass org/glassfish/jersey/inject/hk2/Hk2Helper$$Lambda$135
instanceKlass java/lang/invoke/LambdaForm$DMH
instanceKlass org/glassfish/jersey/internal/inject/DisposableSupplier
instanceKlass org/glassfish/jersey/inject/hk2/Hk2Helper$$Lambda$134
instanceKlass java/lang/invoke/LambdaForm$DMH
instanceKlass org/glassfish/jersey/internal/inject/PerThread
instanceKlass org/glassfish/jersey/internal/inject/PerLookup
instanceKlass org/glassfish/jersey/internal/util/PropertiesHelper$4
instanceKlass org/glassfish/jersey/CommonProperties
instanceKlass org/glassfish/jersey/servlet/spi/AsyncContextDelegateProvider
instanceKlass org/glassfish/jersey/servlet/WebComponent$WebComponentBinder$$Lambda$133
instanceKlass org/glassfish/jersey/servlet/WebComponent$WebComponentBinder$$Lambda$132
instanceKlass org/glassfish/jersey/servlet/WebComponent$WebComponentBinder$$Lambda$131
instanceKlass org/glassfish/jersey/internal/inject/ReferencingFactory$EmptyReferenceFactory
instanceKlass org/glassfish/jersey/internal/inject/ReferencingFactory
instanceKlass org/glassfish/jersey/server/internal/monitoring/MonitoringContainerListener
instanceKlass org/glassfish/jersey/server/internal/MappableExceptionWrapperInterceptor
instanceKlass org/glassfish/jersey/server/DefaultExceptionMapper
instanceKlass org/glassfish/jersey/server/internal/JsonWithPaddingInterceptor
instanceKlass org/glassfish/jersey/server/ChunkedResponseWriter
instanceKlass org/glassfish/jersey/internal/inject/AbstractBinder$$Lambda$130
instanceKlass org/glassfish/jersey/internal/inject/AbstractBinder$$Lambda$129
instanceKlass org/glassfish/jersey/internal/inject/AbstractBinder$$Lambda$128
instanceKlass java/lang/invoke/LambdaForm$DMH
instanceKlass org/glassfish/jersey/internal/l10n/LocalizableMessage
instanceKlass org/glassfish/jersey/internal/l10n/Localizer
instanceKlass org/glassfish/jersey/server/internal/LocalizationMessages$BundleSupplier
instanceKlass org/glassfish/jersey/internal/l10n/Localizable
instanceKlass org/glassfish/jersey/internal/l10n/LocalizableMessageFactory
instanceKlass org/glassfish/jersey/internal/l10n/LocalizableMessageFactory$ResourceBundleSupplier
instanceKlass org/glassfish/jersey/server/internal/LocalizationMessages
instanceKlass org/glassfish/jersey/internal/Version
instanceKlass org/glassfish/jersey/inject/hk2/Hk2Helper
instanceKlass org/glassfish/jersey/internal/inject/Binding
instanceKlass org/glassfish/jersey/internal/inject/Bindings
instanceKlass org/glassfish/hk2/utilities/reflection/ReflectionHelper$3
instanceKlass org/glassfish/jersey/inject/hk2/ContextInjectionResolverImpl$$Lambda$127
instanceKlass org/glassfish/jersey/inject/hk2/ContextInjectionResolverImpl$3
instanceKlass org/glassfish/jersey/inject/hk2/ContextInjectionResolverImpl$$Lambda$126
instanceKlass org/glassfish/jersey/internal/util/collection/Cache$$Lambda$125
instanceKlass org/glassfish/jersey/internal/util/collection/Cache$CycleHandler
instanceKlass org/glassfish/hk2/api/Unqualified
instanceKlass org/glassfish/hk2/api/Self
instanceKlass org/jvnet/hk2/annotations/Optional
instanceKlass org/glassfish/jersey/internal/util/collection/Cache
instanceKlass org/glassfish/jersey/inject/hk2/ContextInjectionResolverImpl$CacheKey
instanceKlass org/glassfish/jersey/internal/inject/Injectee
instanceKlass org/glassfish/jersey/process/internal/RequestScope
instanceKlass org/glassfish/jersey/inject/hk2/JerseyErrorService
instanceKlass jakarta/ws/rs/core/Context
instanceKlass org/glassfish/jersey/inject/hk2/ContextInjectionResolverImpl
instanceKlass org/glassfish/jersey/internal/inject/ContextInjectionResolver
instanceKlass org/glassfish/jersey/internal/inject/InjectionResolver
instanceKlass org/glassfish/hk2/internal/ActiveDescriptorBuilderImpl
instanceKlass org/glassfish/jersey/process/internal/RequestScoped
instanceKlass org/glassfish/jersey/inject/hk2/RequestContext
instanceKlass org/glassfish/hk2/utilities/binding/AbstractBinder$2
instanceKlass org/glassfish/hk2/utilities/binding/AbstractBinder$1
instanceKlass org/jvnet/hk2/component/MultiMap$1
instanceKlass org/jvnet/hk2/component/MultiMap
instanceKlass org/glassfish/hk2/utilities/binding/AbstractBindingBuilder
instanceKlass org/glassfish/hk2/utilities/binding/ScopedNamedBindingBuilder
instanceKlass org/glassfish/hk2/utilities/binding/NamedBindingBuilder
instanceKlass org/glassfish/jersey/inject/hk2/JerseyClassAnalyzer$$Lambda$124
instanceKlass org/glassfish/jersey/inject/hk2/JerseyClassAnalyzer
instanceKlass org/glassfish/jersey/inject/hk2/JerseyClassAnalyzer$Binder$$Lambda$123
instanceKlass org/glassfish/hk2/utilities/reflection/ReflectionHelper$5
instanceKlass org/glassfish/hk2/api/TypeLiteral
instanceKlass org/glassfish/hk2/api/HK2Loader
instanceKlass org/glassfish/hk2/utilities/binding/ServiceBindingBuilder
instanceKlass org/glassfish/hk2/utilities/binding/ScopedBindingBuilder
instanceKlass org/glassfish/hk2/utilities/binding/BindingBuilder
instanceKlass org/glassfish/hk2/utilities/binding/AbstractBinder
instanceKlass org/glassfish/hk2/utilities/Binder
instanceKlass org/glassfish/hk2/internal/StarFilter
instanceKlass org/glassfish/hk2/utilities/BuilderHelper$2
instanceKlass java/lang/reflect/WildcardType
instanceKlass org/glassfish/hk2/api/DescriptorFileFinder
instanceKlass org/jvnet/hk2/internal/PopulatorImpl
instanceKlass org/glassfish/hk2/api/Unproxiable
instanceKlass org/glassfish/hk2/api/messaging/Topic
instanceKlass org/jvnet/hk2/internal/SoftAnnotatedElementAnnotationInfo
instanceKlass org/jvnet/hk2/internal/AnnotatedElementAnnotationInfo
instanceKlass org/glassfish/hk2/utilities/reflection/ScopeInfo
instanceKlass org/glassfish/hk2/api/PreDestroy
instanceKlass org/glassfish/hk2/utilities/reflection/internal/ClassReflectionHelperImpl$LifecycleKey
instanceKlass org/glassfish/hk2/api/PostConstruct
instanceKlass org/glassfish/hk2/utilities/reflection/internal/ClassReflectionHelperUtilities$4
instanceKlass org/glassfish/hk2/utilities/cache/LRUHybridCache$HybridCacheEntryImpl
instanceKlass org/glassfish/hk2/utilities/reflection/internal/ClassReflectionHelperUtilities$3
instanceKlass org/glassfish/hk2/utilities/reflection/internal/ClassReflectionHelperUtilities$2
instanceKlass org/glassfish/hk2/utilities/reflection/internal/MethodWrapperImpl
instanceKlass org/glassfish/hk2/utilities/reflection/internal/ClassReflectionHelperUtilities$1
instanceKlass org/glassfish/hk2/utilities/reflection/internal/ClassReflectionHelperUtilities
instanceKlass org/glassfish/hk2/utilities/cache/LRUHybridCache$OriginThreadAwareFuture$1
instanceKlass org/glassfish/hk2/utilities/cache/LRUHybridCache$OriginThreadAwareFuture
instanceKlass org/jvnet/hk2/internal/ClazzCreator$ResolutionInfo
instanceKlass org/jvnet/hk2/internal/SystemInjecteeImpl
instanceKlass org/jvnet/hk2/internal/Utilities$2
instanceKlass org/glassfish/hk2/api/InjectionPointIndicator
instanceKlass org/glassfish/hk2/api/Populator
instanceKlass org/jvnet/hk2/internal/Utilities$3
instanceKlass org/jvnet/hk2/internal/ConstructorAction
instanceKlass org/jvnet/hk2/internal/ClazzCreator
instanceKlass org/jvnet/hk2/internal/Collector
instanceKlass org/glassfish/hk2/api/IterableProvider
instanceKlass jakarta/inject/Provider
instanceKlass org/glassfish/hk2/internal/PerThreadContext
instanceKlass java/util/WeakHashMap$HashIterator
instanceKlass org/glassfish/hk2/utilities/InjecteeImpl
instanceKlass org/glassfish/hk2/utilities/reflection/Constants
instanceKlass org/glassfish/hk2/utilities/reflection/TypeChecker
instanceKlass org/jvnet/hk2/internal/ServiceLocatorImpl$9
instanceKlass org/glassfish/hk2/utilities/general/internal/DoubleNode
instanceKlass org/glassfish/hk2/utilities/cache/internal/WeakCARCacheImpl$CarValue
instanceKlass org/jvnet/hk2/internal/ServiceLocatorImpl$IgdValue
instanceKlass org/jvnet/hk2/internal/NarrowResults
instanceKlass org/jvnet/hk2/internal/ImmediateResults
instanceKlass org/jvnet/hk2/internal/ServiceLocatorImpl$IgdCacheKey
instanceKlass org/jvnet/hk2/internal/ServiceLocatorImpl$UnqualifiedIndexedFilter
instanceKlass org/jvnet/hk2/internal/CacheKey
instanceKlass org/jvnet/hk2/internal/ServiceLocatorImpl$6
instanceKlass org/jvnet/hk2/internal/InstanceLifecycleEventImpl
instanceKlass org/glassfish/hk2/utilities/cache/Cache$OriginThreadAwareFuture$1
instanceKlass org/glassfish/hk2/utilities/cache/Cache$OriginThreadAwareFuture
instanceKlass org/glassfish/hk2/utilities/ContextualInput
instanceKlass org/glassfish/hk2/api/Proxiable
instanceKlass org/jvnet/hk2/internal/ServiceHandleImpl
instanceKlass org/jvnet/hk2/internal/ServiceLocatorImpl$5
instanceKlass org/glassfish/hk2/internal/IndexedFilterImpl
instanceKlass org/jvnet/hk2/internal/ServiceLocatorImpl$12
instanceKlass org/jvnet/hk2/internal/ServiceLocatorImpl$CheckConfigurationData
instanceKlass org/jvnet/hk2/internal/TwoPhaseTransactionDataImpl
instanceKlass org/glassfish/hk2/api/InstantiationData
instanceKlass org/jvnet/hk2/internal/InstantiationServiceImpl
instanceKlass org/glassfish/hk2/api/InstantiationService
instanceKlass org/glassfish/hk2/api/Factory
instanceKlass org/glassfish/hk2/api/Immediate
instanceKlass org/glassfish/hk2/api/InheritableThread
instanceKlass org/glassfish/hk2/api/PerThread
instanceKlass org/glassfish/hk2/utilities/ServiceLocatorUtilities
instanceKlass org/jvnet/hk2/internal/ServiceLocatorRuntimeImpl
instanceKlass org/jvnet/hk2/external/runtime/ServiceLocatorRuntimeBean
instanceKlass org/glassfish/hk2/api/Rank
instanceKlass org/jvnet/hk2/annotations/Service
instanceKlass org/glassfish/hk2/api/ProxyForSameScope
instanceKlass org/glassfish/hk2/api/UseProxy
instanceKlass org/glassfish/hk2/api/Metadata
instanceKlass org/glassfish/hk2/utilities/BuilderHelper$3
instanceKlass sun/reflect/annotation/AnnotationParser$$Lambda$122
instanceKlass org/glassfish/hk2/utilities/reflection/ReflectionHelper$1
instanceKlass org/glassfish/hk2/api/ContractIndicator
instanceKlass org/jvnet/hk2/annotations/Contract
instanceKlass org/glassfish/hk2/api/Visibility
instanceKlass jakarta/inject/Qualifier
instanceKlass jakarta/inject/Scope
instanceKlass org/jvnet/hk2/annotations/ContractsProvided
instanceKlass org/jvnet/hk2/internal/DefaultClassAnalyzer
instanceKlass org/glassfish/hk2/internal/DescriptorBuilderImpl
instanceKlass org/jvnet/hk2/internal/DynamicConfigurationServiceImpl
instanceKlass org/glassfish/hk2/api/AnnotationLiteral$2
instanceKlass org/glassfish/hk2/api/AnnotationLiteral$1
instanceKlass org/glassfish/hk2/api/AnnotationLiteral
instanceKlass org/glassfish/hk2/utilities/reflection/ParameterizedTypeImpl
instanceKlass jakarta/inject/Inject
instanceKlass org/jvnet/hk2/internal/ThreeThirtyResolver
instanceKlass org/glassfish/hk2/utilities/ActiveDescriptorBuilder
instanceKlass org/glassfish/hk2/api/IndexedFilter
instanceKlass org/glassfish/hk2/utilities/DescriptorBuilder
instanceKlass org/glassfish/hk2/utilities/BuilderHelper
instanceKlass org/glassfish/hk2/api/InstanceLifecycleEvent
instanceKlass org/jvnet/hk2/internal/SystemDescriptor
instanceKlass org/jvnet/hk2/internal/Closeable
instanceKlass java/lang/Character$CharacterCache
instanceKlass org/glassfish/hk2/utilities/reflection/ReflectionHelper
instanceKlass org/glassfish/hk2/api/PerLookup
instanceKlass org/glassfish/hk2/utilities/DescriptorImpl
instanceKlass org/jvnet/hk2/internal/Utilities$4
instanceKlass org/glassfish/hk2/api/ValidationService
instanceKlass org/glassfish/hk2/api/InterceptionService
instanceKlass org/glassfish/hk2/api/DynamicConfigurationService
instanceKlass org/glassfish/hk2/api/DynamicConfigurationListener
instanceKlass org/glassfish/hk2/api/ClassAnalyzer
instanceKlass org/glassfish/hk2/api/InjectionResolver
instanceKlass org/glassfish/hk2/api/InstanceLifecycleListener
instanceKlass org/jvnet/hk2/internal/Utilities$AnnotationInformation
instanceKlass org/jvnet/hk2/internal/Utilities$1
instanceKlass org/jvnet/hk2/internal/Creator
instanceKlass jakarta/inject/Named
instanceKlass org/jvnet/hk2/internal/Utilities$Interceptors
instanceKlass org/jvnet/hk2/internal/Utilities
instanceKlass org/glassfish/hk2/api/FactoryDescriptors
instanceKlass org/jvnet/hk2/internal/DynamicConfigurationImpl
instanceKlass org/glassfish/hk2/api/DynamicConfiguration
instanceKlass java/lang/invoke/LambdaForm$MH
instanceKlass java/lang/invoke/LambdaForm$DMH
instanceKlass java/lang/invoke/LambdaForm$MH
instanceKlass java/lang/invoke/LambdaForm$MH
instanceKlass java/lang/invoke/LambdaForm$MH
instanceKlass java/lang/invoke/LambdaForm$MH
instanceKlass java/lang/invoke/LambdaForm$MH
instanceKlass java/lang/invoke/LambdaForm$MH
instanceKlass java/lang/invoke/LambdaForm$MH
instanceKlass java/lang/invoke/LambdaForm$MH
instanceKlass java/lang/invoke/LambdaForm$MH
instanceKlass org/glassfish/hk2/utilities/reflection/Logger$1
instanceKlass org/glassfish/hk2/utilities/reflection/Logger
instanceKlass org/jvnet/hk2/internal/ServiceLocatorImpl$10
instanceKlass org/glassfish/hk2/utilities/general/internal/WeakHashLRUImpl
instanceKlass org/glassfish/hk2/utilities/general/internal/WeakHashClockImpl
instanceKlass org/glassfish/hk2/utilities/general/WeakHashLRU
instanceKlass org/glassfish/hk2/utilities/general/WeakHashClock
instanceKlass org/glassfish/hk2/utilities/general/GeneralUtilities
instanceKlass org/glassfish/hk2/utilities/cache/internal/WeakCARCacheImpl
instanceKlass org/glassfish/hk2/utilities/cache/WeakCARCache
instanceKlass org/glassfish/hk2/utilities/cache/CacheUtilities
instanceKlass org/jvnet/hk2/internal/ServiceLocatorImpl$8
instanceKlass org/jvnet/hk2/internal/ServiceLocatorImpl$4
instanceKlass org/jvnet/hk2/internal/ServiceLocatorImpl$3
instanceKlass org/glassfish/hk2/utilities/RethrowErrorService
instanceKlass org/glassfish/hk2/api/ErrorService
instanceKlass org/jvnet/hk2/internal/PerLookupContext
instanceKlass org/jvnet/hk2/internal/SingletonContext$2
instanceKlass org/jvnet/hk2/internal/SingletonContext$1
instanceKlass org/glassfish/hk2/utilities/cache/Cache$1
instanceKlass org/glassfish/hk2/utilities/cache/Cache
instanceKlass org/glassfish/hk2/utilities/cache/Cache$CycleHandler
instanceKlass org/jvnet/hk2/internal/SingletonContext
instanceKlass org/jvnet/hk2/internal/IndexedListData
instanceKlass org/glassfish/hk2/utilities/general/Hk2ThreadLocal
instanceKlass org/jvnet/hk2/internal/PerLocatorUtilities
instanceKlass org/glassfish/hk2/utilities/reflection/internal/ClassReflectionHelperImpl$4
instanceKlass org/glassfish/hk2/utilities/reflection/internal/ClassReflectionHelperImpl$3
instanceKlass org/glassfish/hk2/utilities/reflection/internal/ClassReflectionHelperImpl$2
instanceKlass org/glassfish/hk2/utilities/reflection/internal/ClassReflectionHelperImpl$1
instanceKlass org/glassfish/hk2/utilities/cache/LRUHybridCache$CacheEntryImplComparator
instanceKlass org/glassfish/hk2/utilities/cache/LRUHybridCache$1
instanceKlass org/glassfish/hk2/utilities/cache/HybridCacheEntry
instanceKlass org/glassfish/hk2/utilities/cache/CacheEntry
instanceKlass org/glassfish/hk2/utilities/cache/LRUHybridCache$CycleHandler
instanceKlass org/glassfish/hk2/utilities/cache/LRUHybridCache
instanceKlass org/glassfish/hk2/utilities/reflection/MethodWrapper
instanceKlass org/glassfish/hk2/utilities/reflection/internal/ClassReflectionHelperImpl
instanceKlass org/jvnet/hk2/internal/ServiceHandleComparator
instanceKlass org/jvnet/hk2/internal/DescriptorComparator
instanceKlass org/jvnet/hk2/internal/ServiceLocatorImpl$2
instanceKlass org/jvnet/hk2/internal/ServiceLocatorImpl$1
instanceKlass org/glassfish/hk2/utilities/cache/CacheKeyFilter
instanceKlass org/glassfish/hk2/api/ErrorInformation
instanceKlass org/glassfish/hk2/api/Injectee
instanceKlass org/glassfish/hk2/api/ServiceHandle
instanceKlass org/glassfish/hk2/api/TwoPhaseTransactionData
instanceKlass org/glassfish/hk2/api/ValidationInformation
instanceKlass org/glassfish/hk2/api/ActiveDescriptor
instanceKlass org/glassfish/hk2/api/SingleCache
instanceKlass org/glassfish/hk2/api/Filter
instanceKlass org/glassfish/hk2/utilities/cache/Computable
instanceKlass org/glassfish/hk2/api/Context
instanceKlass org/glassfish/hk2/utilities/reflection/ClassReflectionHelper
instanceKlass org/jvnet/hk2/internal/ServiceLocatorImpl
instanceKlass org/glassfish/hk2/api/Descriptor
instanceKlass org/glassfish/hk2/api/ServiceLocator
instanceKlass org/jvnet/hk2/external/generator/ServiceLocatorGeneratorImpl
instanceKlass org/glassfish/hk2/osgiresourcelocator/ServiceLoader
instanceKlass org/glassfish/hk2/extension/ServiceLocatorGenerator
instanceKlass org/glassfish/hk2/internal/ServiceLocatorFactoryImpl$2
instanceKlass org/glassfish/hk2/internal/ServiceLocatorFactoryImpl$DefaultGeneratorInitializer
instanceKlass org/glassfish/hk2/internal/ServiceLocatorFactoryImpl$1
instanceKlass org/glassfish/hk2/api/ServiceLocatorFactory
instanceKlass org/glassfish/jersey/inject/hk2/AbstractHk2InjectionManager
instanceKlass org/glassfish/jersey/internal/util/PropertiesHelper$2
instanceKlass org/glassfish/jersey/internal/util/PropertiesHelper
instanceKlass org/glassfish/jersey/internal/inject/Injections$$Lambda$121
instanceKlass org/glassfish/jersey/model/internal/RankedComparator
instanceKlass org/glassfish/jersey/model/internal/RankedProvider
instanceKlass org/glassfish/jersey/inject/hk2/Hk2InjectionManagerFactory
instanceKlass org/glassfish/jersey/internal/util/ReflectionHelper$7
instanceKlass org/glassfish/jersey/internal/inject/InjectionManagerFactory
instanceKlass org/glassfish/jersey/internal/inject/Injections
instanceKlass org/glassfish/jersey/server/ApplicationConfigurator
instanceKlass org/glassfish/jersey/internal/BootstrapConfigurator
instanceKlass org/glassfish/jersey/server/ApplicationHandler$1
instanceKlass org/glassfish/jersey/server/monitoring/ApplicationEventListener
instanceKlass org/glassfish/jersey/process/internal/ChainableStage
instanceKlass org/glassfish/jersey/process/internal/Stage
instanceKlass org/glassfish/jersey/server/model/ResourceModelComponent
instanceKlass org/glassfish/jersey/server/monitoring/ApplicationEvent
instanceKlass org/glassfish/jersey/internal/BootstrapBag
instanceKlass org/glassfish/jersey/internal/ServiceFinder$AbstractLazyIterator
instanceKlass org/glassfish/jersey/internal/ServiceFinder$ServiceIteratorProvider
instanceKlass org/glassfish/jersey/internal/ServiceFinder
instanceKlass org/glassfish/jersey/servlet/internal/spi/ServletContainerProvider
instanceKlass org/glassfish/jersey/servlet/internal/ServletContainerProviderFactory
instanceKlass org/glassfish/jersey/servlet/WebComponent$$Lambda$120
instanceKlass org/glassfish/jersey/servlet/internal/spi/RequestScopedInitializerProvider
instanceKlass org/glassfish/jersey/server/spi/RequestScopedInitializer
instanceKlass org/glassfish/jersey/servlet/WebComponent$3
instanceKlass org/glassfish/jersey/internal/util/collection/Ref
instanceKlass org/glassfish/jersey/internal/util/collection/Settable
instanceKlass jakarta/ws/rs/core/GenericType
instanceKlass org/glassfish/jersey/internal/PropertiesDelegate
instanceKlass org/glassfish/jersey/servlet/internal/spi/RequestContextProvider
instanceKlass jakarta/ws/rs/core/SecurityContext
instanceKlass org/glassfish/jersey/servlet/spi/AsyncContextDelegate
instanceKlass org/glassfish/jersey/internal/inject/AbstractBinder
instanceKlass org/glassfish/jersey/servlet/WebServletConfig
instanceKlass org/apache/coyote/http11/Constants
instanceKlass java/lang/invoke/LambdaForm$MH
instanceKlass java/lang/invoke/LambdaForm$MH
instanceKlass java/lang/invoke/LambdaForm$MH
instanceKlass java/lang/invoke/LambdaForm$MH
instanceKlass java/lang/invoke/LambdaForm$MH
instanceKlass org/apache/tomcat/util/buf/HexUtils
instanceKlass org/apache/tomcat/util/http/parser/MediaType
instanceKlass org/apache/coyote/Constants
instanceKlass jakarta/servlet/ServletResponseWrapper
instanceKlass java/lang/invoke/LambdaForm$MH
instanceKlass java/lang/invoke/LambdaForm$DMH
instanceKlass java/lang/invoke/LambdaForm$MH
instanceKlass java/lang/invoke/LambdaForm$MH
instanceKlass java/lang/invoke/LambdaForm$MH
instanceKlass java/lang/invoke/LambdaForm$MH
instanceKlass java/lang/invoke/LambdaForm$MH
instanceKlass java/lang/invoke/LambdaForm$MH
instanceKlass org/apache/catalina/util/TLSUtil
instanceKlass org/apache/catalina/connector/ResponseFacade
instanceKlass org/apache/catalina/core/ApplicationFilterFactory$1
instanceKlass org/apache/catalina/core/ApplicationFilterChain
instanceKlass org/apache/catalina/core/ApplicationFilterFactory
instanceKlass org/apache/coyote/AbstractProcessor$1
instanceKlass jakarta/security/auth/message/config/AuthConfigProvider
instanceKlass jakarta/security/auth/message/config/ServerAuthConfig
instanceKlass jakarta/security/auth/message/config/AuthConfig
instanceKlass jakarta/security/auth/message/config/ServerAuthContext
instanceKlass jakarta/security/auth/message/ServerAuth
instanceKlass jakarta/security/auth/message/config/AuthConfigFactory$$Lambda$119
instanceKlass jakarta/security/auth/message/config/AuthConfigFactory$$Lambda$118
instanceKlass jakarta/security/auth/message/config/AuthConfigFactory
instanceKlass org/apache/catalina/connector/RequestFacade
instanceKlass org/apache/tomcat/util/http/parser/Cookie$ByteBuffer
instanceKlass org/apache/tomcat/util/http/parser/Cookie
instanceKlass org/apache/catalina/util/SessionConfig
instanceKlass org/apache/tomcat/util/buf/UEncoder
instanceKlass org/apache/tomcat/util/collections/ConcurrentCache
instanceKlass org/apache/tomcat/util/http/parser/MediaTypeCache
instanceKlass org/apache/catalina/core/ApplicationMapping
instanceKlass org/apache/catalina/mapper/MappingData
instanceKlass org/apache/catalina/util/ParameterMap
instanceKlass org/apache/tomcat/util/buf/ByteChunk$ByteInputChannel
instanceKlass org/apache/catalina/connector/Request$8
instanceKlass org/apache/catalina/connector/Request$7
instanceKlass org/apache/catalina/connector/Request$6
instanceKlass org/apache/catalina/connector/Request$5
instanceKlass org/apache/catalina/connector/Request$4
instanceKlass org/apache/catalina/connector/Request$3
instanceKlass org/apache/catalina/connector/Request$2
instanceKlass org/apache/catalina/connector/Request$1
instanceKlass org/apache/catalina/connector/Request$SpecialAttributeAdapter
instanceKlass org/apache/tomcat/util/http/parser/Host
instanceKlass org/apache/tomcat/util/http/parser/TokenList
instanceKlass org/apache/tomcat/util/http/ValuesEnumerator
instanceKlass org/apache/tomcat/util/buf/Ascii
instanceKlass java/lang/invoke/LambdaForm$MH
instanceKlass java/lang/invoke/LambdaForm$DMH
instanceKlass java/lang/invoke/LambdaForm$MH
instanceKlass java/lang/invoke/LambdaForm$MH
instanceKlass java/lang/invoke/LambdaForm$DMH
instanceKlass java/lang/invoke/LambdaForm$MH
instanceKlass java/lang/invoke/LambdaForm$BMH
instanceKlass java/lang/invoke/LambdaForm$DMH
instanceKlass java/lang/invoke/LambdaForm$DMH
instanceKlass java/lang/invoke/LambdaForm$MH
instanceKlass java/lang/invoke/LambdaForm$MH
instanceKlass java/lang/invoke/LambdaForm$MH
instanceKlass java/lang/invoke/LambdaForm$MH
instanceKlass java/lang/invoke/LambdaForm$MH
instanceKlass java/lang/invoke/LambdaForm$DMH
instanceKlass java/lang/invoke/LambdaForm$MH
instanceKlass java/lang/invoke/LambdaForm$MH
instanceKlass java/lang/invoke/LambdaForm$BMH
instanceKlass java/lang/invoke/LambdaForm$DMH
instanceKlass java/lang/invoke/LambdaForm$DMH
instanceKlass java/lang/invoke/LambdaForm$MH
instanceKlass java/lang/invoke/LambdaForm$MH
instanceKlass java/lang/invoke/LambdaForm$MH
instanceKlass java/lang/invoke/LambdaForm$MH
instanceKlass org/apache/coyote/http11/filters/GzipOutputFilter
instanceKlass org/apache/coyote/http11/filters/BufferedInputFilter
instanceKlass org/apache/coyote/http11/filters/VoidOutputFilter
instanceKlass org/apache/coyote/http11/filters/VoidInputFilter
instanceKlass org/apache/coyote/http11/filters/ChunkedOutputFilter
instanceKlass org/apache/coyote/http11/filters/ChunkedInputFilter
instanceKlass org/apache/coyote/http11/filters/IdentityOutputFilter
instanceKlass org/apache/coyote/http11/filters/IdentityInputFilter
instanceKlass org/apache/coyote/http11/Http11OutputBuffer$SocketOutputBuffer
instanceKlass org/apache/coyote/http11/Http11OutputBuffer
instanceKlass org/apache/coyote/http11/Http11InputBuffer$SocketInputBuffer
instanceKlass org/apache/coyote/http11/Http11InputBuffer$HeaderParseData
instanceKlass org/apache/coyote/http11/Http11InputBuffer
instanceKlass org/apache/tomcat/util/http/parser/HttpParser
instanceKlass org/apache/coyote/AsyncStateMachine
instanceKlass org/apache/coyote/RequestInfo
instanceKlass org/apache/tomcat/util/log/UserDataHelper
instanceKlass org/apache/tomcat/util/http/Parameters
instanceKlass org/apache/tomcat/util/http/ServerCookie
instanceKlass org/apache/tomcat/util/http/ServerCookies
instanceKlass org/apache/tomcat/util/http/MimeHeaderField
instanceKlass org/apache/tomcat/util/http/MimeHeaders
instanceKlass org/apache/tomcat/util/buf/MessageBytes$MessageBytesFactory
instanceKlass org/apache/tomcat/util/buf/MessageBytes
instanceKlass org/apache/tomcat/util/net/ApplicationBufferHandler
instanceKlass jakarta/servlet/http/HttpUpgradeHandler
instanceKlass org/apache/coyote/http11/OutputFilter
instanceKlass org/apache/coyote/http11/HttpOutputBuffer
instanceKlass org/apache/coyote/http11/InputFilter
instanceKlass org/apache/coyote/OutputBuffer
instanceKlass org/apache/coyote/InputBuffer
instanceKlass org/apache/coyote/AbstractProcessorLight
instanceKlass org/apache/coyote/ActionHook
instanceKlass sun/nio/ch/WindowsSelectorImpl$MapEntry
instanceKlass java/lang/invoke/ConstantBootstraps
instanceKlass java/util/concurrent/atomic/AtomicReferenceFieldUpdater$AtomicReferenceFieldUpdaterImpl$1
instanceKlass java/util/concurrent/atomic/AtomicReferenceFieldUpdater
instanceKlass org/apache/tomcat/util/net/NioEndpoint$PollerEvent
instanceKlass java/util/concurrent/Semaphore
instanceKlass java/util/concurrent/BlockingDeque
instanceKlass org/apache/tomcat/util/net/WriteBuffer
instanceKlass org/apache/tomcat/util/net/SocketWrapperBase$3
instanceKlass org/apache/tomcat/util/net/SocketWrapperBase$2
instanceKlass org/apache/tomcat/util/net/SocketWrapperBase$1
instanceKlass org/apache/tomcat/util/net/SocketWrapperBase$OperationState
instanceKlass org/apache/tomcat/util/net/SendfileDataBase
instanceKlass jakarta/servlet/ServletConnection
instanceKlass org/apache/tomcat/util/net/SocketWrapperBase$CompletionCheck
instanceKlass org/apache/tomcat/util/net/SocketBufferHandler
instanceKlass org/apache/catalina/core/StandardServer$$Lambda$117
instanceKlass org/apache/coyote/AbstractProtocol$$Lambda$116
instanceKlass org/apache/catalina/core/StandardServer$$Lambda$115
instanceKlass org/apache/coyote/AbstractProtocol$$Lambda$114
instanceKlass java/lang/invoke/LambdaForm$DMH
instanceKlass java/nio/channels/spi/AbstractSelector$1
instanceKlass org/apache/tomcat/util/net/Acceptor
instanceKlass sun/nio/ch/OptionKey
instanceKlass sun/nio/ch/SocketOptionRegistry$LazyInitialization
instanceKlass sun/nio/ch/SocketOptionRegistry$RegistryKey
instanceKlass sun/nio/ch/SocketOptionRegistry
instanceKlass java/util/stream/Collectors$$Lambda$113
instanceKlass java/util/stream/Collectors$$Lambda$112
instanceKlass java/util/stream/Collectors$$Lambda$111
instanceKlass java/util/stream/Collectors$$Lambda$110
instanceKlass sun/net/ext/ExtendedSocketOptions$$Lambda$109
instanceKlass sun/nio/ch/ExtendedSocketOption$1
instanceKlass sun/nio/ch/ExtendedSocketOption
instanceKlass sun/nio/ch/SocketChannelImpl$DefaultOptionsHolder
instanceKlass java/nio/BufferMismatch
instanceKlass sun/nio/ch/IOStatus
instanceKlass java/nio/DirectByteBuffer$Deallocator
instanceKlass sun/nio/ch/Util$BufferCache
instanceKlass sun/security/provider/AbstractDrbg$NonceProvider
instanceKlass sun/security/provider/AbstractDrbg$SeederHolder$$Lambda$108
instanceKlass java/lang/invoke/LambdaForm$DMH
instanceKlass java/lang/invoke/LambdaForm$DMH
instanceKlass sun/security/provider/AbstractDrbg$SeederHolder
instanceKlass java/security/DrbgParameters$NextBytes
instanceKlass sun/nio/ch/NativeThread
instanceKlass java/nio/channels/spi/AbstractInterruptibleChannel$1
instanceKlass sun/nio/ch/Interruptible
instanceKlass sun/nio/ch/PipeImpl$Initializer$LoopbackConnector
instanceKlass sun/nio/ch/PipeImpl$Initializer
instanceKlass sun/security/provider/AbstractDrbg$$Lambda$107
instanceKlass sun/security/provider/EntropySource
instanceKlass java/lang/invoke/LambdaForm$DMH
instanceKlass java/lang/invoke/LambdaForm$DMH
instanceKlass sun/security/provider/AbstractDrbg
instanceKlass java/security/DrbgParameters$Instantiation
instanceKlass java/security/DrbgParameters
instanceKlass sun/security/provider/MoreDrbgParameters
instanceKlass sun/security/provider/DRBG$$Lambda$106
instanceKlass java/nio/channels/Pipe
instanceKlass sun/nio/ch/NativeObject
instanceKlass sun/nio/ch/PollArrayWrapper
instanceKlass sun/nio/ch/WindowsSelectorImpl$FinishLock
instanceKlass sun/nio/ch/WindowsSelectorImpl$StartLock
instanceKlass sun/nio/ch/WindowsSelectorImpl$SubSelector
instanceKlass java/nio/channels/SelectionKey
instanceKlass sun/nio/ch/Util$2
instanceKlass sun/nio/ch/Util
instanceKlass java/nio/channels/Selector
instanceKlass org/apache/tomcat/util/collections/SynchronizedQueue
instanceKlass org/apache/tomcat/util/net/SocketWrapperBase
instanceKlass org/apache/tomcat/util/net/NioEndpoint$Poller
instanceKlass org/apache/tomcat/util/threads/LimitLatch
instanceKlass org/apache/tomcat/util/threads/ThreadPoolExecutor$RejectPolicy
instanceKlass org/apache/tomcat/util/threads/ThreadPoolExecutor$RejectedExecutionHandler
instanceKlass org/apache/catalina/core/ContainerBase$ContainerBackgroundProcessor
instanceKlass java/util/concurrent/TimeUnit$1
instanceKlass org/apache/catalina/mapper/WrapperMappingInfo
instanceKlass org/apache/catalina/mapper/Mapper$ContextList
instanceKlass org/apache/tomcat/util/threads/Constants
instanceKlass org/apache/tomcat/util/threads/TaskThread$WrappingRunnable
instanceKlass java/util/concurrent/Executors$RunnableAdapter
instanceKlass org/apache/catalina/core/ContainerBase$ContainerBackgroundProcessorMonitor
instanceKlass org/apache/jasper/servlet/JspCServletContext
instanceKlass org/apache/jasper/compiler/tagplugin/TagPluginContext
instanceKlass org/apache/jasper/compiler/Node$Visitor
instanceKlass org/apache/jasper/compiler/TagPluginManager
instanceKlass org/apache/jasper/compiler/JspConfig
instanceKlass org/apache/jasper/EmbeddedServletOptions
instanceKlass org/apache/jasper/Constants
instanceKlass org/apache/catalina/core/StandardContext$$Lambda$105
instanceKlass java/lang/invoke/LambdaForm$MH
instanceKlass java/lang/invoke/LambdaForm$MH
instanceKlass java/lang/invoke/LambdaForm$MH
instanceKlass java/lang/invoke/LambdaForm$MH
instanceKlass java/lang/invoke/LambdaForm$MH
instanceKlass java/lang/invoke/LambdaForm$MH
instanceKlass java/lang/invoke/LambdaForm$MH
instanceKlass java/lang/invoke/LambdaForm$MH
instanceKlass java/lang/invoke/LambdaForm$MH
instanceKlass java/lang/invoke/LambdaForm$MH
instanceKlass java/lang/invoke/LambdaForm$MH
instanceKlass java/lang/invoke/LambdaForm$MH
instanceKlass java/lang/invoke/LambdaForm$MH
instanceKlass java/lang/invoke/LambdaForm$MH
instanceKlass org/apache/catalina/core/ApplicationFilterConfig
instanceKlass java/text/FieldPosition$Delegate
instanceKlass sun/nio/fs/BasicFileAttributesHolder
instanceKlass sun/nio/fs/WindowsDirectoryStream$WindowsDirectoryIterator
instanceKlass sun/nio/fs/WindowsDirectoryStream
instanceKlass java/nio/file/DirectoryStream
instanceKlass java/nio/file/Files$AcceptAllFilter
instanceKlass java/nio/file/DirectoryStream$Filter
instanceKlass java/net/NetworkInterface$2
instanceKlass java/net/DefaultInterface
instanceKlass java/net/InterfaceAddress
instanceKlass java/net/NetworkInterface$1
instanceKlass sun/security/provider/SeedGenerator$1
instanceKlass sun/security/provider/SeedGenerator
instanceKlass sun/security/provider/SecureRandom$SeederHolder
instanceKlass java/security/SecureRandomParameters
instanceKlass java/security/SecureRandomSpi
instanceKlass jakarta/servlet/HttpConstraintElement
instanceKlass java/util/concurrent/Executors$DefaultThreadFactory
instanceKlass java/util/concurrent/Executors
instanceKlass sun/net/DefaultProgressMeteringPolicy
instanceKlass sun/net/ProgressMeteringPolicy
instanceKlass sun/net/ProgressMonitor
instanceKlass lk/karu/openbay/util/Env
instanceKlass java/util/concurrent/LinkedBlockingQueue$Node
instanceKlass jakarta/mail/Authenticator
instanceKlass lk/karu/openbay/provider/MailServiceProvider
instanceKlass jakarta/servlet/http/HttpSessionAttributeListener
instanceKlass jakarta/servlet/http/HttpSessionIdListener
instanceKlass jakarta/servlet/ServletRequestListener
instanceKlass jakarta/servlet/ServletRequestAttributeListener
instanceKlass jakarta/servlet/ServletContextAttributeListener
instanceKlass java/lang/WeakPairMap$$Lambda$104
instanceKlass java/lang/Module$$Lambda$103
instanceKlass java/lang/module/ModuleDescriptor$Builder$$Lambda$102
instanceKlass java/lang/module/ModuleDescriptor$Builder
instanceKlass java/lang/reflect/Proxy$ProxyBuilder$$Lambda$101
instanceKlass jdk/internal/HotSpotIntrinsicCandidate
instanceKlass jakarta/annotation/PreDestroy
instanceKlass jakarta/annotation/PostConstruct
instanceKlass org/apache/catalina/ContainerServlet
instanceKlass org/apache/jasper/compiler/TldCache
instanceKlass org/apache/jasper/compiler/Localizer
instanceKlass java/lang/invoke/LambdaForm$MH
instanceKlass java/lang/invoke/LambdaForm$MH
instanceKlass java/nio/file/FileVisitor
instanceKlass org/apache/jasper/servlet/TldScanner$TldScannerCallback
instanceKlass org/apache/jasper/compiler/JarScannerFactory
instanceKlass org/apache/tomcat/util/descriptor/tld/TagFileXml
instanceKlass jakarta/servlet/jsp/tagext/TagAttributeInfo
instanceKlass org/apache/tomcat/util/descriptor/tld/TldRuleSet$Attribute
instanceKlass jakarta/servlet/jsp/tagext/TagVariableInfo
instanceKlass org/apache/tomcat/util/descriptor/tld/TldRuleSet$Variable
instanceKlass org/apache/tomcat/util/descriptor/tld/TagXml
instanceKlass org/apache/tomcat/util/descriptor/tld/ValidatorXml
instanceKlass org/apache/tomcat/util/descriptor/tld/TldRuleSet
instanceKlass org/apache/tomcat/util/descriptor/tld/TldParser
instanceKlass org/apache/jasper/servlet/TldScanner
instanceKlass org/apache/tomcat/InstanceManagerBindings
instanceKlass jakarta/persistence/PersistenceContext
instanceKlass org/apache/catalina/core/DefaultInstanceManager$AnnotationCacheEntry
instanceKlass org/apache/catalina/core/DefaultInstanceManager
instanceKlass java/io/ObjectStreamConstants
instanceKlass java/io/ObjectInput
instanceKlass org/apache/catalina/Session
instanceKlass jakarta/servlet/annotation/MultipartConfig
instanceKlass org/apache/catalina/Cluster
instanceKlass jakarta/servlet/MultipartConfigElement
instanceKlass java/util/AbstractList$Itr
instanceKlass sun/security/provider/certpath/ldap/JdkLDAP$1
instanceKlass com/sun/security/sasl/Provider$1
instanceKlass sun/security/ssl/SunJSSE$1
instanceKlass sun/security/ec/SunEC$2
instanceKlass sun/security/ec/SunEC$1
instanceKlass sun/security/mscapi/SunMSCAPI$2
instanceKlass sun/security/mscapi/SunMSCAPI$1
instanceKlass com/sun/security/sasl/gsskerb/JdkSASL$1
instanceKlass sun/security/pkcs11/SunPKCS11$Descriptor
instanceKlass javax/security/auth/Subject
instanceKlass javax/security/auth/callback/CallbackHandler
instanceKlass sun/security/jgss/SunProvider$1
instanceKlass sun/security/smartcardio/SunPCSC$1
instanceKlass org/jcp/xml/dsig/internal/dom/XMLDSigRI$2
instanceKlass org/jcp/xml/dsig/internal/dom/XMLDSigRI$1
instanceKlass sun/security/jca/ProviderConfig$ProviderLoader
instanceKlass sun/security/jca/ProviderConfig$3
instanceKlass java/util/concurrent/ConcurrentLinkedQueue$Node
instanceKlass org/apache/tomcat/util/http/ConcurrentDateFormat
instanceKlass org/apache/tomcat/util/http/FastHttpDateFormat
instanceKlass jakarta/security/auth/message/MessageInfo
instanceKlass org/apache/catalina/SessionIdGenerator
instanceKlass jakarta/security/auth/message/config/RegistrationListener
instanceKlass org/apache/catalina/Authenticator
instanceKlass org/apache/jasper/compiler/JspRuntimeContext
instanceKlass org/apache/jasper/Options
instanceKlass org/apache/tomcat/PeriodicEventListener
instanceKlass org/apache/catalina/servlets/DefaultServlet$SortManager$Order
instanceKlass org/apache/catalina/servlets/DefaultServlet$PrecompressedResource
instanceKlass org/apache/tomcat/util/http/parser/Ranges$Entry
instanceKlass org/apache/catalina/servlets/DefaultServlet$SortManager
instanceKlass org/apache/catalina/servlets/DefaultServlet$CompressionFormat
instanceKlass org/apache/tomcat/util/http/parser/ContentRange
instanceKlass org/apache/tomcat/util/http/parser/Ranges
instanceKlass org/apache/catalina/servlets/DefaultServlet$SecureEntityResolver
instanceKlass javax/xml/parsers/DocumentBuilderFactory
instanceKlass org/w3c/dom/Node
instanceKlass javax/xml/transform/Source
instanceKlass javax/xml/transform/Result
instanceKlass jakarta/servlet/annotation/ServletSecurity
instanceKlass jakarta/annotation/security/RunAs
instanceKlass org/glassfish/jersey/servlet/internal/ResponseWriter
instanceKlass org/glassfish/jersey/server/spi/ContainerResponseWriter
instanceKlass org/glassfish/jersey/servlet/spi/FilterUrlMappingsProvider
instanceKlass org/glassfish/jersey/server/ApplicationHandler
instanceKlass org/glassfish/jersey/servlet/WebComponent
instanceKlass jakarta/servlet/FilterConfig
instanceKlass lk/karu/openbay/middleware/AccessControlFilter
instanceKlass lk/karu/openbay/middleware/AuthAccessFilter
instanceKlass lk/karu/openbay/middleware/AdminAuthAccessFilter
instanceKlass jakarta/servlet/FilterChain
instanceKlass lk/karu/openbay/middleware/AdminAccessControllerFilter
instanceKlass jakarta/annotation/security/DeclareRoles
instanceKlass jakarta/annotation/Resources
instanceKlass jakarta/servlet/annotation/WebListener
instanceKlass jakarta/annotation/Resource
instanceKlass org/apache/catalina/util/Introspection
instanceKlass org/apache/catalina/startup/WebAnnotationSet
instanceKlass sun/security/util/ManifestEntryVerifier$SunProviderHolder
instanceKlass java/util/Base64$Encoder
instanceKlass java/util/Base64$Decoder
instanceKlass java/util/Base64
instanceKlass javax/crypto/SecretKey
instanceKlass sun/security/util/Length
instanceKlass sun/security/util/KeyUtil
instanceKlass java/security/interfaces/XECKey
instanceKlass java/security/interfaces/ECKey
instanceKlass sun/security/util/JarConstraintsParameters
instanceKlass sun/security/util/ConstraintsParameters
instanceKlass java/security/Timestamp
instanceKlass sun/security/timestamp/TimestampToken
instanceKlass java/security/cert/CertPath
instanceKlass java/math/MutableBigInteger
instanceKlass sun/security/rsa/RSAPadding
instanceKlass sun/security/rsa/RSACore
instanceKlass java/security/interfaces/RSAPrivateCrtKey
instanceKlass sun/security/pkcs/PKCS8Key
instanceKlass java/security/interfaces/RSAPrivateKey
instanceKlass java/security/PrivateKey
instanceKlass javax/security/auth/Destroyable
instanceKlass sun/security/util/SignatureUtil
instanceKlass sun/security/jca/ServiceId
instanceKlass java/security/Signature$1
instanceKlass jdk/internal/access/JavaSecuritySignatureAccess
instanceKlass java/security/SignatureSpi
instanceKlass sun/text/normalizer/Trie2$UTrie2Header
instanceKlass sun/text/normalizer/Trie2$1
instanceKlass sun/text/normalizer/Trie2$ValueMapper
instanceKlass sun/text/normalizer/Trie2
instanceKlass sun/text/normalizer/VersionInfo
instanceKlass sun/text/normalizer/ICUBinary$1
instanceKlass sun/text/normalizer/ICUBinary
instanceKlass sun/text/normalizer/NormalizerImpl$IsAcceptable
instanceKlass sun/text/normalizer/ICUBinary$Authenticate
instanceKlass sun/text/normalizer/NormalizerImpl
instanceKlass sun/text/normalizer/Norm2AllModes$Norm2AllModesSingleton
instanceKlass sun/text/normalizer/Norm2AllModes$NFKCSingleton
instanceKlass sun/text/normalizer/Norm2AllModes
instanceKlass sun/text/normalizer/Normalizer2
instanceKlass sun/text/normalizer/NormalizerBase$ModeImpl
instanceKlass sun/text/normalizer/NormalizerBase$NFKDModeImpl
instanceKlass sun/text/normalizer/NormalizerBase$1
instanceKlass sun/text/normalizer/NormalizerBase$Mode
instanceKlass sun/text/normalizer/NormalizerBase
instanceKlass java/text/Normalizer
instanceKlass sun/security/x509/AVAKeyword
instanceKlass sun/security/provider/ByteArrayAccess
instanceKlass sun/security/util/MessageDigestSpi2
instanceKlass java/security/MessageDigestSpi
instanceKlass sun/security/pkcs/SignerInfo$AlgorithmInfo
instanceKlass java/lang/Byte$ByteCache
instanceKlass sun/security/pkcs/PKCS9Attribute
instanceKlass sun/security/pkcs/PKCS9Attributes
instanceKlass sun/security/util/DisabledAlgorithmConstraints$Constraints$Holder
instanceKlass sun/security/util/DisabledAlgorithmConstraints$1
instanceKlass java/security/spec/ECFieldF2m
instanceKlass java/security/spec/ECParameterSpec
instanceKlass java/security/spec/ECPoint
instanceKlass java/security/spec/EllipticCurve
instanceKlass java/security/spec/ECFieldFp
instanceKlass java/security/spec/ECField
instanceKlass sun/security/util/CurveDB
instanceKlass sun/security/util/DisabledAlgorithmConstraints$Constraint
instanceKlass sun/security/util/DisabledAlgorithmConstraints$Constraints
instanceKlass sun/security/util/AbstractAlgorithmConstraints$1
instanceKlass sun/security/util/AlgorithmDecomposer
instanceKlass sun/security/util/DisabledAlgorithmConstraints$JarHolder
instanceKlass java/util/regex/Pattern$$Lambda$100
instanceKlass sun/security/util/AbstractAlgorithmConstraints
instanceKlass java/security/AlgorithmConstraints
instanceKlass sun/security/pkcs/SignerInfo
instanceKlass java/security/cert/PolicyQualifierInfo
instanceKlass sun/security/x509/RFC822Name
instanceKlass sun/security/x509/CertificatePolicyId
instanceKlass sun/security/x509/PolicyInformation
instanceKlass sun/security/x509/DistributionPoint
instanceKlass sun/security/x509/DNSName
instanceKlass sun/security/x509/URIName
instanceKlass sun/security/x509/GeneralName
instanceKlass sun/security/x509/AccessDescription
instanceKlass sun/security/x509/GeneralNames
instanceKlass jdk/internal/misc/ThreadTracker$ThreadRef
instanceKlass jdk/internal/misc/ThreadTracker
instanceKlass jdk/internal/event/EventHelper$ThreadTrackHolder
instanceKlass jdk/internal/event/EventHelper
instanceKlass sun/security/jca/JCAUtil
instanceKlass sun/security/util/MemoryCache$CacheEntry
instanceKlass sun/security/x509/X509AttributeName
instanceKlass sun/security/x509/KeyIdentifier
instanceKlass sun/security/x509/OIDMap$OIDInfo
instanceKlass sun/security/x509/PKIXExtensions
instanceKlass sun/security/x509/OIDMap
instanceKlass sun/security/x509/Extension
instanceKlass java/security/cert/Extension
instanceKlass sun/security/x509/CertificateExtensions
instanceKlass sun/security/rsa/RSAUtil
instanceKlass java/security/interfaces/RSAPublicKey
instanceKlass java/security/interfaces/RSAKey
instanceKlass java/security/spec/PSSParameterSpec
instanceKlass java/security/spec/AlgorithmParameterSpec
instanceKlass java/security/spec/RSAPrivateKeySpec
instanceKlass java/security/spec/RSAPublicKeySpec
instanceKlass java/security/KeyFactorySpi
instanceKlass sun/security/rsa/SunRsaSignEntries
instanceKlass sun/security/jca/ProviderList$ServiceList$1
instanceKlass java/security/KeyFactory
instanceKlass java/security/spec/EncodedKeySpec
instanceKlass java/security/spec/KeySpec
instanceKlass sun/security/util/BitArray
instanceKlass sun/security/x509/X509Key
instanceKlass java/security/PublicKey
instanceKlass java/security/Key
instanceKlass sun/security/x509/CertificateX509Key
instanceKlass sun/security/x509/CertificateValidity
instanceKlass sun/security/x509/AVA
instanceKlass sun/security/x509/RDN
instanceKlass javax/security/auth/x500/X500Principal
instanceKlass sun/security/x509/X500Name$1
instanceKlass sun/security/x509/X500Name
instanceKlass sun/security/x509/GeneralNameInterface
instanceKlass sun/security/x509/CertificateAlgorithmId
instanceKlass sun/security/x509/SerialNumber
instanceKlass sun/security/x509/CertificateSerialNumber
instanceKlass sun/security/x509/CertificateVersion
instanceKlass sun/security/x509/X509CertInfo
instanceKlass sun/security/x509/CertAttrSet
instanceKlass sun/security/util/Cache$EqualByteArray
instanceKlass sun/security/jca/GetInstance$Instance
instanceKlass sun/security/util/Cache
instanceKlass jdk/internal/event/Event
instanceKlass sun/security/jca/GetInstance
instanceKlass java/security/cert/CertificateFactorySpi
instanceKlass java/security/cert/CertificateFactory
instanceKlass sun/security/x509/AlgorithmId
instanceKlass sun/security/util/ByteArrayTagOrder
instanceKlass sun/security/util/ByteArrayLexOrder
instanceKlass sun/security/util/DerEncoder
instanceKlass sun/security/util/IOUtils
instanceKlass sun/security/util/DerValue
instanceKlass sun/security/util/ObjectIdentifier
instanceKlass sun/security/pkcs/ContentInfo
instanceKlass sun/security/util/DerIndefLenConverter
instanceKlass sun/security/util/DerInputStream
instanceKlass sun/security/pkcs/PKCS7
instanceKlass sun/security/util/KnownOIDs$$Lambda$99
instanceKlass java/lang/invoke/LambdaForm$DMH
instanceKlass sun/security/util/SecurityProviderConstants
instanceKlass java/security/Provider$UString
instanceKlass java/security/Provider$Service
instanceKlass sun/security/provider/NativePRNG$NonBlocking
instanceKlass sun/security/provider/NativePRNG$Blocking
instanceKlass sun/security/provider/NativePRNG
instanceKlass sun/security/provider/SunEntries$1
instanceKlass sun/security/provider/SunEntries
instanceKlass sun/security/jca/ProviderList$2
instanceKlass jdk/internal/math/FloatingDecimal$ASCIIToBinaryBuffer
instanceKlass jdk/internal/math/FloatingDecimal$PreparedASCIIToBinaryBuffer
instanceKlass jdk/internal/math/FloatingDecimal$ASCIIToBinaryConverter
instanceKlass jdk/internal/math/FloatingDecimal$BinaryToASCIIBuffer
instanceKlass jdk/internal/math/FloatingDecimal$ExceptionalBinaryToASCIIBuffer
instanceKlass jdk/internal/math/FloatingDecimal$BinaryToASCIIConverter
instanceKlass jdk/internal/math/FloatingDecimal
instanceKlass java/security/Provider$EngineDescription
instanceKlass java/security/Provider$ServiceKey
instanceKlass sun/security/jca/ProviderConfig
instanceKlass sun/security/jca/ProviderList
instanceKlass sun/security/jca/Providers
instanceKlass sun/security/util/ManifestDigester$$Lambda$98
instanceKlass sun/security/util/ManifestDigester$Section
instanceKlass sun/security/util/ManifestDigester$Entry
instanceKlass sun/security/util/ManifestDigester$Position
instanceKlass sun/security/util/ManifestDigester
instanceKlass sun/security/util/ManifestEntryVerifier
instanceKlass org/apache/tomcat/util/bcel/classfile/ElementValue
instanceKlass org/apache/tomcat/util/bcel/classfile/ElementValuePair
instanceKlass org/apache/tomcat/util/bcel/classfile/AnnotationEntry
instanceKlass org/apache/tomcat/util/bcel/classfile/Annotations
instanceKlass org/apache/tomcat/util/bcel/classfile/JavaClass
instanceKlass org/apache/tomcat/util/bcel/classfile/Constant
instanceKlass org/apache/tomcat/util/bcel/classfile/ConstantPool
instanceKlass org/apache/tomcat/util/bcel/classfile/Utility
instanceKlass org/apache/tomcat/util/bcel/classfile/ClassParser
instanceKlass jakarta/servlet/annotation/HandlesTypes
instanceKlass org/apache/jasper/security/SecurityClassLoad
instanceKlass jakarta/servlet/jsp/JspEngineInfo
instanceKlass jakarta/servlet/jsp/JspApplicationContext
instanceKlass jakarta/servlet/jsp/JspFactory
instanceKlass org/apache/jasper/servlet/JasperInitializer
instanceKlass jakarta/servlet/ServletContainerInitializer
instanceKlass org/apache/catalina/startup/WebappServiceLoader
instanceKlass org/apache/tomcat/util/descriptor/web/WebXml$$Lambda$97
instanceKlass java/security/CodeSigner
instanceKlass java/util/jar/JarVerifier
instanceKlass org/apache/tomcat/util/scan/JarFileUrlJar
instanceKlass org/apache/tomcat/Jar
instanceKlass org/apache/tomcat/util/scan/JarFactory
instanceKlass org/apache/tomcat/util/file/Matcher
instanceKlass org/apache/tomcat/util/scan/StandardJarScanFilter$1
instanceKlass org/apache/tomcat/util/scan/StandardJarScanner$ClassPathEntry
instanceKlass java/util/ArrayDeque$$Lambda$96
instanceKlass org/apache/tomcat/util/descriptor/web/FragmentJarScannerCallback
instanceKlass org/apache/tomcat/util/scan/StandardJarScanFilter
instanceKlass org/apache/tomcat/JarScanFilter
instanceKlass org/apache/tomcat/util/scan/StandardJarScanner
instanceKlass org/apache/tomcat/util/descriptor/InputSourceUtil
instanceKlass org/apache/tomcat/util/descriptor/web/FilterDef
instanceKlass org/apache/tomcat/util/descriptor/web/ServletDef
instanceKlass org/apache/tomcat/util/buf/CharsetCache
instanceKlass org/apache/tomcat/util/buf/B2CConverter
instanceKlass org/apache/tomcat/util/descriptor/XmlErrorHandler
instanceKlass org/apache/catalina/TrackedWebResource
instanceKlass org/apache/catalina/webresources/AbstractResource
instanceKlass org/apache/catalina/startup/ContextConfig$HostWebXmlCacheCleaner
instanceKlass org/apache/catalina/startup/ContextConfig$DefaultWebXmlCacheEntry
instanceKlass java/lang/StackTraceElement$HashedModules
instanceKlass org/apache/tomcat/util/descriptor/web/SessionConfig
instanceKlass jakarta/servlet/descriptor/JspConfigDescriptor
instanceKlass org/apache/catalina/loader/WebappClassLoaderBase$CombinedEnumeration
instanceKlass java/lang/invoke/LambdaForm$MH
instanceKlass org/apache/tomcat/util/descriptor/LocalResolver
instanceKlass jakarta/servlet/jsp/JspContext
instanceKlass org/apache/tomcat/util/descriptor/Constants
instanceKlass org/apache/tomcat/util/descriptor/DigesterFactory
instanceKlass org/apache/tomcat/util/descriptor/web/WebRuleSet
instanceKlass org/apache/tomcat/util/descriptor/web/Constants
instanceKlass org/apache/tomcat/util/descriptor/web/WebXmlParser
instanceKlass java/lang/invoke/LambdaForm$MH
instanceKlass java/lang/invoke/LambdaForm$MH
instanceKlass java/lang/invoke/LambdaForm$MH
instanceKlass java/lang/invoke/LambdaForm$MH
instanceKlass java/lang/invoke/LambdaForm$MH
instanceKlass java/lang/invoke/LambdaForm$MH
instanceKlass java/lang/invoke/LambdaForm$MH
instanceKlass java/lang/invoke/LambdaForm$MH
instanceKlass java/lang/invoke/LambdaForm$MH
instanceKlass java/lang/invoke/LambdaForm$MH
instanceKlass java/lang/invoke/LambdaForm$MH
instanceKlass org/apache/catalina/webresources/EmptyResource
instanceKlass org/apache/tomcat/util/compat/JrePlatform
instanceKlass org/apache/catalina/webresources/CachedResource
instanceKlass org/apache/catalina/security/SecurityUtil
instanceKlass java/net/URLClassLoader$7
instanceKlass jdk/internal/access/JavaNetURLClassLoaderAccess
instanceKlass org/apache/catalina/util/CharsetMapper
instanceKlass sun/util/cldr/CLDRBaseLocaleDataMetaInfo$TZCanonicalIDMapHolder
instanceKlass sun/util/resources/provider/NonBaseLocaleDataMetaInfo
instanceKlass sun/util/locale/provider/JRELocaleProviderAdapter$$Lambda$95
instanceKlass sun/util/locale/provider/BaseLocaleDataMetaInfo
instanceKlass sun/util/locale/provider/JRELocaleProviderAdapter$$Lambda$94
instanceKlass sun/util/cldr/CLDRLocaleProviderAdapter$$Lambda$93
instanceKlass sun/util/locale/provider/TimeZoneNameUtility$TimeZoneNameGetter
instanceKlass sun/util/locale/provider/TimeZoneNameUtility
instanceKlass java/text/DontCareFieldPosition$1
instanceKlass java/text/Format$FieldDelegate
instanceKlass java/text/DigitList
instanceKlass java/text/FieldPosition
instanceKlass sun/util/locale/provider/JRELocaleProviderAdapter$$Lambda$92
instanceKlass java/text/DecimalFormatSymbols
instanceKlass sun/util/locale/provider/JRELocaleProviderAdapter$$Lambda$91
instanceKlass sun/util/calendar/CalendarUtils
instanceKlass sun/util/calendar/CalendarDate
instanceKlass sun/util/cldr/CLDRLocaleProviderAdapter$$Lambda$90
instanceKlass sun/util/locale/provider/CalendarDataUtility$CalendarWeekParameterGetter
instanceKlass sun/util/locale/provider/LocaleServiceProviderPool$LocalizedObjectGetter
instanceKlass sun/util/locale/provider/LocaleServiceProviderPool
instanceKlass java/util/Calendar$Builder
instanceKlass sun/util/locale/provider/JRELocaleProviderAdapter$$Lambda$89
instanceKlass java/text/AttributedCharacterIterator$Attribute
instanceKlass org/apache/tomcat/util/http/CookieProcessorBase$$Lambda$88
instanceKlass org/apache/tomcat/util/http/CookieProcessorBase
instanceKlass org/apache/tomcat/util/security/PermissionCheck
instanceKlass org/apache/juli/WebappProperties
instanceKlass org/apache/tomcat/InstrumentableClassLoader
instanceKlass org/apache/tomcat/util/http/RequestUtil
instanceKlass org/apache/catalina/webresources/TomcatURLStreamHandlerFactory
instanceKlass java/util/concurrent/atomic/Striped64$1
instanceKlass org/apache/catalina/WebResource
instanceKlass org/apache/catalina/webresources/Cache
instanceKlass org/apache/catalina/WebResourceSet
instanceKlass org/apache/catalina/core/ApplicationSessionCookieConfig
instanceKlass org/apache/catalina/core/ApplicationContextFacade
instanceKlass jakarta/servlet/FilterRegistration$Dynamic
instanceKlass jakarta/servlet/FilterRegistration
instanceKlass jakarta/servlet/RequestDispatcher
instanceKlass jakarta/servlet/ServletRegistration$Dynamic
instanceKlass jakarta/servlet/Registration$Dynamic
instanceKlass jakarta/servlet/ServletRegistration
instanceKlass jakarta/servlet/Registration
instanceKlass jakarta/servlet/SessionCookieConfig
instanceKlass org/apache/catalina/core/ApplicationContext
instanceKlass java/lang/invoke/LambdaForm$MH
instanceKlass java/lang/invoke/LambdaForm$MH
instanceKlass java/lang/invoke/LambdaForm$MH
instanceKlass java/lang/invoke/LambdaForm$BMH
instanceKlass java/lang/invoke/LambdaForm$DMH
instanceKlass java/lang/invoke/LambdaForm$MH
instanceKlass java/lang/invoke/LambdaForm$DMH
instanceKlass java/lang/invoke/LambdaForm$MH
instanceKlass java/lang/invoke/LambdaForm$DMH
instanceKlass java/lang/invoke/LambdaForm$MH
instanceKlass java/lang/invoke/LambdaForm$MH
instanceKlass java/lang/invoke/LambdaForm$MH
instanceKlass java/lang/invoke/LambdaForm$MH
instanceKlass java/lang/invoke/LambdaForm$MH
instanceKlass java/lang/invoke/LambdaForm$MH
instanceKlass java/lang/invoke/LambdaForm$MH
instanceKlass java/lang/invoke/LambdaForm$MH
instanceKlass java/lang/invoke/LambdaForm$MH
instanceKlass java/lang/invoke/LambdaForm$MH
instanceKlass java/lang/invoke/LambdaForm$MH
instanceKlass org/apache/catalina/util/ContextName
instanceKlass org/apache/tomcat/util/modeler/Util
instanceKlass org/apache/tomcat/util/file/ConfigurationSource$Resource
instanceKlass org/apache/tomcat/util/buf/UriUtil
instanceKlass java/lang/invoke/LambdaForm$DMH
instanceKlass org/apache/catalina/startup/NamingRuleSet
instanceKlass org/apache/catalina/startup/CredentialHandlerRuleSet
instanceKlass org/apache/catalina/startup/RealmRuleSet
instanceKlass org/apache/catalina/startup/ContextRuleSet
instanceKlass java/util/concurrent/FutureTask$WaitNode
instanceKlass java/util/concurrent/FutureTask
instanceKlass org/apache/catalina/core/ContainerBase$StartChild
instanceKlass java/util/Random
instanceKlass org/apache/catalina/realm/X509SubjectDnRetriever
instanceKlass org/apache/tomcat/util/http/fileupload/RequestContext
instanceKlass org/apache/tomcat/util/http/fileupload/FileItemFactory
instanceKlass jakarta/servlet/http/PushBuilder
instanceKlass jakarta/servlet/AsyncContext
instanceKlass jakarta/servlet/http/HttpServletMapping
instanceKlass java/security/cert/X509Extension
instanceKlass org/ietf/jgss/GSSContext
instanceKlass org/ietf/jgss/GSSCredential
instanceKlass org/ietf/jgss/GSSName
instanceKlass org/apache/catalina/connector/Response
instanceKlass org/apache/catalina/connector/Request
instanceKlass jakarta/servlet/http/HttpServletRequest
instanceKlass java/nio/channels/AsynchronousSocketChannel
instanceKlass java/nio/channels/AsynchronousByteChannel
instanceKlass java/nio/channels/AsynchronousServerSocketChannel
instanceKlass java/nio/channels/AsynchronousChannel
instanceKlass java/util/concurrent/CountDownLatch
instanceKlass java/net/Inet4AddressImpl
instanceKlass java/net/ServerSocket$2
instanceKlass jdk/internal/access/JavaNetSocketAccess
instanceKlass java/net/ServerSocket
instanceKlass jdk/net/ExtendedSocketOptions$PlatformSocketOptions$1
instanceKlass jdk/net/ExtendedSocketOptions$PlatformSocketOptions
instanceKlass jdk/net/SocketFlow
instanceKlass jdk/net/ExtendedSocketOptions$ExtSocketOption
instanceKlass jdk/net/ExtendedSocketOptions
instanceKlass sun/net/ext/ExtendedSocketOptions
instanceKlass sun/nio/ch/Net$1
instanceKlass java/net/ProtocolFamily
instanceKlass sun/nio/ch/Net
instanceKlass sun/nio/ch/NativeDispatcher
instanceKlass sun/nio/ch/SelChImpl
instanceKlass sun/nio/ch/DefaultSelectorProvider
instanceKlass java/nio/channels/spi/SelectorProvider$1
instanceKlass java/nio/channels/spi/SelectorProvider
instanceKlass java/util/Formattable
instanceKlass java/time/LocalTime$1
instanceKlass sun/util/resources/Bundles$CacheKeyReference
instanceKlass sun/util/resources/Bundles$CacheKey
instanceKlass sun/util/resources/Bundles
instanceKlass sun/util/resources/LocaleData$LocaleDataStrategy
instanceKlass sun/util/resources/Bundles$Strategy
instanceKlass sun/util/resources/LocaleData$1
instanceKlass sun/util/locale/provider/CalendarDataUtility
instanceKlass java/util/StringTokenizer
instanceKlass sun/util/locale/provider/AvailableLanguageTags
instanceKlass sun/util/locale/provider/JRELocaleProviderAdapter$$Lambda$87
instanceKlass sun/util/resources/cldr/provider/CLDRLocaleDataMetaInfo
instanceKlass sun/util/cldr/CLDRLocaleProviderAdapter$1
instanceKlass sun/util/locale/StringTokenIterator
instanceKlass sun/util/locale/ParseStatus
instanceKlass sun/util/cldr/CLDRBaseLocaleDataMetaInfo
instanceKlass sun/util/locale/provider/LocaleDataMetaInfo
instanceKlass sun/util/locale/provider/LocaleProviderAdapter$1
instanceKlass sun/util/resources/LocaleData
instanceKlass sun/util/locale/provider/LocaleResources
instanceKlass sun/util/locale/LanguageTag
instanceKlass sun/util/locale/provider/ResourceBundleBasedAdapter
instanceKlass sun/util/locale/provider/LocaleProviderAdapter
instanceKlass java/util/spi/LocaleServiceProvider
instanceKlass java/text/DateFormatSymbols
instanceKlass java/time/LocalDate$1
instanceKlass java/time/ZonedDateTime$1
instanceKlass java/util/Calendar
instanceKlass java/util/Formatter$Conversion
instanceKlass java/util/Formatter$FixedString
instanceKlass java/util/Formatter$DateTime
instanceKlass java/util/Formatter$Flags
instanceKlass java/util/Formatter$FormatSpecifier
instanceKlass java/util/Formatter$FormatString
instanceKlass java/util/regex/Pattern$BmpCharPredicate$$Lambda$86
instanceKlass java/util/regex/Pattern$$Lambda$85
instanceKlass java/util/regex/CharPredicates$$Lambda$84
instanceKlass java/util/Formatter
instanceKlass jdk/internal/module/SystemModuleFinders$SystemModuleReader$$Lambda$83
instanceKlass jdk/internal/module/Checks
instanceKlass java/util/ResourceBundle$ResourceBundleProviderHelper$$Lambda$82
instanceKlass java/util/ResourceBundle$ResourceBundleProviderHelper$$Lambda$81
instanceKlass java/util/ResourceBundle$ResourceBundleProviderHelper$$Lambda$80
instanceKlass java/util/ResourceBundle$ResourceBundleProviderHelper
instanceKlass java/util/ResourceBundle$3
instanceKlass java/util/logging/Level$RbAccess
instanceKlass java/time/ZonedDateTime
instanceKlass java/time/chrono/ChronoZonedDateTime
instanceKlass java/time/LocalTime
instanceKlass java/time/temporal/ValueRange
instanceKlass java/time/temporal/TemporalUnit
instanceKlass java/time/temporal/TemporalField
instanceKlass java/time/LocalDate
instanceKlass java/time/chrono/ChronoLocalDate
instanceKlass java/time/zone/ZoneOffsetTransition
instanceKlass java/time/LocalDateTime
instanceKlass java/time/chrono/ChronoLocalDateTime
instanceKlass java/time/zone/ZoneOffsetTransitionRule
instanceKlass java/time/zone/ZoneRules
instanceKlass java/time/zone/Ser
instanceKlass java/io/Externalizable
instanceKlass java/time/zone/ZoneRulesProvider$1
instanceKlass java/time/zone/ZoneRulesProvider
instanceKlass sun/util/calendar/ZoneInfoFile$ZoneOffsetTransitionRule
instanceKlass sun/util/calendar/ZoneInfoFile$1
instanceKlass sun/util/calendar/ZoneInfoFile
instanceKlass java/util/TimeZone
instanceKlass java/time/ZoneId
instanceKlass java/time/Clock
instanceKlass java/time/Instant
instanceKlass java/time/temporal/TemporalAdjuster
instanceKlass java/time/temporal/Temporal
instanceKlass java/time/temporal/TemporalAccessor
instanceKlass java/util/logging/LogRecord
instanceKlass java/util/Locale$1
instanceKlass java/text/Format
instanceKlass org/apache/catalina/core/AprStatus
instanceKlass java/util/regex/Pattern$$Lambda$79
instanceKlass java/util/regex/CharPredicates$$Lambda$78
instanceKlass java/util/regex/CharPredicates
instanceKlass org/apache/catalina/util/ServerInfo
instanceKlass org/apache/catalina/connector/CoyoteAdapter
instanceKlass org/apache/catalina/Executor
instanceKlass org/apache/catalina/mbeans/MBeanUtils
instanceKlass org/apache/catalina/mbeans/MBeanFactory
instanceKlass org/apache/tomcat/util/buf/AbstractChunk
instanceKlass org/apache/tomcat/util/buf/StringCache
instanceKlass org/apache/tomcat/util/threads/ScheduledThreadPoolExecutor
instanceKlass java/util/concurrent/locks/AbstractQueuedSynchronizer$ConditionObject
instanceKlass java/util/concurrent/locks/Condition
instanceKlass java/util/concurrent/RunnableScheduledFuture
instanceKlass java/util/concurrent/ScheduledFuture
instanceKlass java/util/concurrent/Delayed
instanceKlass java/util/concurrent/RunnableFuture
instanceKlass java/util/concurrent/Future
instanceKlass org/apache/tomcat/util/threads/TaskThreadFactory
instanceKlass java/util/concurrent/ThreadPoolExecutor$AbortPolicy
instanceKlass java/util/concurrent/RejectedExecutionHandler
instanceKlass java/util/concurrent/AbstractExecutorService
instanceKlass java/util/StringJoiner
instanceKlass java/time/Duration
instanceKlass java/time/temporal/TemporalAmount
instanceKlass jdk/management/jfr/FlightRecorderMXBeanImpl$MXBeanListener
instanceKlass jdk/jfr/FlightRecorderListener
instanceKlass jdk/jfr/FlightRecorder
instanceKlass jdk/jfr/Recording
instanceKlass javax/management/NotificationListener
instanceKlass javax/management/StandardMBean$MBeanInfoSafeAction
instanceKlass jdk/management/jfr/StreamManager
instanceKlass jdk/management/jfr/EventTypeInfo
instanceKlass jdk/management/jfr/ConfigurationInfo
instanceKlass jdk/management/jfr/RecordingInfo
instanceKlass sun/reflect/generics/tree/VoidDescriptor
instanceKlass sun/reflect/generics/tree/LongSignature
instanceKlass jdk/management/jfr/SettingDescriptorInfo$1
instanceKlass jdk/management/jfr/SettingDescriptorInfo
instanceKlass com/sun/management/VMOption
instanceKlass com/sun/management/internal/HotSpotDiagnostic
instanceKlass com/sun/management/HotSpotDiagnosticMXBean
instanceKlass java/lang/management/DefaultPlatformMBeanProvider$10$$Lambda$77
instanceKlass sun/nio/ch/FileChannelImpl$1
instanceKlass sun/nio/ch/IOUtil$1
instanceKlass sun/nio/ch/IOUtil
instanceKlass java/nio/file/attribute/FileAttribute
instanceKlass java/nio/channels/spi/AbstractInterruptibleChannel
instanceKlass java/nio/channels/InterruptibleChannel
instanceKlass java/nio/channels/SeekableByteChannel
instanceKlass sun/management/ManagementFactoryHelper$1
instanceKlass java/lang/management/BufferPoolMXBean
instanceKlass com/sun/management/GcInfo
instanceKlass javax/management/openmbean/CompositeDataView
instanceKlass com/sun/management/internal/DiagnosticCommandImpl$Wrapper
instanceKlass com/sun/management/internal/DiagnosticCommandArgumentInfo
instanceKlass com/sun/management/internal/DiagnosticCommandInfo
instanceKlass com/sun/management/internal/DiagnosticCommandImpl$OperationInfoComparator
instanceKlass sun/management/ClassLoadingImpl
instanceKlass java/lang/management/ClassLoadingMXBean
instanceKlass javax/management/MBeanInfo$ArrayGettersSafeAction
instanceKlass javax/management/openmbean/OpenMBeanOperationInfo
instanceKlass java/util/logging/Logging
instanceKlass java/lang/annotation/Target
instanceKlass java/lang/reflect/Proxy$ProxyBuilder$1
instanceKlass java/lang/reflect/ProxyGenerator$ExceptionTableEntry
instanceKlass java/lang/reflect/ProxyGenerator$PrimitiveTypeInfo
instanceKlass java/lang/reflect/ProxyGenerator$FieldInfo
instanceKlass java/lang/reflect/ProxyGenerator$ConstantPool$Entry
instanceKlass java/lang/reflect/ProxyGenerator$MethodInfo
instanceKlass java/lang/reflect/ProxyGenerator$ProxyMethod
instanceKlass java/lang/reflect/ProxyGenerator$ConstantPool
instanceKlass java/lang/reflect/ProxyGenerator
instanceKlass java/lang/reflect/Proxy$$Lambda$76
instanceKlass java/lang/reflect/Proxy$ProxyBuilder
instanceKlass java/lang/reflect/Proxy$$Lambda$75
instanceKlass java/lang/reflect/Proxy
instanceKlass sun/reflect/annotation/AnnotationInvocationHandler
instanceKlass java/lang/reflect/InvocationHandler
instanceKlass sun/reflect/annotation/AnnotationParser$1
instanceKlass java/lang/annotation/Documented
instanceKlass java/lang/annotation/Inherited
instanceKlass java/lang/annotation/Retention
instanceKlass sun/reflect/annotation/ExceptionProxy
instanceKlass sun/reflect/annotation/AnnotationType$1
instanceKlass sun/reflect/annotation/AnnotationType
instanceKlass java/lang/Deprecated
instanceKlass java/util/logging/LoggingMXBean
instanceKlass sun/management/ManagementFactoryHelper$PlatformLoggingImpl
instanceKlass java/lang/management/PlatformLoggingMXBean
instanceKlass sun/management/CompilationImpl
instanceKlass java/lang/management/CompilationMXBean
instanceKlass sun/management/VMManagementImpl$1
instanceKlass java/lang/management/MemoryUsage
instanceKlass sun/management/Sensor
instanceKlass sun/management/MemoryPoolImpl
instanceKlass java/lang/management/MemoryPoolMXBean
instanceKlass sun/management/Util
instanceKlass java/lang/management/DefaultPlatformMBeanProvider$5$$Lambda$74
instanceKlass java/lang/management/DefaultPlatformMBeanProvider$5$$Lambda$73
instanceKlass com/sun/management/GarbageCollectorMXBean
instanceKlass java/lang/management/GarbageCollectorMXBean
instanceKlass java/lang/management/MemoryManagerMXBean
instanceKlass java/lang/management/MemoryMXBean
instanceKlass sun/management/BaseOperatingSystemImpl
instanceKlass com/sun/management/OperatingSystemMXBean
instanceKlass java/lang/management/OperatingSystemMXBean
instanceKlass com/sun/jmx/mbeanserver/PerInterface$MethodAndSig
instanceKlass java/lang/invoke/LambdaForm$MH
instanceKlass java/lang/invoke/LambdaForm$MH
instanceKlass java/lang/invoke/LambdaForm$MH
instanceKlass java/lang/invoke/LambdaForm$MH
instanceKlass java/lang/invoke/LambdaForm$MH
instanceKlass java/lang/invoke/LambdaForm$MH
instanceKlass java/lang/invoke/LambdaForm$MH
instanceKlass java/lang/invoke/LambdaForm$MH
instanceKlass java/lang/invoke/LambdaForm$MH
instanceKlass java/lang/invoke/LambdaForm$MH
instanceKlass java/lang/invoke/LambdaForm$MH
instanceKlass java/lang/management/LockInfo
instanceKlass java/lang/management/ThreadInfo
instanceKlass sun/management/ThreadImpl
instanceKlass com/sun/management/ThreadMXBean
instanceKlass java/lang/management/ThreadMXBean
instanceKlass com/sun/jmx/mbeanserver/WeakIdentityHashMap
instanceKlass com/sun/jmx/mbeanserver/MXBeanLookup
instanceKlass com/sun/jmx/mbeanserver/PerInterface$InitMaps
instanceKlass com/sun/jmx/mbeanserver/PerInterface
instanceKlass javax/management/openmbean/OpenMBeanAttributeInfo
instanceKlass javax/management/openmbean/OpenMBeanParameterInfo
instanceKlass com/sun/jmx/mbeanserver/MBeanIntrospector$MBeanInfoMaker
instanceKlass com/sun/jmx/mbeanserver/MBeanAnalyzer$MBeanVisitor
instanceKlass java/lang/reflect/GenericArrayType
instanceKlass sun/reflect/generics/reflectiveObjects/LazyReflectiveObjectGenerator
instanceKlass java/lang/reflect/TypeVariable
instanceKlass sun/reflect/generics/tree/TypeVariableSignature
instanceKlass sun/reflect/generics/tree/ClassSignature
instanceKlass sun/reflect/generics/reflectiveObjects/ParameterizedTypeImpl
instanceKlass java/lang/reflect/ParameterizedType
instanceKlass sun/reflect/generics/visitor/Reifier
instanceKlass sun/reflect/generics/visitor/TypeTreeVisitor
instanceKlass sun/reflect/generics/tree/MethodTypeSignature
instanceKlass sun/reflect/generics/tree/Signature
instanceKlass sun/reflect/generics/tree/ClassTypeSignature
instanceKlass sun/reflect/generics/tree/SimpleClassTypeSignature
instanceKlass sun/reflect/generics/tree/FieldTypeSignature
instanceKlass sun/reflect/generics/tree/TypeArgument
instanceKlass sun/reflect/generics/tree/BaseType
instanceKlass sun/reflect/generics/tree/TypeSignature
instanceKlass sun/reflect/generics/tree/ReturnType
instanceKlass sun/reflect/generics/tree/FormalTypeParameter
instanceKlass sun/reflect/generics/tree/TypeTree
instanceKlass sun/reflect/generics/tree/Tree
instanceKlass sun/reflect/generics/parser/SignatureParser
instanceKlass sun/reflect/generics/repository/AbstractRepository
instanceKlass sun/reflect/generics/factory/CoreReflectionFactory
instanceKlass sun/reflect/generics/factory/GenericsFactory
instanceKlass sun/reflect/generics/scope/AbstractScope
instanceKlass sun/reflect/generics/scope/Scope
instanceKlass com/sun/jmx/mbeanserver/MBeanAnalyzer$AttrMethods
instanceKlass jdk/internal/reflect/UnsafeFieldAccessorFactory
instanceKlass com/sun/jmx/mbeanserver/MXBeanMapping
instanceKlass javax/management/openmbean/TabularData
instanceKlass javax/management/openmbean/CompositeData
instanceKlass javax/management/openmbean/OpenType
instanceKlass com/sun/jmx/mbeanserver/MXBeanMappingFactory
instanceKlass com/sun/jmx/mbeanserver/ConvertingMethod
instanceKlass java/util/TimSort
instanceKlass com/sun/jmx/mbeanserver/MBeanAnalyzer$MethodOrder
instanceKlass com/sun/jmx/mbeanserver/MBeanAnalyzer
instanceKlass com/sun/jmx/mbeanserver/MBeanIntrospector
instanceKlass javax/management/MXBean
instanceKlass com/sun/jmx/mbeanserver/MBeanSupport
instanceKlass com/sun/jmx/mbeanserver/DescriptorCache
instanceKlass javax/management/JMX
instanceKlass javax/management/StandardMBean
instanceKlass java/lang/management/ManagementFactory$$Lambda$72
instanceKlass java/util/AbstractMap$SimpleImmutableEntry
instanceKlass sun/management/RuntimeImpl
instanceKlass java/lang/management/RuntimeMXBean
instanceKlass java/util/stream/ForEachOps$ForEachOp
instanceKlass java/util/stream/ForEachOps
instanceKlass java/lang/management/ManagementFactory$$Lambda$71
instanceKlass java/lang/management/ManagementFactory$$Lambda$70
instanceKlass java/lang/management/ManagementFactory$$Lambda$69
instanceKlass java/lang/invoke/LambdaForm$DMH
instanceKlass java/util/Collections$2
instanceKlass jdk/management/jfr/internal/FlightRecorderMXBeanProvider$SingleMBeanComponent
instanceKlass jdk/management/jfr/FlightRecorderMXBean
instanceKlass java/lang/management/PlatformManagedObject
instanceKlass java/lang/management/ManagementFactory$PlatformMBeanFinder$$Lambda$68
instanceKlass java/lang/management/ManagementFactory$PlatformMBeanFinder$$Lambda$67
instanceKlass java/util/stream/Collectors$$Lambda$66
instanceKlass java/util/stream/Collectors$$Lambda$65
instanceKlass java/lang/invoke/LambdaForm$DMH
instanceKlass java/util/stream/Collectors$$Lambda$64
instanceKlass java/lang/management/ManagementFactory$PlatformMBeanFinder$$Lambda$63
instanceKlass java/lang/invoke/LambdaForm$DMH
instanceKlass java/util/function/Function$$Lambda$62
instanceKlass java/lang/management/ManagementFactory$PlatformMBeanFinder$$Lambda$61
instanceKlass java/lang/management/ManagementFactory$PlatformMBeanFinder$$Lambda$60
instanceKlass java/lang/management/DefaultPlatformMBeanProvider$11
instanceKlass java/lang/management/DefaultPlatformMBeanProvider$10
instanceKlass java/lang/management/DefaultPlatformMBeanProvider$9
instanceKlass sun/management/ManagementFactoryHelper$LoggingMXBeanAccess$1
instanceKlass sun/management/ManagementFactoryHelper$LoggingMXBeanAccess
instanceKlass java/lang/management/DefaultPlatformMBeanProvider$8
instanceKlass java/lang/management/DefaultPlatformMBeanProvider$7
instanceKlass java/lang/management/DefaultPlatformMBeanProvider$6
instanceKlass java/lang/management/DefaultPlatformMBeanProvider$5
instanceKlass java/lang/management/DefaultPlatformMBeanProvider$4
instanceKlass java/lang/management/DefaultPlatformMBeanProvider$3
instanceKlass java/lang/management/DefaultPlatformMBeanProvider$2
instanceKlass java/lang/management/DefaultPlatformMBeanProvider$1
instanceKlass com/sun/management/internal/PlatformMBeanProviderImpl$5
instanceKlass sun/management/VMManagementImpl
instanceKlass sun/management/VMManagement
instanceKlass sun/management/ManagementFactoryHelper
instanceKlass sun/management/NotificationEmitterSupport
instanceKlass com/sun/management/DiagnosticCommandMBean
instanceKlass com/sun/management/internal/PlatformMBeanProviderImpl$4
instanceKlass com/sun/management/internal/PlatformMBeanProviderImpl$3
instanceKlass com/sun/management/internal/PlatformMBeanProviderImpl$2
instanceKlass com/sun/management/internal/PlatformMBeanProviderImpl$1
instanceKlass sun/management/spi/PlatformMBeanProvider$PlatformComponent
instanceKlass com/sun/management/internal/PlatformMBeanProviderImpl$$Lambda$59
instanceKlass java/lang/management/ManagementFactory$PlatformMBeanFinder$$Lambda$58
instanceKlass sun/management/spi/PlatformMBeanProvider
instanceKlass java/lang/management/ManagementFactory$PlatformMBeanFinder$$Lambda$57
instanceKlass java/lang/management/ManagementFactory$PlatformMBeanFinder
instanceKlass com/sun/jmx/mbeanserver/JmxMBeanServer$3
instanceKlass javax/management/ObjectInstance
instanceKlass sun/util/calendar/CalendarSystem$GregorianHolder
instanceKlass sun/util/calendar/CalendarSystem
instanceKlass java/util/Date
instanceKlass com/sun/jmx/mbeanserver/NamedObject
instanceKlass com/sun/jmx/interceptor/DefaultMBeanServerInterceptor$ResourceContext$1
instanceKlass com/sun/jmx/interceptor/DefaultMBeanServerInterceptor$ResourceContext
instanceKlass com/sun/jmx/mbeanserver/Repository$RegistrationContext
instanceKlass com/sun/jmx/mbeanserver/DynamicMBean2
instanceKlass com/sun/jmx/defaults/JmxProperties
instanceKlass com/sun/jmx/mbeanserver/Introspector
instanceKlass com/sun/jmx/mbeanserver/JmxMBeanServer$2
instanceKlass com/sun/jmx/interceptor/DefaultMBeanServerInterceptor
instanceKlass com/sun/jmx/interceptor/MBeanServerInterceptor
instanceKlass com/sun/jmx/mbeanserver/Repository
instanceKlass com/sun/jmx/mbeanserver/JmxMBeanServer$1
instanceKlass com/sun/jmx/mbeanserver/SecureClassLoaderRepository
instanceKlass com/sun/jmx/mbeanserver/MBeanInstantiator
instanceKlass com/sun/jmx/mbeanserver/ClassLoaderRepositorySupport$LoaderEntry
instanceKlass com/sun/jmx/mbeanserver/ClassLoaderRepositorySupport
instanceKlass com/sun/jmx/mbeanserver/ModifiableClassLoaderRepository
instanceKlass javax/management/loading/ClassLoaderRepository
instanceKlass javax/management/ImmutableDescriptor
instanceKlass javax/management/Descriptor
instanceKlass javax/management/MBeanInfo
instanceKlass javax/management/MBeanServerDelegate
instanceKlass javax/management/MBeanServerDelegateMBean
instanceKlass com/sun/jmx/mbeanserver/JmxMBeanServer
instanceKlass com/sun/jmx/mbeanserver/SunJmxMBeanServer
instanceKlass javax/management/MBeanServerBuilder
instanceKlass java/lang/management/ManagementFactory$$Lambda$56
instanceKlass java/lang/management/ManagementFactory
instanceKlass javax/management/MBeanServerFactory
instanceKlass java/util/zip/ZipFile$ZipEntryIterator
instanceKlass java/util/jar/JarFile$$Lambda$55
instanceKlass org/apache/tomcat/util/buf/StringUtils
instanceKlass org/apache/tomcat/util/modeler/ManagedBean$$Lambda$54
instanceKlass jdk/internal/reflect/ClassDefiner$1
instanceKlass jdk/internal/reflect/ClassDefiner
instanceKlass jdk/internal/reflect/MethodAccessorGenerator$1
instanceKlass jdk/internal/reflect/Label$PatchInfo
instanceKlass jdk/internal/reflect/Label
instanceKlass jdk/internal/reflect/UTF8
instanceKlass jdk/internal/reflect/ClassFileAssembler
instanceKlass jdk/internal/reflect/ByteVectorImpl
instanceKlass jdk/internal/reflect/ByteVector
instanceKlass jdk/internal/reflect/ByteVectorFactory
instanceKlass jdk/internal/reflect/AccessorGenerator
instanceKlass jdk/internal/reflect/ClassFileConstants
instanceKlass java/util/function/IntFunction
instanceKlass java/util/function/UnaryOperator
instanceKlass org/apache/tomcat/util/digester/SetPropertiesRule$Listener
instanceKlass org/apache/tomcat/util/modeler/FeatureInfo
instanceKlass org/apache/tomcat/util/modeler/ManagedBean
instanceKlass org/xml/sax/helpers/AttributesImpl
instanceKlass com/sun/org/apache/xerces/internal/impl/Constants$ArrayEnumeration
instanceKlass com/sun/org/apache/xerces/internal/impl/Constants
instanceKlass com/sun/xml/internal/stream/StaxXMLInputSource
instanceKlass com/sun/org/apache/xerces/internal/impl/XMLEntityDescription
instanceKlass com/sun/org/apache/xerces/internal/impl/XMLDocumentScannerImpl$DTDDriver
instanceKlass com/sun/org/apache/xerces/internal/impl/dtd/XMLContentSpec
instanceKlass com/sun/org/apache/xerces/internal/impl/dtd/models/ContentModelValidator
instanceKlass com/sun/org/apache/xerces/internal/impl/dtd/DTDGrammar
instanceKlass com/sun/org/apache/xerces/internal/xni/grammars/Grammar
instanceKlass com/sun/org/apache/xerces/internal/impl/validation/EntityState
instanceKlass com/sun/org/apache/xerces/internal/util/URI
instanceKlass org/apache/tomcat/util/digester/DocumentProperties$Charset
instanceKlass com/sun/org/apache/xerces/internal/parsers/AbstractSAXParser$LocatorProxy
instanceKlass org/xml/sax/ext/Locator2
instanceKlass org/xml/sax/Locator
instanceKlass com/sun/org/apache/xerces/internal/util/XMLSymbols
instanceKlass com/sun/org/apache/xerces/internal/util/XMLChar
instanceKlass com/sun/xml/internal/stream/Entity
instanceKlass com/sun/xml/internal/stream/util/BufferAllocator
instanceKlass com/sun/xml/internal/stream/util/ThreadLocalBufferAllocator
instanceKlass com/sun/org/apache/xerces/internal/impl/XMLEntityManager$EncodingInfo
instanceKlass com/sun/org/apache/xerces/internal/utils/XMLLimitAnalyzer
instanceKlass com/sun/org/apache/xerces/internal/xni/parser/XMLInputSource
instanceKlass com/sun/org/apache/xerces/internal/util/ErrorHandlerWrapper
instanceKlass com/sun/org/apache/xerces/internal/xni/parser/XMLErrorHandler
instanceKlass com/sun/org/apache/xerces/internal/util/EntityResolver2Wrapper
instanceKlass com/sun/org/apache/xerces/internal/impl/ExternalSubsetResolver
instanceKlass org/apache/tomcat/util/digester/Digester$EntityResolverWrapper
instanceKlass com/sun/org/apache/xerces/internal/parsers/AbstractSAXParser$AttributesProxy
instanceKlass org/xml/sax/ext/Attributes2
instanceKlass org/xml/sax/AttributeList
instanceKlass com/sun/org/apache/xerces/internal/util/FeatureState
instanceKlass com/sun/org/apache/xerces/internal/util/PropertyState
instanceKlass com/sun/org/apache/xerces/internal/impl/msg/XMLMessageFormatter
instanceKlass com/sun/org/apache/xerces/internal/util/MessageFormatter
instanceKlass com/sun/org/apache/xerces/internal/impl/XMLVersionDetector
instanceKlass com/sun/org/apache/xerces/internal/impl/validation/ValidationManager
instanceKlass com/sun/org/apache/xerces/internal/impl/dv/dtd/NMTOKENDatatypeValidator
instanceKlass com/sun/org/apache/xerces/internal/impl/dv/dtd/NOTATIONDatatypeValidator
instanceKlass com/sun/org/apache/xerces/internal/impl/dv/dtd/ENTITYDatatypeValidator
instanceKlass com/sun/org/apache/xerces/internal/impl/dv/dtd/ListDatatypeValidator
instanceKlass com/sun/org/apache/xerces/internal/impl/dv/dtd/IDREFDatatypeValidator
instanceKlass com/sun/org/apache/xerces/internal/impl/dv/dtd/IDDatatypeValidator
instanceKlass com/sun/org/apache/xerces/internal/impl/dv/dtd/StringDatatypeValidator
instanceKlass com/sun/org/apache/xerces/internal/impl/dv/DatatypeValidator
instanceKlass com/sun/org/apache/xerces/internal/impl/dv/DTDDVFactory
instanceKlass com/sun/org/apache/xerces/internal/impl/dtd/DTDGrammarBucket
instanceKlass com/sun/org/apache/xerces/internal/impl/dtd/XMLAttributeDecl
instanceKlass com/sun/org/apache/xerces/internal/impl/dtd/XMLSimpleType
instanceKlass com/sun/org/apache/xerces/internal/impl/dtd/XMLElementDecl
instanceKlass com/sun/org/apache/xerces/internal/impl/validation/ValidationState
instanceKlass com/sun/org/apache/xerces/internal/impl/dv/ValidationContext
instanceKlass com/sun/org/apache/xerces/internal/impl/dtd/XMLDTDValidator
instanceKlass com/sun/org/apache/xerces/internal/impl/RevalidationHandler
instanceKlass com/sun/org/apache/xerces/internal/impl/dtd/XMLDTDValidatorFilter
instanceKlass com/sun/org/apache/xerces/internal/xni/parser/XMLDocumentFilter
instanceKlass com/sun/org/apache/xerces/internal/impl/dtd/XMLEntityDecl
instanceKlass com/sun/org/apache/xerces/internal/impl/dtd/XMLDTDProcessor
instanceKlass com/sun/org/apache/xerces/internal/xni/parser/XMLDTDContentModelFilter
instanceKlass com/sun/org/apache/xerces/internal/xni/parser/XMLDTDFilter
instanceKlass com/sun/org/apache/xerces/internal/xni/parser/XMLDTDScanner
instanceKlass com/sun/org/apache/xerces/internal/xni/parser/XMLDTDContentModelSource
instanceKlass com/sun/org/apache/xerces/internal/xni/parser/XMLDTDSource
instanceKlass com/sun/org/apache/xerces/internal/xni/grammars/XMLDTDDescription
instanceKlass com/sun/org/apache/xerces/internal/xni/grammars/XMLGrammarDescription
instanceKlass com/sun/org/apache/xerces/internal/impl/XMLDocumentScannerImpl$TrailingMiscDriver
instanceKlass com/sun/org/apache/xerces/internal/impl/XMLDocumentScannerImpl$PrologDriver
instanceKlass com/sun/org/apache/xerces/internal/impl/XMLDocumentScannerImpl$XMLDeclDriver
instanceKlass com/sun/org/apache/xerces/internal/util/NamespaceSupport
instanceKlass com/sun/org/apache/xerces/internal/xni/NamespaceContext
instanceKlass com/sun/org/apache/xerces/internal/util/XMLAttributesImpl$Attribute
instanceKlass com/sun/org/apache/xerces/internal/util/XMLAttributesImpl
instanceKlass com/sun/org/apache/xerces/internal/xni/XMLAttributes
instanceKlass com/sun/org/apache/xerces/internal/impl/XMLDocumentFragmentScannerImpl$FragmentContentDriver
instanceKlass com/sun/org/apache/xerces/internal/impl/XMLDocumentFragmentScannerImpl$Driver
instanceKlass com/sun/org/apache/xerces/internal/impl/XMLDocumentFragmentScannerImpl$ElementStack2
instanceKlass com/sun/org/apache/xerces/internal/xni/QName
instanceKlass com/sun/org/apache/xerces/internal/impl/XMLDocumentFragmentScannerImpl$ElementStack
instanceKlass com/sun/org/apache/xerces/internal/xni/XMLString
instanceKlass com/sun/org/apache/xerces/internal/impl/XMLScanner
instanceKlass com/sun/xml/internal/stream/XMLBufferListener
instanceKlass com/sun/org/apache/xerces/internal/impl/XMLEntityHandler
instanceKlass com/sun/org/apache/xerces/internal/xni/parser/XMLDocumentScanner
instanceKlass com/sun/org/apache/xerces/internal/xni/parser/XMLDocumentSource
instanceKlass com/sun/org/apache/xerces/internal/impl/XMLErrorReporter
instanceKlass com/sun/org/apache/xerces/internal/impl/XMLEntityScanner
instanceKlass com/sun/org/apache/xerces/internal/xni/XMLLocator
instanceKlass com/sun/xml/internal/stream/XMLEntityStorage
instanceKlass com/sun/org/apache/xerces/internal/util/AugmentationsImpl$AugmentationsItemsContainer
instanceKlass com/sun/org/apache/xerces/internal/util/AugmentationsImpl
instanceKlass com/sun/org/apache/xerces/internal/xni/Augmentations
instanceKlass com/sun/org/apache/xerces/internal/util/XMLResourceIdentifierImpl
instanceKlass com/sun/org/apache/xerces/internal/xni/XMLResourceIdentifier
instanceKlass com/sun/org/apache/xerces/internal/impl/XMLEntityManager
instanceKlass com/sun/org/apache/xerces/internal/xni/parser/XMLEntityResolver
instanceKlass com/sun/org/apache/xerces/internal/xni/parser/XMLComponent
instanceKlass com/sun/org/apache/xerces/internal/util/SymbolTable$Entry
instanceKlass com/sun/org/apache/xerces/internal/util/SymbolTable
instanceKlass jdk/xml/internal/JdkXmlUtils
instanceKlass com/sun/org/apache/xerces/internal/util/ParserConfigurationSettings
instanceKlass com/sun/org/apache/xerces/internal/parsers/XML11Configurable
instanceKlass com/sun/org/apache/xerces/internal/xni/parser/XMLPullParserConfiguration
instanceKlass com/sun/org/apache/xerces/internal/xni/parser/XMLParserConfiguration
instanceKlass com/sun/org/apache/xerces/internal/xni/parser/XMLComponentManager
instanceKlass com/sun/org/apache/xerces/internal/parsers/XMLParser
instanceKlass com/sun/org/apache/xerces/internal/xni/XMLDTDContentModelHandler
instanceKlass com/sun/org/apache/xerces/internal/xni/XMLDTDHandler
instanceKlass com/sun/org/apache/xerces/internal/xni/XMLDocumentHandler
instanceKlass org/xml/sax/XMLReader
instanceKlass org/xml/sax/Parser
instanceKlass com/sun/org/apache/xerces/internal/utils/XMLSecurityPropertyManager
instanceKlass jdk/xml/internal/SecuritySupport$$Lambda$53
instanceKlass com/sun/org/apache/xerces/internal/utils/XMLSecurityManager
instanceKlass javax/xml/parsers/SAXParser
instanceKlass com/sun/org/apache/xerces/internal/xs/PSVIProvider
instanceKlass com/sun/org/apache/xerces/internal/jaxp/JAXPConstants
instanceKlass javax/xml/parsers/FactoryFinder$$Lambda$52
instanceKlass jdk/xml/internal/SecuritySupport$$Lambda$51
instanceKlass javax/xml/parsers/FactoryFinder$$Lambda$50
instanceKlass javax/xml/parsers/FactoryFinder$1
instanceKlass jdk/xml/internal/SecuritySupport$$Lambda$49
instanceKlass java/lang/invoke/LambdaForm$MH
instanceKlass java/util/TreeMap$PrivateEntryIterator
instanceKlass java/util/TreeMap$Entry
instanceKlass java/lang/invoke/LambdaFormEditor$1
instanceKlass java/lang/invoke/LambdaForm$MH
instanceKlass java/lang/invoke/LambdaForm$MH
instanceKlass java/lang/invoke/LambdaForm$MH
instanceKlass java/lang/invoke/LambdaForm$MH
instanceKlass java/lang/invoke/LambdaForm$MH
instanceKlass java/lang/invoke/LambdaForm$MH
instanceKlass java/lang/invoke/LambdaForm$MH
instanceKlass java/lang/invoke/LambdaForm$MH
instanceKlass javax/xml/parsers/FactoryFinder$$Lambda$48
instanceKlass jdk/xml/internal/SecuritySupport$$Lambda$47
instanceKlass jdk/xml/internal/SecuritySupport
instanceKlass javax/xml/parsers/FactoryFinder
instanceKlass javax/xml/parsers/SAXParserFactory
instanceKlass org/xml/sax/InputSource
instanceKlass org/apache/tomcat/util/digester/RulesBase$$Lambda$46
instanceKlass org/apache/tomcat/util/digester/RulesBase
instanceKlass org/apache/tomcat/util/digester/SystemPropertySource
instanceKlass org/apache/tomcat/util/IntrospectionUtils$SecurePropertySource
instanceKlass org/apache/tomcat/util/IntrospectionUtils$PropertySource
instanceKlass org/apache/tomcat/util/digester/Rule
instanceKlass org/xml/sax/Attributes
instanceKlass org/apache/tomcat/util/digester/Rules
instanceKlass org/xml/sax/helpers/DefaultHandler
instanceKlass org/xml/sax/ContentHandler
instanceKlass org/xml/sax/DTDHandler
instanceKlass org/xml/sax/ext/EntityResolver2
instanceKlass org/xml/sax/EntityResolver
instanceKlass org/xml/sax/ext/DeclHandler
instanceKlass org/xml/sax/ext/LexicalHandler
instanceKlass org/apache/tomcat/util/modeler/modules/ModelerSource
instanceKlass java/lang/invoke/LambdaForm$MH
instanceKlass org/apache/tomcat/util/modeler/Registry
instanceKlass org/apache/tomcat/util/modeler/RegistryMBean
instanceKlass java/util/ComparableTimSort
instanceKlass java/util/Arrays$LegacyMergeSort
instanceKlass com/sun/jmx/mbeanserver/Util
instanceKlass javax/management/ObjectName$Property
instanceKlass com/sun/jmx/mbeanserver/GetPropertyAction
instanceKlass lk/karu/openbay/listener/ContextPathListener
instanceKlass jakarta/servlet/ServletContextListener
instanceKlass jakarta/servlet/annotation/WebServlet
instanceKlass org/apache/catalina/core/StandardWrapperFacade
instanceKlass jakarta/annotation/Priority
instanceKlass jakarta/ws/rs/ConstrainedTo
instanceKlass org/glassfish/jersey/model/internal/CommonConfig$FeatureRegistration
instanceKlass java/util/stream/Collectors$$Lambda$45
instanceKlass java/util/stream/Collectors$$Lambda$44
instanceKlass java/lang/invoke/LambdaForm$DMH
instanceKlass java/util/stream/Collectors$$Lambda$43
instanceKlass org/glassfish/jersey/model/ContractProvider$Builder$$Lambda$42
instanceKlass org/glassfish/jersey/model/ContractProvider$Builder$$Lambda$41
instanceKlass java/util/HashMap$HashMapSpliterator
instanceKlass java/util/IdentityHashMap$EntryIterator$Entry
instanceKlass jakarta/inject/Singleton
instanceKlass java/util/IdentityHashMap$IdentityHashMapIterator
instanceKlass java/lang/Class$AnnotationData
instanceKlass org/glassfish/jersey/spi/Contract
instanceKlass java/util/LinkedList$ListItr
instanceKlass jakarta/ws/rs/client/RxInvokerProvider
instanceKlass jakarta/ws/rs/client/ClientRequestFilter
instanceKlass jakarta/ws/rs/client/ClientResponseFilter
instanceKlass jakarta/ws/rs/container/DynamicFeature
instanceKlass jakarta/ws/rs/container/ContainerResponseFilter
instanceKlass jakarta/ws/rs/container/ContainerRequestFilter
instanceKlass jakarta/ws/rs/ext/ParamConverterProvider
instanceKlass jakarta/ws/rs/ext/WriterInterceptor
instanceKlass jakarta/ws/rs/ext/ReaderInterceptor
instanceKlass jakarta/ws/rs/ext/MessageBodyWriter
instanceKlass jakarta/ws/rs/ext/MessageBodyReader
instanceKlass jakarta/ws/rs/ext/ExceptionMapper
instanceKlass jakarta/ws/rs/ext/ContextResolver
instanceKlass org/glassfish/jersey/internal/inject/Providers
instanceKlass org/glassfish/jersey/internal/Errors
instanceKlass java/lang/invoke/LambdaForm$MH
instanceKlass java/lang/invoke/LambdaForm$DMH
instanceKlass java/lang/invoke/LambdaForm$DMH
instanceKlass org/glassfish/jersey/model/internal/ComponentBag$$Lambda$40
instanceKlass org/glassfish/jersey/internal/util/Producer
instanceKlass org/glassfish/jersey/server/ResourceConfig$State$$Lambda$39
instanceKlass org/glassfish/jersey/media/multipart/MultiPartFeature
instanceKlass jakarta/ws/rs/core/Feature
instanceKlass org/glassfish/jersey/server/internal/scanning/BundleSchemeResourceFinderFactory
instanceKlass org/glassfish/jersey/server/internal/scanning/VfsSchemeResourceFinderFactory
instanceKlass java/util/Collections$1
instanceKlass org/glassfish/jersey/server/internal/scanning/FileSchemeResourceFinderFactory
instanceKlass org/glassfish/jersey/server/internal/scanning/JarZipSchemeResourceFinderFactory
instanceKlass java/util/regex/IntHashSet
instanceKlass java/util/regex/Matcher
instanceKlass java/util/regex/MatchResult
instanceKlass java/util/regex/Pattern$TreeInfo
instanceKlass java/util/regex/Pattern$$Lambda$38
instanceKlass java/util/regex/Pattern$BitClass$$Lambda$37
instanceKlass java/util/regex/Pattern$BmpCharPredicate
instanceKlass java/util/regex/Pattern$CharPredicate
instanceKlass java/util/regex/ASCII
instanceKlass java/util/regex/Pattern$Node
instanceKlass java/util/regex/Pattern
instanceKlass org/glassfish/jersey/internal/util/Tokenizer
instanceKlass org/glassfish/jersey/server/internal/scanning/PackageNamesScanner$ResourcesProvider
instanceKlass org/glassfish/jersey/server/internal/scanning/UriSchemeResourceFinderFactory
instanceKlass org/glassfish/jersey/server/internal/AbstractResourceFinderAdapter
instanceKlass org/glassfish/jersey/internal/util/ReflectionHelper$8
instanceKlass org/glassfish/jersey/internal/util/collection/Values$LazyValueImpl
instanceKlass org/glassfish/jersey/internal/util/collection/Values$2
instanceKlass org/glassfish/jersey/internal/util/collection/Values$1
instanceKlass org/glassfish/jersey/internal/util/collection/LazyUnsafeValue
instanceKlass org/glassfish/jersey/internal/util/collection/UnsafeValue
instanceKlass org/glassfish/jersey/internal/util/collection/LazyValue
instanceKlass org/glassfish/jersey/internal/util/collection/Values
instanceKlass org/glassfish/jersey/internal/util/ReflectionHelper$$Lambda$36
instanceKlass org/glassfish/jersey/internal/util/collection/Value
instanceKlass org/glassfish/jersey/internal/util/ReflectionHelper$2
instanceKlass org/glassfish/jersey/internal/util/ReflectionHelper$1
instanceKlass org/glassfish/jersey/internal/util/TypeVisitor
instanceKlass org/glassfish/jersey/internal/util/ReflectionHelper
instanceKlass org/glassfish/jersey/model/internal/ComponentBag$$Lambda$35
instanceKlass org/glassfish/jersey/process/Inflector
instanceKlass org/glassfish/jersey/model/ContractProvider$Builder
instanceKlass org/glassfish/jersey/model/internal/ComponentBag$$Lambda$34
instanceKlass org/glassfish/jersey/model/internal/ComponentBag$$Lambda$33
instanceKlass org/glassfish/jersey/model/internal/ComponentBag$$Lambda$32
instanceKlass org/glassfish/jersey/model/internal/ComponentBag$$Lambda$31
instanceKlass org/glassfish/jersey/model/internal/ComponentBag$$Lambda$30
instanceKlass org/glassfish/jersey/model/internal/ComponentBag$$Lambda$29
instanceKlass java/util/function/BiPredicate
instanceKlass java/lang/invoke/LambdaForm$DMH
instanceKlass org/glassfish/jersey/internal/inject/InjectionManager
instanceKlass org/glassfish/jersey/model/internal/ComponentBag$$Lambda$28
instanceKlass org/glassfish/jersey/model/internal/ComponentBag$$Lambda$27
instanceKlass java/lang/invoke/LambdaForm$DMH
instanceKlass org/glassfish/jersey/model/ContractProvider
instanceKlass org/glassfish/jersey/model/NameBound
instanceKlass org/glassfish/jersey/model/Scoped
instanceKlass org/glassfish/jersey/model/internal/ComponentBag
instanceKlass org/glassfish/jersey/model/internal/CommonConfig$$Lambda$26
instanceKlass org/glassfish/jersey/internal/inject/Binder
instanceKlass org/glassfish/jersey/server/ResourceFinder
instanceKlass org/glassfish/jersey/model/internal/CommonConfig
instanceKlass jakarta/ws/rs/core/FeatureContext
instanceKlass org/glassfish/jersey/internal/util/ExtendedLogger
instanceKlass org/glassfish/jersey/server/spi/ContainerLifecycleListener
instanceKlass org/glassfish/jersey/servlet/WebConfig
instanceKlass jakarta/servlet/AsyncListener
instanceKlass jakarta/servlet/http/HttpServletResponse
instanceKlass jakarta/servlet/GenericServlet
instanceKlass org/glassfish/jersey/server/spi/Container
instanceKlass jakarta/servlet/Filter
instanceKlass org/apache/catalina/core/StandardHost$MemoryLeakTrackingListener
instanceKlass org/apache/catalina/startup/Tomcat$DefaultWebXmlListener
instanceKlass java/util/BitSet
instanceKlass org/apache/catalina/util/URLEncoder
instanceKlass sun/security/util/SecurityConstants
instanceKlass jdk/internal/logger/LoggerFinderLoader
instanceKlass java/lang/System$LoggerFinder$$Lambda$25
instanceKlass jdk/internal/logger/LazyLoggers$LazyLoggerFactories
instanceKlass jdk/internal/logger/LazyLoggers$1
instanceKlass jdk/internal/logger/LazyLoggers
instanceKlass com/sun/jmx/remote/util/ClassLogger
instanceKlass javax/management/MBeanFeatureInfo
instanceKlass javax/management/DescriptorRead
instanceKlass javax/management/NotificationBroadcasterSupport$1
instanceKlass javax/management/NotificationBroadcasterSupport
instanceKlass jakarta/servlet/ServletConfig
instanceKlass org/apache/catalina/core/StandardContext$ContextFilterMaps
instanceKlass org/apache/catalina/util/ErrorPageSupport
instanceKlass org/apache/tomcat/util/descriptor/web/ApplicationParameter
instanceKlass org/apache/catalina/core/StandardContext$1
instanceKlass jakarta/servlet/ServletContext
instanceKlass org/apache/tomcat/InstanceManager
instanceKlass org/apache/catalina/Manager
instanceKlass org/apache/tomcat/util/http/CookieProcessor
instanceKlass org/apache/catalina/Loader
instanceKlass org/apache/catalina/WebResourceRoot
instanceKlass org/apache/tomcat/JarScanner
instanceKlass org/apache/catalina/ThreadBindingListener
instanceKlass javax/management/NotificationEmitter
instanceKlass org/apache/tomcat/util/buf/UDecoder
instanceKlass org/apache/tomcat/util/descriptor/web/XmlEncodingBase
instanceKlass org/apache/tomcat/JarScannerCallback
instanceKlass org/apache/tomcat/util/digester/RuleSet
instanceKlass org/xml/sax/ErrorHandler
instanceKlass org/apache/catalina/startup/ContextConfig
instanceKlass jakarta/servlet/ServletResponse
instanceKlass jakarta/servlet/ServletRequest
instanceKlass org/apache/catalina/Globals
instanceKlass org/apache/catalina/realm/RealmBase$AllRolesMode
instanceKlass org/apache/catalina/realm/DigestCredentialHandlerBase
instanceKlass org/apache/catalina/realm/X509UsernameRetriever
instanceKlass jdk/internal/module/ModulePatcher$PatchedModuleReader
instanceKlass org/apache/catalina/CredentialHandler
instanceKlass java/util/concurrent/atomic/AtomicReference
instanceKlass java/util/concurrent/locks/ReentrantReadWriteLock$WriteLock
instanceKlass java/util/concurrent/locks/ReentrantReadWriteLock$ReadLock
instanceKlass java/util/concurrent/locks/ReentrantReadWriteLock
instanceKlass org/apache/catalina/Valve
instanceKlass org/apache/catalina/AccessLog
instanceKlass java/util/concurrent/Callable
instanceKlass org/apache/catalina/Pipeline
instanceKlass java/util/concurrent/locks/ReadWriteLock
instanceKlass java/util/LinkedHashMap$LinkedHashIterator
instanceKlass javax/management/MBeanServer
instanceKlass javax/management/MBeanServerConnection
instanceKlass org/apache/tomcat/util/net/SSLHostConfig
instanceKlass org/apache/coyote/Response
instanceKlass org/apache/coyote/Request
instanceKlass javax/management/ObjectName
instanceKlass javax/management/QueryExp
instanceKlass org/apache/coyote/UpgradeProtocol
instanceKlass java/lang/PublicMethods
instanceKlass org/apache/tomcat/util/XReflectionIntrospectionUtils
instanceKlass org/apache/tomcat/util/IntrospectionUtils
instanceKlass org/apache/coyote/CompressionConfig
instanceKlass org/apache/tomcat/util/collections/SynchronizedStack
instanceKlass javax/management/NotificationFilter
instanceKlass org/apache/tomcat/util/modeler/BaseModelMBean
instanceKlass javax/management/modelmbean/ModelMBeanNotificationBroadcaster
instanceKlass javax/management/NotificationBroadcaster
instanceKlass javax/management/DynamicMBean
instanceKlass org/apache/coyote/AbstractProtocol$ConnectionHandler
instanceKlass org/apache/tomcat/util/net/SocketProperties
instanceKlass org/apache/tomcat/util/net/NioChannel
instanceKlass java/nio/channels/GatheringByteChannel
instanceKlass java/nio/channels/ScatteringByteChannel
instanceKlass java/nio/channels/ByteChannel
instanceKlass java/nio/channels/WritableByteChannel
instanceKlass java/nio/channels/ReadableByteChannel
instanceKlass org/apache/tomcat/util/net/SocketProcessorBase
instanceKlass java/nio/channels/NetworkChannel
instanceKlass java/nio/channels/Channel
instanceKlass java/util/concurrent/BlockingQueue
instanceKlass org/apache/tomcat/util/net/AbstractEndpoint
instanceKlass org/apache/coyote/Processor
instanceKlass org/apache/tomcat/util/net/AbstractEndpoint$Handler
instanceKlass org/apache/coyote/AbstractProtocol
instanceKlass org/apache/coyote/ProtocolHandler
instanceKlass org/apache/coyote/Adapter
instanceKlass java/util/EventObject
instanceKlass org/apache/catalina/ContainerListener
instanceKlass org/apache/catalina/mapper/Mapper$MapElement
instanceKlass org/apache/catalina/mapper/Mapper
instanceKlass org/apache/tomcat/util/file/ConfigFileLoader
instanceKlass org/apache/tomcat/util/file/ConfigurationSource$1
instanceKlass org/apache/catalina/startup/CatalinaBaseConfigurationSource
instanceKlass java/lang/invoke/LambdaForm$MH
instanceKlass java/lang/invoke/LambdaForm$MH
instanceKlass java/lang/invoke/LambdaForm$MH
instanceKlass java/lang/invoke/LambdaForm$DMH
instanceKlass java/lang/invoke/LambdaForm$MH
instanceKlass java/lang/invoke/LambdaForm$BMH
instanceKlass java/lang/invoke/LambdaForm$DMH
instanceKlass java/lang/invoke/LambdaForm$DMH
instanceKlass java/lang/invoke/LambdaForm$MH
instanceKlass java/lang/invoke/LambdaForm$MH
instanceKlass java/lang/invoke/LambdaForm$MH
instanceKlass java/lang/invoke/LambdaForm$DMH
instanceKlass java/lang/invoke/LambdaForm$MH
instanceKlass java/lang/invoke/LambdaForm$MH
instanceKlass java/lang/invoke/LambdaForm$BMH
instanceKlass java/lang/invoke/LambdaForm$DMH
instanceKlass java/lang/invoke/LambdaForm$DMH
instanceKlass sun/reflect/misc/ReflectUtil
instanceKlass java/lang/invoke/LambdaForm$MH
instanceKlass java/lang/invoke/LambdaForm$MH
instanceKlass org/apache/tomcat/util/descriptor/web/ResourceBase
instanceKlass org/apache/tomcat/util/descriptor/web/Injectable
instanceKlass org/apache/tomcat/util/descriptor/web/NamingResources
instanceKlass java/beans/PropertyChangeListener
instanceKlass java/util/EventListener
instanceKlass java/beans/ChangeListenerMap
instanceKlass java/beans/PropertyChangeSupport
instanceKlass java/util/concurrent/ScheduledExecutorService
instanceKlass java/util/concurrent/ExecutorService
instanceKlass java/util/concurrent/Executor
instanceKlass org/apache/catalina/util/LifecycleBase
instanceKlass org/apache/catalina/JmxEnabled
instanceKlass javax/management/MBeanRegistration
instanceKlass org/apache/tomcat/util/ExceptionUtils
instanceKlass java/util/logging/LogManager$CloseOnReset
instanceKlass java/util/logging/StreamHandler$1
instanceKlass java/util/logging/Handler$1
instanceKlass java/util/logging/ErrorManager
instanceKlass jdk/internal/logger/DefaultLoggerFinder$1
instanceKlass java/util/logging/Logger$SystemLoggerHelper$1
instanceKlass java/util/logging/Logger$SystemLoggerHelper
instanceKlass java/util/logging/LogManager$4
instanceKlass jdk/internal/logger/BootstrapLogger$BootstrapExecutors
instanceKlass jdk/internal/logger/BootstrapLogger$RedirectedLoggers
instanceKlass java/util/ServiceLoader$ProviderImpl
instanceKlass java/util/ServiceLoader$1
instanceKlass java/util/concurrent/CopyOnWriteArrayList$COWIterator
instanceKlass jdk/internal/logger/BootstrapLogger$DetectBackend$1
instanceKlass jdk/internal/logger/BootstrapLogger$DetectBackend
instanceKlass jdk/internal/logger/BootstrapLogger
instanceKlass java/util/stream/Streams
instanceKlass java/util/stream/Streams$AbstractStreamBuilderImpl
instanceKlass java/util/stream/Stream$Builder
instanceKlass java/util/logging/Level$KnownLevel$$Lambda$24
instanceKlass java/util/ArrayList$ArrayListSpliterator
instanceKlass java/util/logging/Level$$Lambda$23
instanceKlass java/util/Hashtable$Enumerator
instanceKlass java/util/Collections$3
instanceKlass java/util/logging/LogManager$LoggerContext$1
instanceKlass java/util/logging/LogManager$VisitedLoggers
instanceKlass jdk/internal/util/ArraysSupport
instanceKlass java/util/logging/Logger$ConfigurationData
instanceKlass java/util/logging/Logger$LoggerBundle
instanceKlass java/util/logging/Handler
instanceKlass java/util/logging/Logger
instanceKlass java/util/logging/LogManager$2
instanceKlass java/lang/System$LoggerFinder
instanceKlass java/util/logging/LogManager$LoggingProviderAccess
instanceKlass sun/util/logging/internal/LoggingProviderImpl$LogManagerAccess
instanceKlass java/lang/Shutdown$Lock
instanceKlass java/lang/Shutdown
instanceKlass java/lang/ApplicationShutdownHooks$1
instanceKlass java/lang/ApplicationShutdownHooks
instanceKlass java/util/Collections$SynchronizedMap
instanceKlass java/util/concurrent/locks/AbstractQueuedSynchronizer$Node
instanceKlass java/util/logging/LogManager$LogNode
instanceKlass java/util/logging/LogManager$LoggerContext
instanceKlass java/util/logging/LogManager$1
instanceKlass java/util/logging/Level
instanceKlass java/util/logging/LogManager
instanceKlass jdk/internal/logger/SimpleConsoleLogger$Formatting
instanceKlass sun/util/logging/PlatformLogger
instanceKlass sun/util/logging/PlatformLogger$ConfigurableBridge$LoggerConfiguration
instanceKlass sun/util/logging/PlatformLogger$ConfigurableBridge
instanceKlass sun/util/logging/PlatformLogger$Bridge
instanceKlass java/lang/System$Logger
instanceKlass java/util/logging/SimpleFormatter$$Lambda$22
instanceKlass java/lang/reflect/AccessibleObject$$Lambda$21
instanceKlass java/util/logging/Formatter
instanceKlass org/apache/juli/logging/DirectJDKLog
instanceKlass java/util/ServiceLoader$3
instanceKlass org/apache/juli/logging/Log
instanceKlass org/apache/juli/logging/LogFactory
instanceKlass java/security/Security$2
instanceKlass jdk/internal/access/JavaSecurityPropertiesAccess
instanceKlass java/security/Security$1
instanceKlass java/security/Security
instanceKlass sun/security/util/SecurityProperties
instanceKlass sun/security/util/FilePermCompat
instanceKlass java/io/FilePermission$1
instanceKlass jdk/internal/access/JavaIOFilePermissionAccess
instanceKlass org/apache/tomcat/util/compat/JreCompat
instanceKlass sun/net/www/protocol/jar/URLJarFileCallBack
instanceKlass sun/net/www/MessageHeader
instanceKlass sun/net/www/protocol/jar/JarFileFactory
instanceKlass sun/net/www/protocol/jar/URLJarFile$URLJarFileCloseController
instanceKlass java/net/URLConnection
instanceKlass java/util/ResourceBundle$Control$1
instanceKlass java/util/ResourceBundle$$Lambda$20
instanceKlass java/util/ResourceBundle$CacheKeyReference
instanceKlass java/util/ResourceBundle$CacheKey
instanceKlass java/util/ResourceBundle$Control
instanceKlass jdk/internal/loader/URLClassPath$1
instanceKlass java/lang/CompoundEnumeration
instanceKlass jdk/internal/loader/BuiltinClassLoader$1
instanceKlass java/util/Collections$EmptyEnumeration
instanceKlass java/util/Collections$EmptyIterator
instanceKlass jdk/internal/jimage/ImageLocation
instanceKlass jdk/internal/jimage/decompressor/Decompressor
instanceKlass jdk/internal/jimage/ImageStringsReader
instanceKlass jdk/internal/jimage/ImageStrings
instanceKlass jdk/internal/jimage/ImageHeader
instanceKlass jdk/internal/jimage/NativeImageBuffer$1
instanceKlass jdk/internal/jimage/NativeImageBuffer
instanceKlass jdk/internal/jimage/BasicImageReader$1
instanceKlass jdk/internal/jimage/BasicImageReader
instanceKlass jdk/internal/jimage/ImageReader
instanceKlass jdk/internal/jimage/ImageReaderFactory$1
instanceKlass java/nio/file/FileSystems$DefaultFileSystemHolder$1
instanceKlass java/nio/file/FileSystems$DefaultFileSystemHolder
instanceKlass java/nio/file/FileSystems
instanceKlass java/nio/file/Paths
instanceKlass jdk/internal/jimage/ImageReaderFactory
instanceKlass jdk/internal/module/SystemModuleFinders$SystemImage
instanceKlass jdk/internal/module/SystemModuleFinders$SystemModuleReader
instanceKlass java/lang/module/ModuleReader
instanceKlass jdk/internal/loader/BuiltinClassLoader$5
instanceKlass jdk/internal/loader/BuiltinClassLoader$2
instanceKlass jdk/internal/module/Resources
instanceKlass java/util/stream/Collectors$$Lambda$19
instanceKlass java/util/stream/Collectors$$Lambda$18
instanceKlass java/util/stream/Collectors$$Lambda$17
instanceKlass java/util/ResourceBundle$ResourceBundleControlProviderHolder$$Lambda$16
instanceKlass java/util/ServiceLoader$Provider
instanceKlass java/util/ServiceLoader$ProviderSpliterator
instanceKlass java/util/ServiceLoader$2
instanceKlass java/util/ServiceLoader$LazyClassPathLookupIterator
instanceKlass java/lang/ModuleLayer$$Lambda$15
instanceKlass java/util/Spliterators$1Adapter
instanceKlass java/util/Spliterators$ArraySpliterator
instanceKlass jdk/internal/loader/AbstractClassLoaderValue$Memoizer
instanceKlass java/util/ServiceLoader$ModuleServicesLookupIterator
instanceKlass java/util/ServiceLoader
instanceKlass java/util/spi/ResourceBundleControlProvider
instanceKlass java/util/ResourceBundle$ResourceBundleControlProviderHolder$$Lambda$14
instanceKlass java/util/ResourceBundle$ResourceBundleControlProviderHolder
instanceKlass java/util/ResourceBundle$1
instanceKlass jdk/internal/access/JavaUtilResourceBundleAccess
instanceKlass java/util/ResourceBundle
instanceKlass java/lang/invoke/LambdaForm$MH
instanceKlass java/lang/invoke/LambdaForm$MH
instanceKlass java/lang/invoke/LambdaForm$MH
instanceKlass java/lang/invoke/MethodHandles$1
instanceKlass java/lang/Long$LongCache
instanceKlass java/lang/invoke/LambdaForm$MH
instanceKlass java/lang/invoke/LambdaForm$MH
instanceKlass java/lang/invoke/LambdaForm$MH
instanceKlass java/lang/invoke/LambdaForm$MH
instanceKlass java/lang/invoke/LambdaForm$MH
instanceKlass java/lang/ClassValue$Version
instanceKlass java/lang/ClassValue$Identity
instanceKlass java/lang/ClassValue
instanceKlass java/lang/invoke/StringConcatFactory$Stringifiers
instanceKlass java/lang/StringConcatHelper
instanceKlass java/lang/invoke/StringConcatFactory$MethodHandleInlineCopyStrategy$2
instanceKlass java/lang/invoke/StringConcatFactory$MethodHandleInlineCopyStrategy$1
instanceKlass java/lang/invoke/StringConcatFactory$MethodHandleInlineCopyStrategy
instanceKlass java/lang/invoke/StringConcatFactory$RecipeElement
instanceKlass java/lang/invoke/StringConcatFactory$Recipe
instanceKlass java/lang/invoke/StringConcatFactory$1
instanceKlass java/lang/invoke/StringConcatFactory
instanceKlass org/apache/tomcat/util/res/StringManager
instanceKlass org/apache/catalina/Context
instanceKlass org/apache/tomcat/ContextBind
instanceKlass org/apache/catalina/Realm
instanceKlass org/apache/catalina/Contained
instanceKlass org/apache/catalina/Engine
instanceKlass org/apache/catalina/LifecycleListener
instanceKlass org/apache/catalina/Wrapper
instanceKlass java/net/Socket$2
instanceKlass org/apache/catalina/Service
instanceKlass org/apache/tomcat/util/file/ConfigurationSource
instanceKlass sun/net/NetHooks
instanceKlass sun/net/spi/DefaultProxySelector$4
instanceKlass sun/net/spi/DefaultProxySelector$NonProxyInfo
instanceKlass java/net/URI$Parser
instanceKlass org/apache/catalina/Server
instanceKlass org/apache/catalina/Host
instanceKlass org/apache/catalina/Container
instanceKlass org/apache/catalina/Lifecycle
instanceKlass java/util/Properties$LineReader
instanceKlass sun/net/NetProperties$1
instanceKlass org/apache/catalina/startup/Tomcat
instanceKlass sun/net/NetProperties
instanceKlass sun/net/spi/DefaultProxySelector$1
instanceKlass java/net/Proxy
instanceKlass java/net/ProxySelector
instanceKlass jakarta/servlet/Servlet
instanceKlass java/net/SocksSocketImpl$3
instanceKlass java/net/Inet6Address$Inet6AddressHolder
instanceKlass jakarta/ws/rs/core/Application
instanceKlass org/glassfish/jersey/server/ServerConfig
instanceKlass org/glassfish/jersey/ExtendedConfig
instanceKlass jakarta/ws/rs/core/Configuration
instanceKlass java/net/AbstractPlainSocketImpl$1
instanceKlass java/net/NetworkInterface
instanceKlass java/net/StandardSocketOptions$StdSocketOption
instanceKlass java/net/SocketOption
instanceKlass java/net/StandardSocketOptions
instanceKlass jakarta/ws/rs/core/Configurable
instanceKlass java/net/SocketImpl
instanceKlass java/net/SocketOptions
instanceKlass java/net/SocksConsts
instanceKlass java/net/InetSocketAddress$InetSocketAddressHolder
instanceKlass java/net/InetAddress$PlatformNameService
instanceKlass java/net/InetAddress$NameService
instanceKlass java/net/Inet6AddressImpl
instanceKlass java/net/InetAddressImpl
instanceKlass lk/karu/openbay/Main
instanceKlass java/net/InetAddressImplFactory
instanceKlass java/io/FileInputStream$1
instanceKlass java/util/concurrent/ConcurrentSkipListMap$Node
instanceKlass java/util/concurrent/ConcurrentSkipListMap$Index
instanceKlass sun/nio/cs/ArrayDecoder
instanceKlass java/lang/StringCoding$StringDecoder
instanceKlass java/util/concurrent/ConcurrentNavigableMap
instanceKlass java/util/NavigableMap
instanceKlass sun/launcher/LauncherHelper
instanceKlass java/util/SortedMap
instanceKlass java/util/NavigableSet
instanceKlass java/util/SortedSet
instanceKlass java/net/InetAddress$InetAddressHolder
instanceKlass java/net/InetAddress$2
instanceKlass jdk/internal/access/JavaNetInetAddressAccess
instanceKlass java/net/InetAddress$1
instanceKlass jdk/internal/vm/PostVMInitHook$1
instanceKlass jdk/internal/util/EnvUtils
instanceKlass java/net/InetAddress
instanceKlass jdk/internal/vm/PostVMInitHook$2
instanceKlass jdk/internal/vm/PostVMInitHook
instanceKlass java/net/SocketAddress
instanceKlass java/net/Socket
instanceKlass com/intellij/rt/execution/application/AppMainV2
instanceKlass sun/instrument/InstrumentationImpl$1
instanceKlass com/intellij/rt/execution/application/AppMainV2$Agent
instanceKlass java/security/SecureClassLoader$DebugHolder
instanceKlass java/security/Permissions$1
instanceKlass java/security/PermissionCollection
instanceKlass java/security/SecureClassLoader$1
instanceKlass java/security/SecureClassLoader$CodeSourceKey
instanceKlass java/util/zip/Checksum$1
instanceKlass java/util/zip/CRC32
instanceKlass java/util/zip/Checksum
instanceKlass sun/nio/ByteBuffered
instanceKlass java/lang/Package$VersionInfo
instanceKlass java/lang/NamedPackage
instanceKlass jdk/internal/loader/Resource
instanceKlass java/io/RandomAccessFile$1
instanceKlass java/lang/invoke/VarHandle$AccessDescriptor
instanceKlass java/util/jar/Attributes$Name
instanceKlass java/util/jar/Attributes
instanceKlass java/util/LinkedList$Node
instanceKlass java/io/Reader
instanceKlass java/lang/StringCoding$Result
instanceKlass sun/security/action/GetIntegerAction
instanceKlass sun/security/util/Debug
instanceKlass sun/security/util/SignatureFileVerifier
instanceKlass java/util/zip/ZipFile$InflaterCleanupAction
instanceKlass java/util/zip/Inflater$InflaterZStreamRef
instanceKlass java/util/zip/Inflater
instanceKlass java/util/zip/ZipEntry
instanceKlass java/lang/StringCoding
instanceKlass java/util/jar/JarFile$1
instanceKlass jdk/internal/util/jar/JarIndex
instanceKlass java/nio/Bits$1
instanceKlass jdk/internal/access/JavaNioAccess$BufferPool
instanceKlass java/nio/Bits
instanceKlass sun/nio/ch/DirectBuffer
instanceKlass jdk/internal/perf/PerfCounter$CoreCounters
instanceKlass jdk/internal/perf/Perf
instanceKlass jdk/internal/perf/Perf$GetPerfAction
instanceKlass jdk/internal/perf/PerfCounter
instanceKlass java/util/zip/ZipUtils
instanceKlass java/util/zip/ZipFile$Source$End
instanceKlass java/lang/invoke/VarForm
instanceKlass java/lang/invoke/VarHandleGuards
instanceKlass jdk/internal/util/Preconditions$1
instanceKlass java/lang/invoke/VarHandle$1
instanceKlass java/lang/invoke/VarHandles
instanceKlass java/util/concurrent/atomic/AtomicBoolean
instanceKlass java/io/RandomAccessFile$2
instanceKlass jdk/internal/access/JavaIORandomAccessFileAccess
instanceKlass java/io/RandomAccessFile
instanceKlass java/io/DataInput
instanceKlass java/io/DataOutput
instanceKlass java/nio/file/attribute/FileTime
instanceKlass sun/nio/fs/WindowsNativeDispatcher$CompletionStatus
instanceKlass sun/nio/fs/WindowsNativeDispatcher$AclInformation
instanceKlass sun/nio/fs/WindowsNativeDispatcher$Account
instanceKlass sun/nio/fs/WindowsNativeDispatcher$DiskFreeSpace
instanceKlass sun/nio/fs/WindowsNativeDispatcher$VolumeInformation
instanceKlass sun/nio/fs/WindowsNativeDispatcher$FirstStream
instanceKlass sun/nio/fs/WindowsNativeDispatcher$FirstFile
instanceKlass java/util/Enumeration
instanceKlass sun/nio/fs/WindowsNativeDispatcher$1
instanceKlass sun/nio/fs/WindowsNativeDispatcher
instanceKlass sun/nio/fs/NativeBuffer$Deallocator
instanceKlass sun/nio/fs/NativeBuffer
instanceKlass sun/nio/fs/NativeBuffers
instanceKlass sun/nio/fs/WindowsFileAttributes
instanceKlass java/nio/file/attribute/DosFileAttributes
instanceKlass sun/nio/fs/AbstractBasicFileAttributeView
instanceKlass sun/nio/fs/DynamicFileAttributeView
instanceKlass sun/nio/fs/WindowsFileAttributeViews
instanceKlass sun/nio/cs/SingleByte
instanceKlass java/nio/charset/StandardCharsets
instanceKlass sun/nio/fs/Util
instanceKlass java/nio/file/attribute/BasicFileAttributeView
instanceKlass java/nio/file/attribute/FileAttributeView
instanceKlass java/nio/file/attribute/AttributeView
instanceKlass java/nio/file/Files
instanceKlass java/nio/file/CopyOption
instanceKlass java/nio/file/attribute/BasicFileAttributes
instanceKlass sun/nio/fs/WindowsPath
instanceKlass java/util/zip/ZipFile$Source$Key
instanceKlass sun/nio/fs/WindowsPathParser$Result
instanceKlass sun/nio/fs/WindowsPathParser
instanceKlass java/util/Arrays$ArrayItr
instanceKlass java/nio/file/FileSystem
instanceKlass java/nio/file/OpenOption
instanceKlass java/nio/file/spi/FileSystemProvider
instanceKlass sun/nio/fs/DefaultFileSystemProvider
instanceKlass java/util/zip/ZipFile$Source
instanceKlass java/util/zip/ZipFile$CleanableResource
instanceKlass java/util/zip/ZipCoder
instanceKlass java/lang/Runtime$Version
instanceKlass java/util/jar/JavaUtilJarAccessImpl
instanceKlass jdk/internal/access/JavaUtilJarAccess
instanceKlass jdk/internal/loader/FileURLMapper
instanceKlass jdk/internal/loader/URLClassPath$JarLoader$1
instanceKlass java/util/zip/ZipFile$1
instanceKlass jdk/internal/access/JavaUtilZipFileAccess
instanceKlass java/util/zip/ZipFile
instanceKlass java/util/zip/ZipConstants
instanceKlass java/nio/charset/CoderResult
instanceKlass java/nio/charset/CharsetDecoder
instanceKlass java/lang/ThreadLocal$ThreadLocalMap
instanceKlass sun/nio/cs/ThreadLocalCoders$Cache
instanceKlass sun/nio/cs/ThreadLocalCoders
instanceKlass java/lang/Readable
instanceKlass jdk/internal/loader/URLClassPath$Loader
instanceKlass jdk/internal/loader/URLClassPath$3
instanceKlass java/security/PrivilegedExceptionAction
instanceKlass sun/util/locale/InternalLocaleBuilder$CaseInsensitiveChar
instanceKlass sun/util/locale/InternalLocaleBuilder
instanceKlass sun/util/locale/LocaleUtils
instanceKlass sun/util/locale/BaseLocale$Key
instanceKlass sun/util/locale/BaseLocale
instanceKlass sun/util/locale/LocaleObjectCache
instanceKlass java/util/Locale
instanceKlass sun/net/util/URLUtil
instanceKlass sun/instrument/TransformerManager$TransformerInfo
instanceKlass sun/instrument/TransformerManager
instanceKlass java/util/ArrayDeque$DeqIterator
instanceKlass java/lang/ClassLoaderHelper
instanceKlass java/lang/ClassLoader$NativeLibrary
instanceKlass java/lang/ClassLoader$2
instanceKlass sun/instrument/InstrumentationImpl
instanceKlass java/lang/instrument/Instrumentation
instanceKlass jdk/internal/module/ModuleBootstrap$SafeModuleFinder
instanceKlass jdk/internal/module/IllegalAccessLogger
instanceKlass jdk/internal/module/ModuleBootstrap$2
instanceKlass jdk/internal/module/IllegalAccessLogger$Builder
instanceKlass java/lang/ModuleLayer$Controller
instanceKlass jdk/internal/module/ServicesCatalog$ServiceProvider
instanceKlass java/util/concurrent/CopyOnWriteArrayList
instanceKlass jdk/internal/module/ModuleLoaderMap$Mapper
instanceKlass jdk/internal/module/ModuleLoaderMap
instanceKlass java/lang/module/ResolvedModule
instanceKlass java/util/Collections$UnmodifiableCollection$1
instanceKlass java/lang/ModuleLayer
instanceKlass java/lang/module/ModuleFinder$1
instanceKlass java/nio/file/Path
instanceKlass java/nio/file/Watchable
instanceKlass java/lang/module/Resolver
instanceKlass java/lang/module/Configuration
instanceKlass java/util/ImmutableCollections$Set12$1
instanceKlass java/util/stream/FindOps$FindSink$OfRef$$Lambda$13
instanceKlass java/util/stream/FindOps$FindSink$OfRef$$Lambda$12
instanceKlass java/util/stream/FindOps$FindSink$OfRef$$Lambda$11
instanceKlass java/util/stream/FindOps$FindSink$OfRef$$Lambda$10
instanceKlass java/util/stream/FindOps$FindOp
instanceKlass java/util/stream/FindOps$FindSink
instanceKlass java/util/stream/FindOps
instanceKlass jdk/internal/module/DefaultRoots$$Lambda$9
instanceKlass java/util/stream/Sink$ChainedReference
instanceKlass java/util/stream/ReduceOps$Box
instanceKlass java/util/stream/ReduceOps$AccumulatingSink
instanceKlass java/util/stream/TerminalSink
instanceKlass java/util/stream/Sink
instanceKlass java/util/function/Consumer
instanceKlass java/util/stream/ReduceOps$ReduceOp
instanceKlass java/util/stream/TerminalOp
instanceKlass java/util/stream/ReduceOps
instanceKlass java/util/stream/Collectors$$Lambda$8
instanceKlass java/util/stream/Collectors$$Lambda$7
instanceKlass java/util/function/BinaryOperator
instanceKlass java/util/function/BiFunction
instanceKlass java/util/stream/Collectors$$Lambda$6
instanceKlass java/util/function/BiConsumer
instanceKlass java/util/stream/Collectors$$Lambda$5
instanceKlass java/util/stream/Collectors$CollectorImpl
instanceKlass java/util/stream/Collector
instanceKlass java/util/Collections$UnmodifiableCollection
instanceKlass java/util/stream/Collectors
instanceKlass jdk/internal/module/DefaultRoots$$Lambda$4
instanceKlass jdk/internal/module/DefaultRoots$$Lambda$3
instanceKlass jdk/internal/org/objectweb/asm/FieldVisitor
instanceKlass jdk/internal/module/DefaultRoots$$Lambda$2
instanceKlass jdk/internal/misc/InnocuousThread$2
instanceKlass jdk/internal/misc/InnocuousThread$3
instanceKlass jdk/internal/ref/CleanerFactory$1$1
instanceKlass java/lang/ref/Cleaner$Cleanable
instanceKlass jdk/internal/ref/CleanerImpl
instanceKlass java/lang/ref/Cleaner$1
instanceKlass java/lang/ref/Cleaner
instanceKlass jdk/internal/ref/CleanerFactory$1
instanceKlass java/util/concurrent/ThreadFactory
instanceKlass jdk/internal/ref/CleanerFactory
instanceKlass java/lang/invoke/LambdaForm$MH
instanceKlass java/util/ArrayList$Itr
instanceKlass java/lang/invoke/InvokerBytecodeGenerator$CpPatch
instanceKlass java/lang/invoke/LambdaFormBuffer
instanceKlass java/lang/invoke/LambdaFormEditor
instanceKlass java/lang/invoke/DelegatingMethodHandle$Holder
instanceKlass sun/invoke/util/Wrapper$1
instanceKlass java/lang/invoke/DirectMethodHandle$1
instanceKlass sun/invoke/empty/Empty
instanceKlass sun/invoke/util/VerifyType
instanceKlass java/util/ImmutableCollections$ListItr
instanceKlass java/util/ListIterator
instanceKlass java/lang/invoke/ClassSpecializer$Factory
instanceKlass java/lang/invoke/ClassSpecializer$SpeciesData
instanceKlass java/lang/invoke/ClassSpecializer$1
instanceKlass java/util/function/Function
instanceKlass java/lang/invoke/ClassSpecializer
instanceKlass java/lang/invoke/InnerClassLambdaMetafactory$1
instanceKlass jdk/internal/module/DefaultRoots$$Lambda$1
instanceKlass jdk/internal/org/objectweb/asm/AnnotationVisitor
instanceKlass jdk/internal/org/objectweb/asm/Frame
instanceKlass jdk/internal/org/objectweb/asm/Label
instanceKlass jdk/internal/org/objectweb/asm/MethodVisitor
instanceKlass jdk/internal/org/objectweb/asm/Item
instanceKlass jdk/internal/org/objectweb/asm/ByteVector
instanceKlass jdk/internal/org/objectweb/asm/ClassVisitor
instanceKlass sun/invoke/util/BytecodeDescriptor
instanceKlass java/lang/invoke/InfoFromMemberName
instanceKlass java/lang/invoke/MethodHandleInfo
instanceKlass sun/security/action/GetBooleanAction
instanceKlass jdk/internal/org/objectweb/asm/Type
instanceKlass java/lang/invoke/AbstractValidatingLambdaMetafactory
instanceKlass java/lang/invoke/MethodHandleImpl$1
instanceKlass jdk/internal/access/JavaLangInvokeAccess
instanceKlass java/lang/invoke/Invokers$Holder
instanceKlass java/lang/invoke/BootstrapMethodInvoker
instanceKlass java/util/function/Predicate
instanceKlass java/lang/WeakPairMap$Pair$Lookup
instanceKlass java/lang/WeakPairMap$Pair
instanceKlass java/lang/WeakPairMap
instanceKlass java/lang/Module$ReflectionData
instanceKlass java/lang/invoke/InvokerBytecodeGenerator$2
instanceKlass java/lang/invoke/InvokerBytecodeGenerator
instanceKlass java/lang/invoke/LambdaForm$Holder
instanceKlass java/lang/invoke/LambdaForm$Name
instanceKlass java/lang/invoke/Invokers
instanceKlass java/lang/invoke/MethodHandleImpl
instanceKlass sun/invoke/util/ValueConversions
instanceKlass java/lang/invoke/DirectMethodHandle$Holder
instanceKlass java/lang/invoke/LambdaForm$NamedFunction
instanceKlass sun/invoke/util/Wrapper$Format
instanceKlass sun/invoke/util/VerifyAccess
instanceKlass java/security/Permission
instanceKlass java/security/Guard
instanceKlass java/lang/invoke/MemberName$Factory
instanceKlass java/lang/invoke/MethodHandles
instanceKlass java/lang/invoke/MethodTypeForm
instanceKlass java/lang/Void
instanceKlass java/lang/invoke/MethodType$ConcurrentWeakInternSet
instanceKlass java/lang/invoke/MethodHandles$Lookup
instanceKlass java/lang/invoke/LambdaMetafactory
instanceKlass sun/reflect/annotation/AnnotationParser
instanceKlass java/lang/Class$3
instanceKlass java/lang/PublicMethods$Key
instanceKlass java/lang/PublicMethods$MethodList
instanceKlass java/util/EnumMap$1
instanceKlass java/util/stream/StreamOpFlag$MaskBuilder
instanceKlass java/util/stream/PipelineHelper
instanceKlass java/util/stream/Stream
instanceKlass java/util/stream/BaseStream
instanceKlass java/util/stream/StreamSupport
instanceKlass java/util/Spliterators$IteratorSpliterator
instanceKlass java/util/Spliterator$OfDouble
instanceKlass java/util/Spliterator$OfLong
instanceKlass java/util/Spliterator$OfInt
instanceKlass java/util/Spliterator$OfPrimitive
instanceKlass java/util/Spliterators$EmptySpliterator
instanceKlass java/util/Spliterator
instanceKlass java/util/Spliterators
instanceKlass jdk/internal/module/DefaultRoots
instanceKlass java/util/HashMap$HashIterator
instanceKlass java/util/ImmutableCollections$SetN$SetNIterator
instanceKlass jdk/internal/loader/BuiltinClassLoader$LoadedModule
instanceKlass jdk/internal/util/Preconditions
instanceKlass java/util/Deque
instanceKlass java/util/Queue
instanceKlass sun/net/util/IPAddressUtil
instanceKlass java/lang/Class$1
instanceKlass java/lang/reflect/ReflectAccess
instanceKlass jdk/internal/reflect/LangReflectAccess
instanceKlass java/lang/reflect/Modifier
instanceKlass java/lang/Class$Atomic
instanceKlass java/lang/Class$ReflectionData
instanceKlass java/net/URLStreamHandler
instanceKlass java/lang/StringUTF16
instanceKlass sun/net/www/ParseUtil
instanceKlass java/io/ExpiringCache$Entry
instanceKlass java/net/URL$3
instanceKlass jdk/internal/access/JavaNetURLAccess
instanceKlass java/net/URL$DefaultFactory
instanceKlass java/net/URLStreamHandlerFactory
instanceKlass jdk/internal/loader/URLClassPath
instanceKlass java/security/Principal
instanceKlass java/security/ProtectionDomain$Key
instanceKlass java/security/ProtectionDomain$JavaSecurityAccessImpl
instanceKlass jdk/internal/access/JavaSecurityAccess
instanceKlass java/lang/ClassLoader$ParallelLoaders
instanceKlass jdk/internal/loader/AbstractClassLoaderValue
instanceKlass jdk/internal/module/ServicesCatalog
instanceKlass jdk/internal/loader/BootLoader
instanceKlass java/util/Optional
instanceKlass jdk/internal/module/ModuleBootstrap$Counters
instanceKlass jdk/internal/module/SystemModuleFinders$SystemModuleFinder
instanceKlass java/lang/module/ModuleFinder
instanceKlass jdk/internal/module/SystemModuleFinders$3
instanceKlass jdk/internal/module/ModuleHashes$HashSupplier
instanceKlass java/util/KeyValueHolder
instanceKlass jdk/internal/module/SystemModuleFinders$2
instanceKlass java/util/function/Supplier
instanceKlass java/lang/module/ModuleReference
instanceKlass jdk/internal/module/ModuleResolution
instanceKlass java/util/Collections$UnmodifiableMap
instanceKlass jdk/internal/module/ModuleHashes$Builder
instanceKlass jdk/internal/module/ModuleHashes
instanceKlass jdk/internal/module/ModuleTarget
instanceKlass java/lang/Enum
instanceKlass java/lang/module/ModuleDescriptor$Version
instanceKlass java/lang/module/ModuleDescriptor$Provides
instanceKlass java/lang/module/ModuleDescriptor$Opens
instanceKlass java/lang/module/ModuleDescriptor$Exports
instanceKlass java/lang/module/ModuleDescriptor$Requires
instanceKlass jdk/internal/module/Builder
instanceKlass jdk/internal/module/SystemModules$all
instanceKlass jdk/internal/module/SystemModules
instanceKlass jdk/internal/module/SystemModulesMap
instanceKlass java/net/URI$1
instanceKlass jdk/internal/access/JavaNetUriAccess
instanceKlass java/net/URI
instanceKlass jdk/internal/module/SystemModuleFinders
instanceKlass jdk/internal/module/ModulePatcher
instanceKlass java/util/ImmutableCollections
instanceKlass java/io/ExpiringCache
instanceKlass java/io/FileSystem
instanceKlass java/io/DefaultFileSystem
instanceKlass java/io/File
instanceKlass java/lang/module/ModuleDescriptor$1
instanceKlass jdk/internal/access/JavaLangModuleAccess
instanceKlass java/lang/module/ModuleDescriptor
instanceKlass jdk/internal/module/ModuleBootstrap
instanceKlass java/lang/CharacterData
instanceKlass java/lang/invoke/MethodHandleStatics
instanceKlass java/lang/System$2
instanceKlass jdk/internal/access/JavaLangAccess
instanceKlass sun/io/Win32ErrorMode
instanceKlass jdk/internal/misc/OSEnvironment
instanceKlass java/lang/Integer$IntegerCache
instanceKlass jdk/internal/misc/Signal$NativeHandler
instanceKlass java/util/Hashtable$Entry
instanceKlass jdk/internal/misc/Signal
instanceKlass java/lang/Terminator$1
instanceKlass jdk/internal/misc/Signal$Handler
instanceKlass java/lang/Terminator
instanceKlass java/nio/ByteOrder
instanceKlass java/nio/Buffer$1
instanceKlass jdk/internal/access/JavaNioAccess
instanceKlass java/util/Arrays
instanceKlass java/nio/charset/CodingErrorAction
instanceKlass java/nio/charset/CharsetEncoder
instanceKlass sun/nio/cs/HistoricallyNamedCharset
instanceKlass sun/security/action/GetPropertyAction
instanceKlass java/lang/ThreadLocal
instanceKlass java/nio/charset/spi/CharsetProvider
instanceKlass java/nio/charset/Charset
instanceKlass java/io/Writer
instanceKlass java/io/OutputStream
instanceKlass java/io/Flushable
instanceKlass java/io/FileDescriptor$1
instanceKlass jdk/internal/access/JavaIOFileDescriptorAccess
instanceKlass java/io/FileDescriptor
instanceKlass jdk/internal/util/StaticProperty
instanceKlass java/lang/Math
instanceKlass java/util/concurrent/ConcurrentHashMap$MapEntry
instanceKlass java/util/concurrent/ConcurrentHashMap$Traverser
instanceKlass java/util/Iterator
instanceKlass java/lang/reflect/Array
instanceKlass java/util/Collections$SynchronizedCollection
instanceKlass java/util/List
instanceKlass java/util/RandomAccess
instanceKlass java/util/Collections
instanceKlass java/util/concurrent/ConcurrentHashMap$CollectionView
instanceKlass java/util/Properties$EntrySet
instanceKlass java/lang/VersionProps
instanceKlass java/lang/StringLatin1
instanceKlass jdk/internal/misc/VM
instanceKlass jdk/internal/access/SharedSecrets
instanceKlass java/lang/ref/Reference$1
instanceKlass jdk/internal/access/JavaLangRefAccess
instanceKlass java/lang/ref/ReferenceQueue$Lock
instanceKlass java/lang/ref/ReferenceQueue
instanceKlass jdk/internal/reflect/ReflectionFactory
instanceKlass java/util/concurrent/locks/LockSupport
instanceKlass java/util/concurrent/ConcurrentHashMap$Node
instanceKlass java/util/concurrent/ConcurrentHashMap$CounterCell
instanceKlass java/util/concurrent/locks/ReentrantLock
instanceKlass java/util/concurrent/locks/Lock
instanceKlass java/lang/Runtime
instanceKlass java/util/concurrent/ConcurrentMap
instanceKlass java/security/cert/Certificate
instanceKlass java/util/HashMap$Node
instanceKlass java/util/Map$Entry
instanceKlass java/util/AbstractMap
instanceKlass jdk/internal/reflect/Reflection
instanceKlass jdk/internal/reflect/ReflectionFactory$GetReflectionFactoryAction
instanceKlass java/security/PrivilegedAction
instanceKlass java/util/Objects
instanceKlass java/util/AbstractCollection
instanceKlass java/util/Set
instanceKlass java/util/Collection
instanceKlass java/lang/Iterable
instanceKlass java/lang/String$CaseInsensitiveComparator
instanceKlass java/util/Comparator
instanceKlass java/io/ObjectStreamField
instanceKlass java/lang/Number
instanceKlass java/lang/Character
instanceKlass java/lang/Boolean
instanceKlass java/util/concurrent/locks/AbstractOwnableSynchronizer
instanceKlass java/lang/LiveStackFrame
instanceKlass java/lang/StackFrameInfo
instanceKlass java/lang/StackWalker$StackFrame
instanceKlass java/lang/StackStreamFactory$AbstractStackWalker
instanceKlass java/lang/StackWalker
instanceKlass java/nio/Buffer
instanceKlass java/lang/StackTraceElement
instanceKlass java/security/CodeSource
instanceKlass jdk/internal/loader/ClassLoaders
instanceKlass java/util/jar/Manifest
instanceKlass java/net/URL
instanceKlass java/io/InputStream
instanceKlass java/io/Closeable
instanceKlass java/lang/AutoCloseable
instanceKlass jdk/internal/module/Modules
instanceKlass jdk/internal/misc/Unsafe
instanceKlass java/lang/AbstractStringBuilder
instanceKlass java/lang/Appendable
instanceKlass java/lang/AssertionStatusDirectives
instanceKlass java/lang/invoke/MethodHandleNatives$CallSiteContext
instanceKlass java/lang/invoke/CallSite
instanceKlass java/lang/invoke/MethodType
instanceKlass java/lang/invoke/LambdaForm
instanceKlass java/lang/invoke/MethodHandleNatives
instanceKlass java/lang/invoke/ResolvedMethodName
instanceKlass java/lang/invoke/MemberName
instanceKlass java/lang/invoke/VarHandle
instanceKlass java/lang/invoke/MethodHandle
instanceKlass jdk/internal/reflect/CallerSensitive
instanceKlass java/lang/annotation/Annotation
instanceKlass jdk/internal/reflect/FieldAccessor
instanceKlass jdk/internal/reflect/ConstantPool
instanceKlass jdk/internal/reflect/ConstructorAccessor
instanceKlass jdk/internal/reflect/MethodAccessor
instanceKlass jdk/internal/reflect/MagicAccessorImpl
instanceKlass java/lang/reflect/Parameter
instanceKlass java/lang/reflect/Member
instanceKlass java/lang/reflect/AccessibleObject
instanceKlass java/lang/Module
instanceKlass java/util/Dictionary
instanceKlass java/util/Map
instanceKlass java/lang/ThreadGroup
instanceKlass java/lang/Thread$UncaughtExceptionHandler
instanceKlass java/lang/Thread
instanceKlass java/lang/Runnable
instanceKlass java/lang/ref/Reference
instanceKlass java/security/AccessController
instanceKlass java/security/AccessControlContext
instanceKlass java/security/ProtectionDomain
instanceKlass java/lang/SecurityManager
instanceKlass java/lang/Throwable
instanceKlass java/lang/System
instanceKlass java/lang/ClassLoader
instanceKlass java/lang/Cloneable
instanceKlass java/lang/Class
instanceKlass java/lang/reflect/Type
instanceKlass java/lang/reflect/GenericDeclaration
instanceKlass java/lang/reflect/AnnotatedElement
instanceKlass java/lang/String
instanceKlass java/lang/CharSequence
instanceKlass java/lang/Comparable
instanceKlass java/io/Serializable
ciInstanceKlass java/lang/Object 1 1 92 7 10 10 10 10 8 10 10 10 10 100 8 10 3 8 10 7 1 1 1 1 1 1 1 1 1 1 1 1 1 1 1 1 1 1 1 1 1 1 1 7 1 1 1 1 1 7 1 1 1 1 1 1 1 7 1 1 1 1 1 1 1 1 12 12 7 12 12 1 12 7 12 12 12 1 1 12 1 12 1 1 1 1 1 1 1 1 1 1 1 1
ciInstanceKlass java/io/Serializable 1 0 7 100 100 1 1 1 1
ciInstanceKlass java/lang/String 1 1 878 10 8 9 9 9 10 10 10 9 10 7 10 10 10 10 10 100 8 10 10 9 9 8 10 10 10 10 10 10 10 10 10 10 10 10 10 10 10 100 10 10 100 10 10 10 10 10 10 10 10 10 10 10 10 10 10 10 10 10 10 10 10 100 100 10 10 11 11 10 10 10 10 10 10 9 11 10 10 10 10 10 10 10 10 10 10 10 10 10 10 10 10 10 10 10 10 10 10 10 10 10 10 10 10 10 10 10 10 10 10 10 10 10 10 10 11 10 10 10 10 10 10 100 10 7 10 10 10 10 10 8 10 10 100 3 3 7 10 10 10 10 10 11 7 10 10 7 10 10 10 11 11 11 7 10 10 10 10 10 10 10 10 10 10 10 10 10 10 10 10 10 10 10 10 100 100 10 100 10 10 100 10 10 10 7 10 10 10 10 8 10 10 10 8 8 10 10 10 10 10 10 10 100 10 8 10 10 10 7 3 8 8 8 10 10 10 10 10 10 8 8 10 8 8 8 8 8 10 10 10 8 7 10 10 10 7 9 7 10 100 100 1 1 1 1 1 1 1 1 1 1 1 1 1 5 0 1 1 1 1 1 1 1 1 1 3 1 3 1 1 1 1 1 1 1 1 1 1 1 1 1 1 1 1 1 1 1 1 1 1 100 1 1 1 1 100 1 1 1 1 1 1 1 1 1 1 7 1 1 1 7 1 1 1 100 1 1 1 1 1 1 1 1 1 1 1 1 1 1 1 1 1 1 1 1 1 1 1 1 1 1 1 1 1 1 1 1 1 1 1 1 1 1 1 1 1 1 1 1 1 1 1 1 1 1 1 1 1 1 100 1 1 1 1 1 1 1 1 1 1 1 1 1 1 1 1 1 1 1 1 1 1 1 1 1 1 1 1 1 1 1 1 1 1 1 1 1 1 1 1 1 1 1 1 1 1 1 1 1 1 1 1 1 1 1 1 1 1 1 1 1 1 1 1 1 1 1 1 1 1 1 1 1 1 1 1 1 1 1 1 1 1 1 1 1 1 1 1 1 1 1 1 1 1 1 1 100 1 1 1 7 1 1 1 1 1 1 1 1 1 1 1 1 1 1 1 100 1 1 1 1 100 1 1 100 1 1 1 1 1 1 1 1 1 1 1 1 1 1 1 1 1 1 1 1 1 1 1 1 1 1 1 1 1 1 1 1 1 100 1 1 1 1 1 1 1 1 1 1 1 1 1 1 1 1 1 1 1 1 1 12 1 12 12 12 12 12 12 12 7 12 1 7 7 12 12 12 12 1 12 7 12 12 12 12 12 12 12 12 12 12 12 12 12 12 1 12 12 1 12 12 12 12 7 12 12 12 12 12 12 12 12 12 12 1 1 12 12 12 12 12 12 12 12 12 7 12 12 12 12 12 12 12 12 12 12 12 12 12 12 12 12 12 12 12 12 12 12 12 12 12 7 12 12 12 12 7 12 12 12 12 7 12 12 7 12 1 1 12 12 12 1 12 1 1 12 12 12 12 7 12 12 12 1 12 12 7 12 12 12 1 12 7 12 12 12 12 12 12 12 12 12 12 12 1 1 1 12 1 100 12 1 1 12 1 12 12 1 12 12 1 1 12 12 12 7 12 100 12 100 12 1 1 12 12 1 1 1 1 12 12 12 12 1 1 1 1 1 1 1 12 12 12 1 1 12 12 12 1 12 1 1 1 1 1 1 1 1 1 1 1 1 1 1 1 1 1 1 1 1 1 1 1 1 1 1 1 1 1 1 1 1 1 1 1 1 1 1 1 1 1 1 1 1 1 1 1 1 1 1 1 1 1 1 1 1 1 1 1 1 1 1 1 1 1 1 1 1 1 1 1 1 1 1 1 1 1 1 1 1 1 1 1 1 1 1 1 1 1 1 1 1 1 1 1 1 1 1 1 1 1 1 1 1 1 1 1 1 1 1 1 1 1 1 1 1 1 1 1 1 1 1 1 1 1 1 1
staticfield java/lang/String COMPACT_STRINGS Z 1
staticfield java/lang/String serialPersistentFields [Ljava/io/ObjectStreamField; 0 [Ljava/io/ObjectStreamField;
staticfield java/lang/String CASE_INSENSITIVE_ORDER Ljava/util/Comparator; java/lang/String$CaseInsensitiveComparator
ciInstanceKlass java/lang/Class 1 1 1435 10 9 9 7 10 10 8 10 8 8 10 10 10 10 10 10 10 10 10 10 10 8 10 8 8 10 7 8 8 8 10 11 10 10 8 10 10 10 10 9 10 10 10 18 10 7 10 10 10 100 10 9 7 7 8 10 10 10 10 7 10 7 7 10 10 9 10 10 7 10 100 10 10 10 9 10 10 10 9 10 10 100 10 10 10 10 9 8 10 10 10 10 10 10 9 10 7 10 10 10 10 10 10 10 10 10 10 10 10 10 10 10 10 10 10 10 10 100 8 10 10 100 10 100 11 10 10 10 10 10 10 8 10 10 8 9 10 10 10 10 100 9 10 9 10 10 10 8 10 10 10 10 100 10 10 10 10 10 10 10 7 10 10 10 10 10 10 10 10 10 7 10 10 11 10 10 10 10 10 10 100 10 10 10 100 7 10 10 10 10 10 10 10 10 11 10 10 9 10 9 100 10 9 10 100 10 9 10 10 10 10 10 10 10 8 10 10 9 9 10 7 9 10 10 7 10 10 10 10 9 10 9 10 10 9 9 10 10 9 7 10 10 7 10 7 11 9 9 7 10 9 9 10 10 9 7 10 10 10 10 10 10 10 9 10 10 10 10 8 7 10 7 8 8 8 8 10 9 9 10 7 9 7 10 7 10 10 9 8 10 7 10 7 10 9 100 8 10 7 4 10 10 11 10 100 10 10 8 8 10 9 11 7 11 9 10 10 10 9 9 10 10 10 10 10 11 11 11 11 7 11 10 10 7 11 10 10 10 11 11 7 10 10 9 9 10 10 10 10 100 10 10 7 9 100 7 100 100 1 1 1 7 1 1 1 1 1 3 1 3 1 3 1 1 1 1 1 1 1 1 1 1 1 1 1 1 1 1 1 1 1 1 1 1 1 1 1 1 1 1 5 0 1 1 1 1 1 1 1 1 1 1 1 1 1 1 1 100 1 1 1 1 1 1 1 1 1 1 1 1 1 1 1 1 1 1 7 1 1 1 1 1 1 1 1 1 1 1 1 1 1 1 100 1 1 1 1 1 7 1 1 1 1 1 1 1 1 1 100 1 1 1 1 1 1 1 1 1 7 1 1 1 1 1 1 1 1 1 1 1 1 1 1 1 1 1 1 1 1 1 1 1 1 1 1 1 1 1 1 1 1 1 1 1 1 1 7 1 1 1 1 1 1 1 1 100 1 1 1 1 1 1 1 1 1 1 1 1 1 1 1 1 1 100 1 1 1 1 1 1 1 1 1 1 1 1 1 1 1 1 1 1 1 1 1 1 1 1 100 100 1 1 1 1 1 1 1 1 1 1 1 1 1 1 100 1 1 1 1 1 1 1 1 1 1 1 1 1 1 1 1 1 1 1 1 1 1 1 1 1 1 1 1 1 1 1 1 1 1 1 1 1 1 1 1 1 1 1 1 1 1 1 1 1 1 1 1 1 1 1 7 1 1 1 1 1 1 1 1 1 100 100 100 1 1 1 1 1 1 1 1 1 1 1 1 1 1 1 1 1 1 1 1 1 1 1 1 1 1 1 1 1 1 1 1 1 1 1 1 1 1 1 1 1 1 1 1 1 1 1 1 1 1 1 1 1 1 1 1 1 1 1 1 1 1 1 1 1 1 1 1 1 1 1 1 1 1 1 1 1 1 1 1 1 1 7 1 1 1 1 1 1 1 1 1 1 1 1 1 1 1 1 1 1 1 1 1 1 1 1 1 1 1 1 1 1 1 1 100 1 1 1 1 1 1 1 1 1 1 1 1 1 100 1 1 1 1 1 1 7 1 1 1 1 1 1 1 1 1 1 1 1 1 1 1 1 1 1 1 1 1 1 1 1 1 1 1 1 1 1 1 1 1 1 1 1 1 1 1 1 7 1 1 1 1 1 1 1 1 1 1 1 1 1 1 1 1 1 1 1 1 1 1 1 1 1 12 12 12 1 12 1 12 1 1 12 12 12 12 12 12 7 12 12 12 12 1 12 1 1 12 1 1 1 1 12 12 12 1 7 12 12 12 7 12 100 12 12 7 12 12 1 15 16 15 16 12 7 12 1 12 12 7 1 12 12 1 1 1 12 12 12 12 1 12 1 1 12 12 12 12 1 100 12 12 12 12 12 12 12 12 12 1 12 12 12 12 1 12 12 12 12 12 12 12 7 12 12 12 12 12 12 12 12 12 12 12 12 12 12 12 12 12 12 1 1 12 1 12 1 12 100 12 12 12 12 12 1 12 12 1 12 12 12 12 12 1 12 12 12 12 12 1 12 12 12 12 1 12 12 12 12 12 12 12 1 12 12 12 12 12 12 12 1 7 12 12 12 12 7 12 12 12 1 12 12 1 1 12 12 12 12 12 12 100 12 7 12 12 12 12 12 12 1 12 12 1 12 12 100 12 12 12 100 12 12 12 12 1 12 12 12 12 12 1 12 12 12 1 12 12 7 12 7 12 12 12 12 12 12 12 12 12 12 12 1 12 1 12 7 12 12 1 12 12 12 12 12 12 1 12 12 12 12 12 12 12 12 12 1 7 1 1 1 1 12 12 12 12 1 12 1 1 1 12 7 12 12 1 12 1 12 12 1 1 1 12 12 12 1 12 1 1 12 12 12 1 12 12 100 12 7 12 12 12 12 12 12 12 12 12 12 12 12 1 12 7 12 12 1 12 7 12 12 12 12 1 12 12 12 100 12 12 100 12 12 12 1 12 12 1 12 1 1 1 1 1 100 1 1 1 1 1 1 1 1 1 1 1 1 1 1 1 1 1 1 1 1 1 1 1 1 1 1 1 1 1 1 1 1 1 1 1 1 1 1 1 1 10 1 1 1 1 1 1 1 1 1 1 1 1 1 1 1 1 1 1 1 1 1 1 1 1 1 1 1 1 1 1 1 1 1 1 1 1 1 1 1 1 1 1 1 1 1 1 1 1 1 1 1 1 1 1 1 1 1 1 1 1 1 1 1 1 1 1 1 1 1 1 1 1 1 1 1 1 1 1 1 1 1 1 1 1 1 1 1 1 1 1 1 1 1 1 1 1 1 1 1 1 1 1 1 1 1 1 1 1 1 1 1 1 1 1 1 1 1 1 1 1 1 1 1 1 1 1 1 1 1 1 1 1 1 1 1 1 1 1 1 1 1 1 1 1 1 1 1 1 1 1 1 1 1 1 1 1 1 1 1 1 1 1 1 1 1 1 1 1 1 1 1 1 1 1 1 100 12 1 1 100 1 1 100 1 1
staticfield java/lang/Class EMPTY_CLASS_ARRAY [Ljava/lang/Class; 0 [Ljava/lang/Class;
staticfield java/lang/Class serialPersistentFields [Ljava/io/ObjectStreamField; 0 [Ljava/io/ObjectStreamField;
ciInstanceKlass java/lang/Cloneable 1 0 7 100 100 1 1 1 1
instanceKlass net/bytebuddy/dynamic/loading/InjectionClassLoader
instanceKlass net/bytebuddy/utility/dispatcher/JavaDispatcher$DynamicClassLoader
instanceKlass org/hibernate/boot/registry/classloading/internal/AggregatedClassLoader
instanceKlass org/jvnet/hk2/internal/DelegatingClassLoader
instanceKlass jdk/internal/reflect/DelegatingClassLoader
instanceKlass java/security/SecureClassLoader
ciInstanceKlass java/lang/ClassLoader 1 1 1189 9 10 9 10 7 10 10 9 10 100 10 10 10 100 8 10 10 10 10 7 10 7 7 7 10 10 9 7 10 9 9 9 9 9 7 10 9 10 10 9 9 7 9 7 10 10 9 10 7 10 8 10 10 10 7 10 10 8 10 10 10 10 10 10 10 10 7 10 10 10 10 10 10 10 10 10 10 10 10 10 10 10 100 10 100 10 10 10 10 10 100 8 10 8 10 10 100 8 10 10 10 10 10 10 10 10 10 10 10 10 10 10 10 10 10 10 10 10 10 10 10 10 8 11 9 11 10 8 8 10 100 10 10 10 10 10 10 10 10 10 7 10 10 10 7 10 100 18 10 10 10 7 10 10 10 7 10 10 10 10 8 100 10 10 9 10 10 100 8 10 10 8 8 10 10 7 10 10 100 100 10 100 100 10 10 10 10 10 10 9 10 10 10 10 10 8 10 7 18 10 10 10 10 8 10 10 18 11 100 10 10 10 11 10 18 10 11 18 11 10 10 9 7 10 10 8 10 9 8 10 9 8 7 10 10 100 8 10 10 10 8 8 10 10 10 8 8 10 10 10 7 10 10 10 10 10 11 11 11 11 11 7 10 9 9 9 10 10 100 10 100 10 10 10 9 9 9 9 9 9 8 10 10 10 10 10 11 10 100 10 10 10 7 7 10 1 1 7 1 1 1 1 1 1 1 1 1 1 1 1 1 1 1 1 1 1 1 1 1 1 1 1 1 1 1 1 1 1 1 1 1 1 1 1 1 1 1 1 1 1 1 1 1 1 1 1 1 1 1 1 1 1 1 1 1 1 1 1 1 1 1 1 1 1 1 1 1 1 100 1 1 1 1 100 1 1 1 1 1 1 1 1 1 1 1 1 1 1 1 1 1 100 1 1 1 1 1 1 1 1 1 1 1 1 1 1 1 1 100 1 1 1 1 1 1 1 1 1 1 1 1 100 1 1 1 1 1 1 1 1 1 1 1 1 1 1 1 1 1 1 1 1 1 1 1 1 1 1 1 1 1 1 1 1 1 1 1 1 1 7 1 1 1 1 1 1 1 1 1 1 1 1 1 1 1 1 1 1 1 1 1 1 1 7 1 1 1 1 1 100 1 1 1 1 1 1 1 1 1 1 1 1 1 1 1 1 1 1 1 1 1 100 1 1 1 1 1 1 1 1 1 1 1 1 1 1 1 1 1 1 1 1 1 1 1 1 1 1 1 1 1 1 1 1 1 1 1 1 1 1 1 1 1 1 1 1 1 1 1 1 1 1 1 1 1 1 1 1 1 1 1 1 1 1 100 1 1 1 1 1 1 1 1 1 1 1 1 1 1 1 1 1 1 1 1 1 100 100 1 1 1 1 1 1 1 1 1 1 1 1 1 1 1 1 1 1 1 1 1 1 1 7 1 1 1 1 1 1 1 1 1 1 1 1 1 1 1 1 100 1 1 1 1 1 1 1 1 1 1 1 1 1 1 1 1 1 1 1 1 1 1 1 1 1 1 1 1 1 100 12 12 12 12 1 12 12 12 12 1 12 12 12 1 1 12 7 12 12 1 1 1 12 12 12 1 12 12 12 12 12 1 12 12 12 12 12 12 1 12 1 12 12 12 1 1 12 12 1 12 7 12 1 12 12 12 12 12 12 12 12 1 12 7 12 12 12 12 12 12 12 12 12 100 12 12 12 12 1 12 1 12 7 12 12 12 1 1 1 12 12 1 1 12 12 12 12 12 12 12 12 12 12 12 12 7 12 12 12 12 12 12 12 12 12 12 1 12 12 12 1 1 12 1 12 12 12 12 12 7 12 12 7 1 12 12 1 12 1 1 15 16 15 16 12 100 12 100 12 7 12 1 12 12 12 1 12 12 7 12 12 1 1 12 12 7 12 12 1 1 12 1 1 12 12 1 12 100 12 1 1 12 1 1 12 12 12 12 12 12 100 12 12 12 12 12 12 1 12 1 16 15 16 12 12 12 12 12 1 12 12 16 15 16 12 12 1 12 12 12 15 12 7 12 16 15 16 12 12 12 12 12 1 12 12 1 12 12 1 12 12 1 1 12 1 1 12 12 1 1 12 12 100 12 1 1 100 12 12 1 12 12 12 12 12 12 12 12 1 12 12 12 12 12 12 1 1 12 12 12 12 12 12 12 12 12 12 7 12 12 12 12 12 100 12 1 12 12 12 1 1 1 1 1 1 1 1 1 1 1 1 1 1 1 1 1 1 1 1 1 1 1 1 1 1 1 1 1 1 1 1 1 1 1 1 1 1 1 1 1 1 1 1 1 1 1 1 1 1 1 1 1 1 1 1 1 1 1 1 1 1 1 1 1 1 1 1 1 1 1 1 1 1 1 1 1 1 1 1 1 1 1 1 1 1 1 1 1 1 1 1 1 1 1 1 10 1 10 1 1 1 1 1 1 1 1 1 1 1 1 1 1 1 1 1 1 1 1 1 1 1 1 1 1 1 1 1 1 1 1 1 1 1 1 1 1 1 1 1 1 1 1 10 1 1 1 1 1 1 1 1 10 1 1 1 1 1 10 1 1 1 10 1 1 1 1 1 1 1 1 1 1 1 1 1 1 1 1 1 1 1 1 1 1 1 1 1 1 1 1 1 1 1 1 1 1 1 1 1 1 1 1 1 1 7 12 12 12 12 12 12 1 1 100 1 1 100 1 1
staticfield java/lang/ClassLoader nocerts [Ljava/security/cert/Certificate; 0 [Ljava/security/cert/Certificate;
staticfield java/lang/ClassLoader loadedLibraryNames Ljava/util/Set; java/util/HashSet
staticfield java/lang/ClassLoader $assertionsDisabled Z 1
ciInstanceKlass java/lang/System 1 1 632 10 10 10 10 10 9 7 10 11 10 10 10 100 8 10 10 9 100 8 10 10 8 10 100 10 8 10 10 100 10 10 10 9 9 7 10 10 10 10 10 10 10 100 100 8 10 10 7 10 100 8 10 8 10 100 8 10 100 10 8 10 10 10 8 10 10 10 100 8 10 10 10 100 18 100 9 10 100 10 10 10 10 10 10 10 10 7 7 10 10 100 10 10 100 8 10 9 9 10 10 10 10 8 10 10 8 10 10 8 10 7 9 10 7 9 10 9 7 10 8 10 8 10 10 10 10 10 10 10 10 9 100 8 10 8 10 10 8 100 10 10 8 8 10 10 7 10 10 10 10 10 8 10 10 10 10 8 10 10 10 7 10 10 10 9 100 1 1 1 1 1 1 1 1 1 1 1 1 1 1 1 1 1 1 1 1 1 1 1 1 1 1 1 1 1 1 1 1 1 1 1 100 100 1 1 1 7 1 1 1 1 1 1 1 1 1 1 1 1 1 1 1 1 1 1 1 1 1 1 1 1 1 1 1 1 1 1 1 1 1 1 1 1 1 1 1 1 1 1 1 1 1 1 1 1 1 1 1 1 1 1 1 1 1 1 1 1 1 1 1 1 1 1 1 1 1 1 1 1 1 1 1 1 1 1 1 1 1 1 1 100 1 1 1 1 1 1 1 1 1 1 1 1 1 1 1 1 1 100 1 1 1 1 1 1 1 100 12 12 12 12 12 12 1 7 12 100 12 100 12 12 12 1 1 12 12 12 1 1 12 100 12 1 12 1 12 12 12 1 12 100 12 12 12 12 1 12 7 12 12 12 12 12 1 1 1 12 12 1 12 1 1 1 12 1 1 1 1 12 12 7 12 1 12 7 12 7 12 1 1 12 7 12 1 1 15 16 15 16 12 1 12 12 1 12 12 7 12 12 12 12 12 12 1 1 12 12 1 12 7 12 1 1 12 12 12 12 12 12 1 12 12 1 12 12 1 7 12 1 7 12 12 1 12 12 1 12 1 12 1 7 12 12 7 12 12 7 12 12 12 7 12 12 1 1 12 1 12 1 1 12 1 1 7 12 12 1 12 12 12 100 12 1 12 12 1 12 12 12 1 12 12 12 1 1 1 1 1 1 1 1 1 1 1 1 1 1 1 1 1 1 1 1 1 1 1 1 1 1 1 1 1 1 1 1 1 1 1 1 1 1 1 1 1 1 1 1 1 1 1 1 1 1 1 1 10 1 10 1 1 1 1 1 1 1 1 1 1 1 1 1 1 1 1 1 1 1 1 1 1 1 1 1 1 1 1 1 1 1 1 1 1 1 1 1 1 1 1 1 1 1 1 1 1 1 1 1 1 1 1 1 1 1 1 1 1 1 1 1 1 1 1 1 1 1 1 1 1 1 1 100 12 12 1 1 100 1 1 100 1 1
staticfield java/lang/System in Ljava/io/InputStream; java/io/BufferedInputStream
staticfield java/lang/System out Ljava/io/PrintStream; java/io/PrintStream
staticfield java/lang/System err Ljava/io/PrintStream; java/io/PrintStream
instanceKlass java/lang/Exception
instanceKlass java/lang/Error
ciInstanceKlass java/lang/Throwable 1 1 395 10 9 9 9 9 9 10 9 10 10 100 100 10 8 10 8 10 10 10 100 8 10 10 10 10 8 9 10 100 10 10 100 10 10 11 10 10 10 8 10 10 7 8 8 10 10 8 8 9 10 100 10 11 8 8 10 8 10 8 100 10 9 10 10 7 9 10 10 100 8 10 10 10 10 100 10 10 11 11 11 8 8 10 10 10 9 8 7 10 10 100 8 10 11 8 9 10 11 9 11 100 10 7 10 100 1 1 1 100 1 100 1 1 1 1 5 0 1 1 1 1 1 1 1 1 1 1 1 1 1 1 1 1 1 1 1 1 1 1 1 1 1 1 1 1 1 1 1 1 1 1 1 100 1 1 1 1 1 1 1 1 1 1 1 1 1 1 1 1 1 1 1 1 1 1 1 1 1 1 100 1 1 1 1 1 1 1 1 1 1 1 1 1 1 1 1 1 1 1 1 1 1 1 1 1 1 1 1 1 1 1 100 100 100 1 100 100 1 1 1 1 1 1 1 1 1 1 1 1 1 1 1 1 1 12 12 12 12 12 12 12 12 12 12 1 1 1 12 1 100 12 12 1 1 12 7 12 12 1 100 12 12 1 12 12 1 7 12 12 12 12 12 1 12 12 1 1 1 12 12 1 1 12 100 12 1 12 1 1 12 1 12 1 1 12 12 12 7 12 12 12 7 1 1 12 12 100 12 1 100 12 12 12 12 12 1 1 100 12 1 1 12 1 1 12 1 12 100 12 12 12 12 1 12 1 1 1 1 1 1 1 1 1 1 1 1 1 1 1 1 1 1 1 1 1 1 1 1 1 1 1 1 1 1 1 1 1 1 1 1 1 1 1 1 1 1 1 1 1 1 1 1 1 1 1 1 1 1 1 1 1 1 1 1
staticfield java/lang/Throwable UNASSIGNED_STACK [Ljava/lang/StackTraceElement; 0 [Ljava/lang/StackTraceElement;
staticfield java/lang/Throwable SUPPRESSED_SENTINEL Ljava/util/List; java/util/Collections$EmptyList
staticfield java/lang/Throwable EMPTY_THROWABLE_ARRAY [Ljava/lang/Throwable; 0 [Ljava/lang/Throwable;
staticfield java/lang/Throwable $assertionsDisabled Z 1
instanceKlass org/glassfish/jersey/internal/guava/ExecutionError
instanceKlass javax/xml/parsers/FactoryConfigurationError
instanceKlass java/util/ServiceConfigurationError
instanceKlass org/glassfish/jersey/internal/ServiceConfigurationError
instanceKlass java/lang/AssertionError
instanceKlass java/lang/VirtualMachineError
instanceKlass java/lang/LinkageError
instanceKlass java/lang/ThreadDeath
ciInstanceKlass java/lang/Error 1 1 40 10 10 10 10 10 100 7 1 1 1 5 0 1 1 1 1 1 1 1 1 1 1 1 1 1 1 1 1 1 1 1 1 12 12 12 12 12 1 1
ciInstanceKlass java/lang/ThreadDeath 0 0 21 10 100 100 1 1 1 5 0 1 1 1 1 1 1 1 1 1 12 1 1
instanceKlass javax/security/auth/callback/UnsupportedCallbackException
instanceKlass javax/xml/stream/XMLStreamException
instanceKlass jakarta/transaction/SystemException
instanceKlass java/sql/SQLException
instanceKlass org/glassfish/jaxb/runtime/v2/model/impl/ClassInfoImpl$DuplicateException
instanceKlass org/glassfish/jaxb/runtime/v2/model/impl/ClassInfoImpl$ConflictException
instanceKlass jakarta/activation/MimeTypeParseException
instanceKlass org/glassfish/jaxb/runtime/api/AccessorException
instanceKlass jakarta/xml/bind/JAXBException
instanceKlass java/lang/CloneNotSupportedException
instanceKlass sun/security/pkcs11/wrapper/PKCS11Exception
instanceKlass java/text/ParseException
instanceKlass javax/xml/parsers/ParserConfigurationException
instanceKlass javax/xml/transform/TransformerException
instanceKlass java/lang/instrument/IllegalClassFormatException
instanceKlass org/apache/catalina/connector/CoyoteAdapter$RecycleRequiredException
instanceKlass javax/management/modelmbean/InvalidTargetObjectTypeException
instanceKlass java/util/concurrent/TimeoutException
instanceKlass jakarta/servlet/ServletException
instanceKlass org/xml/sax/SAXException
instanceKlass org/ietf/jgss/GSSException
instanceKlass java/security/GeneralSecurityException
instanceKlass javax/management/JMException
instanceKlass java/net/URISyntaxException
instanceKlass javax/naming/NamingException
instanceKlass java/util/concurrent/ExecutionException
instanceKlass java/lang/InterruptedException
instanceKlass org/apache/catalina/LifecycleException
instanceKlass java/security/PrivilegedActionException
instanceKlass java/io/IOException
instanceKlass java/lang/ReflectiveOperationException
instanceKlass java/lang/RuntimeException
ciInstanceKlass java/lang/Exception 1 1 40 10 10 10 10 10 100 7 1 1 1 5 0 1 1 1 1 1 1 1 1 1 1 1 1 1 1 1 1 1 1 1 1 12 12 12 12 12 1 1
instanceKlass org/antlr/v4/runtime/RecognitionException
instanceKlass jakarta/el/ELException
instanceKlass org/hibernate/SessionFactory$TransactionManagementException
instanceKlass com/mysql/cj/exceptions/CJException
instanceKlass java/time/DateTimeException
instanceKlass org/hibernate/AssertionFailure
instanceKlass org/hibernate/NotYetImplementedFor6Exception
instanceKlass com/sun/org/apache/xerces/internal/xni/XNIException
instanceKlass java/lang/TypeNotPresentException
instanceKlass org/hibernate/boot/jaxb/internal/stax/JpaOrmXmlEventReader$BadVersionException
instanceKlass jakarta/persistence/PersistenceException
instanceKlass jakarta/validation/ValidationException
instanceKlass org/jvnet/mimepull/MIMEParsingException
instanceKlass org/glassfish/jersey/internal/guava/CacheLoader$InvalidCacheLoadException
instanceKlass org/glassfish/jersey/internal/guava/UncheckedExecutionException
instanceKlass java/lang/reflect/MalformedParameterizedTypeException
instanceKlass org/glassfish/hk2/utilities/cache/ComputationErrorException
instanceKlass org/glassfish/hk2/api/HK2RuntimeException
instanceKlass jakarta/ws/rs/WebApplicationException
instanceKlass org/glassfish/jersey/server/model/ModelValidationException
instanceKlass java/nio/BufferOverflowException
instanceKlass org/apache/tomcat/util/threads/StopPooledThreadException
instanceKlass java/security/ProviderException
instanceKlass java/lang/reflect/UndeclaredThrowableException
instanceKlass java/lang/IndexOutOfBoundsException
instanceKlass java/util/ConcurrentModificationException
instanceKlass java/lang/reflect/InaccessibleObjectException
instanceKlass java/util/EmptyStackException
instanceKlass org/glassfish/jersey/internal/Errors$ErrorMessagesException
instanceKlass java/util/NoSuchElementException
instanceKlass org/glassfish/jersey/server/internal/scanning/ResourceFinderException
instanceKlass jakarta/ws/rs/core/UriBuilderException
instanceKlass jakarta/ws/rs/ProcessingException
instanceKlass org/apache/tomcat/util/bcel/classfile/ClassFormatException
instanceKlass javax/management/JMRuntimeException
instanceKlass org/apache/coyote/ProtocolException
instanceKlass java/util/concurrent/RejectedExecutionException
instanceKlass org/apache/juli/logging/LogConfigurationException
instanceKlass java/lang/UnsupportedOperationException
instanceKlass java/util/MissingResourceException
instanceKlass java/lang/IllegalStateException
instanceKlass java/lang/SecurityException
instanceKlass java/lang/IllegalArgumentException
instanceKlass java/lang/ArithmeticException
instanceKlass java/lang/NullPointerException
instanceKlass java/lang/IllegalMonitorStateException
instanceKlass java/lang/ArrayStoreException
instanceKlass java/lang/ClassCastException
ciInstanceKlass java/lang/RuntimeException 1 1 40 10 10 10 10 10 100 7 1 1 1 5 0 1 1 1 1 1 1 1 1 1 1 1 1 1 1 1 1 1 1 1 1 12 12 12 12 12 1 1
ciInstanceKlass java/lang/SecurityManager 0 0 572 10 9 100 10 100 8 10 10 10 10 100 10 100 10 9 10 10 10 100 8 10 9 9 8 9 100 10 8 10 10 10 100 10 10 100 100 8 10 8 8 8 8 8 8 10 8 8 8 8 8 10 10 8 100 8 10 8 8 8 8 8 10 8 100 8 8 10 8 8 10 100 8 10 10 100 10 10 10 10 10 10 11 18 11 18 11 18 18 11 18 11 9 9 9 9 100 10 10 10 18 18 10 18 10 18 18 8 10 9 11 8 100 10 10 10 9 10 10 8 100 10 9 8 8 100 10 10 10 9 11 10 11 10 100 100 10 10 10 1 1 1 1 1 1 1 1 1 1 1 1 1 1 1 1 1 1 1 1 1 1 1 1 1 1 100 1 1 1 1 1 1 1 1 1 1 1 1 1 1 1 100 1 1 1 1 1 1 1 1 1 1 1 1 1 1 1 1 1 1 1 1 1 1 1 1 1 1 1 1 1 1 1 1 1 1 1 1 1 1 1 1 1 1 1 1 1 1 1 1 1 1 1 1 1 1 1 1 1 1 100 1 1 1 1 1 1 1 1 1 1 1 1 1 1 1 1 1 1 1 1 1 1 1 1 1 1 1 1 100 1 1 1 1 100 1 1 1 1 1 1 1 1 1 1 1 12 12 1 100 12 1 1 12 12 100 12 1 1 12 100 12 12 12 1 1 12 12 1 12 1 1 12 12 12 1 12 1 1 1 12 1 1 1 1 1 1 12 1 1 1 1 1 12 12 1 1 1 1 1 1 1 1 100 12 1 1 1 1 1 1 12 1 1 12 1 12 12 12 100 12 12 100 12 100 12 1 15 16 15 16 12 100 12 16 15 16 12 12 15 16 15 16 12 16 15 16 12 12 12 12 12 12 1 100 12 12 12 15 16 12 15 16 100 12 15 12 12 15 16 15 16 1 12 12 100 12 1 1 12 12 12 12 12 12 1 1 12 1 1 1 12 100 12 12 12 12 12 1 1 12 12 1 1 1 1 1 1 1 1 1 1 1 1 1 1 1 1 1 1 1 1 1 1 1 1 1 1 1 1 1 1 1 1 1 1 1 1 1 1 1 1 1 1 1 1 1 1 10 1 10 1 1 1 1 1 1 10 1 1 1 1 1 10 11 1 1 1 10 1 1 1 1 1 1 10 1 10 1 1 1 11 1 1 10 10 1 1 1 1 1 1 1 1 1 1 1 1 1 1 1 1 1 1 1 1 100 12 100 12 12 12 100 12 12 12 12 12 1 1 100 1 1 1 1 1 1 1 1 100 1 1
ciInstanceKlass java/security/ProtectionDomain 1 1 327 10 9 7 10 9 9 9 10 7 9 9 7 9 9 10 100 10 10 10 10 9 9 10 7 10 100 10 8 100 8 10 10 10 10 8 11 8 10 8 8 10 10 10 10 8 10 8 8 10 9 10 9 10 100 100 10 10 7 10 100 10 10 11 11 100 11 10 10 11 11 10 10 10 11 10 8 8 10 7 10 10 7 1 1 100 1 1 1 1 1 1 1 1 1 1 1 1 1 1 1 1 1 1 1 1 1 1 1 1 100 1 100 1 1 1 1 1 1 1 1 1 1 1 1 1 1 1 1 1 1 1 100 1 1 1 1 1 1 1 1 1 7 1 1 1 100 1 1 1 1 1 1 1 1 1 1 1 1 1 1 1 1 1 1 1 1 1 100 100 100 100 1 1 1 1 1 100 12 12 1 12 12 12 12 12 1 12 12 1 12 12 100 12 100 12 12 12 12 100 12 12 1 1 12 1 1 1 12 12 12 1 1 12 1 1 12 12 12 12 1 12 1 1 100 12 12 12 100 12 12 1 1 100 12 1 1 12 12 12 12 1 12 12 12 12 12 12 100 12 12 12 1 1 7 12 1 7 12 1 1 1 1 1 1 1 1 1 1 1 1 1 1 1 1 1 1 1 1 1 1 1 1 1 1 1 1 1 1 1 1 1 1 1 1 1 1 1 1 1 1 1 1 1 1 1 1 1 1 1 1 1 1 1 1 1 1 1 1 1 1 1 1 1 1 1 1
staticfield java/security/ProtectionDomain filePermCompatInPD Z 0
ciInstanceKlass java/security/AccessControlContext 1 1 367 9 9 10 8 10 10 9 9 9 10 7 100 10 11 11 11 11 7 11 10 10 9 10 11 10 7 100 8 10 10 7 10 9 9 9 9 9 9 9 10 9 10 10 8 10 10 10 100 10 10 10 10 8 10 8 10 8 8 10 8 10 8 10 10 10 8 8 100 10 10 100 10 8 10 10 10 8 10 10 10 7 10 10 10 10 10 10 10 10 7 1 1 1 1 1 1 1 1 1 1 1 1 1 1 1 1 1 1 1 1 1 1 1 1 1 1 1 1 1 1 1 1 1 1 100 1 1 1 1 1 1 100 1 1 1 1 1 1 100 1 1 1 1 1 1 1 1 100 1 1 1 1 1 1 1 1 1 1 1 1 1 1 100 1 1 1 1 1 1 1 1 1 1 1 1 1 1 1 1 1 1 1 1 1 1 1 1 1 1 1 1 1 1 1 1 1 1 1 1 1 1 1 1 1 1 1 1 1 1 1 1 1 1 12 12 100 12 1 100 12 12 12 12 12 7 12 1 12 12 12 12 12 1 12 12 7 12 100 12 12 12 1 1 1 12 12 1 7 12 12 12 12 12 12 12 12 7 12 12 12 12 1 12 12 100 12 1 12 100 12 1 12 1 100 12 1 1 12 1 12 1 12 12 12 1 1 1 12 12 1 12 1 12 12 1 12 12 12 1 12 12 12 12 12 12 1 1 1 1 1 1 1 1 1 1 1 1 1 1 1 1 1 1 1 1 1 1 1 1 1 1 1 1 1 1 1 1 1 1 1 1 1 1 1 1 1 1 1 1 1 1 1 1 1 1 1 1 1 1 1 1 1 1 1 1 1
ciInstanceKlass java/security/AccessController 1 1 292 10 10 10 10 10 10 10 10 10 10 100 8 10 10 10 10 7 7 10 10 10 10 10 10 9 10 10 7 10 9 10 10 9 10 100 10 11 10 11 7 10 10 10 8 10 8 10 8 100 10 10 10 10 10 8 10 8 8 10 8 10 10 7 10 100 100 1 1 100 1 1 1 1 1 1 1 1 1 1 1 1 1 1 1 1 1 1 1 1 1 1 1 1 1 1 1 1 1 1 1 1 1 1 1 1 7 100 1 1 1 1 1 1 1 7 1 1 1 1 1 1 1 1 1 1 100 1 1 1 1 1 1 1 1 1 1 1 1 1 1 1 1 1 1 1 1 1 1 1 1 1 1 1 1 1 1 1 1 1 1 1 1 1 1 1 1 1 1 100 100 7 1 1 1 1 12 7 12 12 12 12 12 12 12 12 12 1 1 12 12 12 12 1 1 12 12 12 12 7 12 12 100 12 12 12 1 12 12 12 12 12 1 7 12 7 12 1 12 12 12 1 12 1 12 1 1 12 12 12 12 100 12 1 1 12 1 12 12 1 12 1 1 1 1 1 1 1 1 1 1 1 1 1 1 1 1 1 1 1 1 1 1 1 1 1 1 1 1 1 1 1 1 1 1 1 1 1 1 1 1 1 1 1 1 1 1 1 1 1 1 1
staticfield java/security/AccessController $assertionsDisabled Z 1
instanceKlass java/net/URLClassLoader
instanceKlass jdk/internal/loader/BuiltinClassLoader
ciInstanceKlass java/security/SecureClassLoader 1 1 127 10 7 10 9 10 10 9 10 10 10 10 10 10 7 10 7 10 7 10 11 7 100 8 10 10 7 7 1 1 7 1 1 1 1 1 1 1 1 1 1 1 1 1 1 1 1 1 1 1 100 1 1 1 1 100 1 1 1 1 1 1 1 1 1 1 1 1 1 1 1 1 1 1 1 1 1 1 1 1 1 12 1 12 12 7 12 12 12 12 12 12 12 12 12 1 1 12 1 12 7 12 1 1 1 12 12 1 1 1 1 1 1 1 1 1 1 1 1 1 1 1 1 1 1 1 1
instanceKlass java/lang/InstantiationException
instanceKlass java/lang/IllegalAccessException
instanceKlass java/lang/reflect/InvocationTargetException
instanceKlass java/lang/NoSuchFieldException
instanceKlass java/lang/NoSuchMethodException
instanceKlass java/lang/ClassNotFoundException
ciInstanceKlass java/lang/ReflectiveOperationException 1 1 34 10 10 10 10 100 7 1 1 1 5 0 1 1 1 1 1 1 1 1 1 1 1 1 1 1 1 1 12 12 12 12 1 1
ciInstanceKlass java/lang/ClassNotFoundException 1 1 37 100 10 10 9 100 7 1 1 1 5 0 1 1 1 1 1 1 1 1 1 1 1 1 1 1 1 1 1 1 1 12 12 12 1 1 1
instanceKlass java/lang/ExceptionInInitializerError
instanceKlass java/lang/UnsatisfiedLinkError
instanceKlass java/lang/ClassFormatError
instanceKlass java/lang/IncompatibleClassChangeError
instanceKlass java/lang/BootstrapMethodError
instanceKlass java/lang/NoClassDefFoundError
ciInstanceKlass java/lang/LinkageError 1 1 31 10 10 10 100 7 1 1 1 5 0 1 1 1 1 1 1 1 1 1 1 1 1 1 1 1 12 12 12 1 1
ciInstanceKlass java/lang/NoClassDefFoundError 0 0 26 10 10 100 100 1 1 1 5 0 1 1 1 1 1 1 1 1 1 1 1 1 12 12 1 1
ciInstanceKlass java/lang/ClassCastException 1 1 26 10 10 100 100 1 1 1 5 0 1 1 1 1 1 1 1 1 1 1 1 1 12 12 1 1
ciInstanceKlass java/lang/ArrayStoreException 1 1 26 10 10 100 100 1 1 1 5 0 1 1 1 1 1 1 1 1 1 1 1 1 12 12 1 1
instanceKlass java/lang/InternalError
instanceKlass java/lang/StackOverflowError
instanceKlass java/lang/OutOfMemoryError
ciInstanceKlass java/lang/VirtualMachineError 1 1 34 10 10 10 10 100 7 1 1 1 5 0 1 1 1 1 1 1 1 1 1 1 1 1 1 1 1 1 12 12 12 12 1 1
ciInstanceKlass java/lang/OutOfMemoryError 1 1 26 10 10 100 100 1 1 1 5 0 1 1 1 1 1 1 1 1 1 1 1 1 12 12 1 1
ciInstanceKlass java/lang/StackOverflowError 1 1 26 10 10 100 100 1 1 1 5 0 1 1 1 1 1 1 1 1 1 1 1 1 12 12 1 1
ciInstanceKlass java/lang/IllegalMonitorStateException 1 1 26 10 10 100 100 1 1 1 5 0 1 1 1 1 1 1 1 1 1 1 1 1 12 12 1 1
instanceKlass java/lang/ref/PhantomReference
instanceKlass java/lang/ref/FinalReference
instanceKlass java/lang/ref/WeakReference
instanceKlass java/lang/ref/SoftReference
ciInstanceKlass java/lang/ref/Reference 1 1 159 10 9 10 9 9 7 10 10 9 9 10 10 10 9 9 100 10 10 10 7 10 10 10 7 8 10 7 10 10 10 7 10 10 7 1 1 1 1 1 1 1 1 1 1 1 1 1 1 1 1 1 1 1 1 1 1 1 1 1 1 1 1 1 1 1 1 1 1 100 1 1 100 1 1 1 1 1 1 1 1 1 1 1 1 1 1 7 1 1 1 1 1 1 1 1 1 7 1 1 1 1 12 12 12 12 12 1 12 12 12 12 12 12 12 12 12 1 12 12 1 12 12 12 1 1 12 1 12 12 12 1 7 12 1 1 1 1 1 1 1 1 1 1 1 1 1 1 1 1 1 1 1 1 1 1 1 1 1
staticfield java/lang/ref/Reference processPendingLock Ljava/lang/Object; java/lang/Object
instanceKlass org/hibernate/validator/internal/util/ConcurrentReferenceHashMap$SoftValueReference
instanceKlass org/hibernate/validator/internal/util/ConcurrentReferenceHashMap$SoftKeyReference
instanceKlass sun/security/util/MemoryCache$SoftCacheEntry
instanceKlass sun/util/locale/provider/LocaleResources$ResourceReference
instanceKlass sun/util/resources/Bundles$BundleReference
instanceKlass java/util/ResourceBundle$BundleReference
instanceKlass sun/util/locale/LocaleObjectCache$CacheEntry
instanceKlass jdk/internal/ref/SoftCleanable
instanceKlass java/lang/invoke/LambdaFormEditor$Transform
ciInstanceKlass java/lang/ref/SoftReference 1 1 47 10 9 9 10 10 7 7 1 1 1 1 1 1 1 1 1 1 1 1 1 1 1 1 1 1 1 1 1 1 1 1 1 1 100 1 1 1 1 12 12 12 12 12 1 1 1
instanceKlass net/bytebuddy/TypeCache$StorageKey
instanceKlass org/glassfish/hk2/utilities/general/Hk2ThreadLocal$Key
instanceKlass java/lang/WeakPairMap$WeakRefPeer
instanceKlass org/apache/tomcat/util/collections/ManagedConcurrentWeakHashMap$Key
instanceKlass com/sun/jmx/mbeanserver/WeakIdentityHashMap$IdentityWeakReference
instanceKlass java/util/logging/LogManager$LoggerWeakRef
instanceKlass java/util/logging/Level$KnownLevel
instanceKlass java/util/ResourceBundle$KeyElementReference
instanceKlass java/lang/ClassValue$Entry
instanceKlass java/lang/ThreadLocal$ThreadLocalMap$Entry
instanceKlass jdk/internal/ref/WeakCleanable
instanceKlass java/lang/invoke/MethodType$ConcurrentWeakInternSet$WeakEntry
instanceKlass java/util/WeakHashMap$Entry
ciInstanceKlass java/lang/ref/WeakReference 1 1 31 10 10 100 7 1 1 1 1 1 1 1 1 1 1 1 1 1 1 1 1 1 1 1 1 1 1 12 12 1 1
instanceKlass java/lang/ref/Finalizer
ciInstanceKlass java/lang/ref/FinalReference 1 1 36 10 100 8 10 100 7 1 1 1 1 1 1 1 1 1 1 1 1 1 1 1 1 1 1 1 1 1 1 12 1 1 12 1 1 1
instanceKlass com/mysql/cj/jdbc/AbandonedConnectionCleanupThread$ConnectionFinalizerPhantomReference
instanceKlass jdk/internal/ref/PhantomCleanable
instanceKlass jdk/internal/ref/Cleaner
ciInstanceKlass java/lang/ref/PhantomReference 1 1 30 10 100 7 1 1 1 1 1 1 1 1 1 1 1 1 1 1 1 1 1 1 1 1 1 1 1 12 1 1
ciInstanceKlass java/lang/ref/Finalizer 1 1 139 9 10 9 9 9 9 7 10 10 7 11 100 10 100 10 10 10 100 10 10 7 10 7 10 10 10 10 7 10 7 10 10 10 7 1 1 1 1 1 1 1 1 1 1 1 1 1 1 1 1 1 1 1 1 1 1 1 1 1 1 1 1 1 1 1 1 1 1 1 1 1 1 1 1 7 1 1 1 1 12 12 12 12 12 12 1 12 12 1 7 12 1 12 1 12 100 12 100 12 1 12 12 1 1 12 12 12 1 12 1 12 12 12 1 1 1 1 1 1 1 1 1 1 1 1 1 1 1 1 1 1 1 1 1 1 1 1 1
staticfield java/lang/ref/Finalizer lock Ljava/lang/Object; java/lang/Object
instanceKlass org/apache/tomcat/util/threads/TaskThread
instanceKlass java/util/logging/LogManager$Cleaner
instanceKlass com/intellij/rt/execution/application/AppMainV2$1
instanceKlass jdk/internal/misc/InnocuousThread
instanceKlass java/lang/ref/Finalizer$FinalizerThread
instanceKlass java/lang/ref/Reference$ReferenceHandler
ciInstanceKlass java/lang/Thread 1 1 592 9 9 10 9 9 100 8 10 3 8 3 10 10 9 9 9 9 7 100 8 10 9 10 10 10 10 10 10 9 10 10 9 10 10 9 10 9 10 9 9 10 10 9 10 9 100 10 7 10 8 10 10 10 10 10 10 9 100 10 10 10 10 100 11 9 10 10 10 9 10 9 10 100 10 10 10 11 10 10 10 7 10 10 10 10 10 10 10 10 10 10 100 8 10 10 10 8 10 8 10 8 8 10 10 100 8 10 9 9 10 10 10 9 10 100 10 11 9 9 10 100 10 11 100 10 10 11 10 100 10 10 10 8 9 10 11 10 11 10 7 7 1 1 100 1 100 1 100 1 1 1 1 1 1 1 1 1 1 1 1 1 1 1 1 1 1 1 1 100 1 1 1 1 1 1 1 1 1 1 1 1 1 1 1 3 1 3 1 3 1 1 1 1 1 1 1 1 1 1 1 1 1 1 1 1 1 1 1 1 1 1 1 1 1 1 1 100 1 1 1 1 1 1 1 100 1 1 1 1 1 1 1 1 1 1 1 1 1 7 100 100 100 1 1 1 1 1 1 1 1 1 1 1 1 1 1 1 1 1 1 1 1 1 1 1 1 1 1 1 1 1 1 1 1 1 1 1 1 1 1 1 1 1 1 1 1 1 1 1 1 1 1 1 1 1 1 1 1 1 1 1 1 1 1 1 1 1 1 1 1 1 1 100 100 1 1 1 1 1 1 1 1 1 100 100 1 1 1 1 1 1 1 1 1 1 1 1 1 1 1 1 1 1 1 1 1 1 1 1 1 1 1 1 1 1 1 1 1 1 1 1 1 1 1 1 1 1 100 1 1 1 1 1 1 1 1 1 1 1 1 12 12 12 12 12 1 1 12 1 12 12 12 12 12 12 1 1 1 12 7 12 12 12 12 12 100 12 12 12 12 12 12 12 12 12 7 12 12 12 12 7 12 12 12 12 1 1 1 12 12 12 12 12 12 12 1 12 12 12 1 12 100 12 12 12 12 12 12 12 1 12 12 12 12 12 12 1 12 12 12 12 12 12 12 12 12 1 1 12 12 1 12 1 1 1 100 12 100 12 1 12 12 12 12 12 12 1 12 12 12 12 12 1 12 100 12 1 12 12 12 12 1 12 12 7 12 12 12 12 100 12 12 12 1 1 1 1 1 1 1 1 1 1 1 1 1 1 1 1 1 1 1 1 1 1 1 1 1 1 1 1 1 1 1 1 1 1 1 1 1 1 1 1 1 1 1 1 1 1 1 1 1 1 1 1 1 1 1 1 1 1 1 1 1 1 1 1 1 1 1 1 1 1 1 1 1 1 1 1 1 1
staticfield java/lang/Thread EMPTY_STACK_TRACE [Ljava/lang/StackTraceElement; 0 [Ljava/lang/StackTraceElement;
ciInstanceKlass java/lang/ThreadGroup 1 1 289 10 9 8 9 7 9 9 10 10 10 10 10 9 10 10 9 10 9 9 10 100 10 10 10 9 10 10 9 10 10 10 10 10 10 10 10 10 10 10 100 10 10 10 7 10 7 10 9 10 8 10 10 10 10 11 100 9 100 10 8 10 10 8 10 10 10 10 8 10 8 10 8 7 100 1 1 1 1 1 1 1 1 1 1 1 1 1 1 1 1 1 1 1 1 1 1 1 1 1 1 1 1 1 1 1 1 1 1 1 1 1 1 1 1 1 1 1 1 1 1 1 100 1 1 1 1 1 1 100 1 1 1 1 1 1 1 1 1 1 1 1 1 1 1 1 1 1 1 1 1 1 1 1 1 1 1 1 1 1 1 1 1 1 1 1 1 1 1 1 1 1 1 100 1 1 1 1 1 1 1 1 1 1 1 1 1 12 12 1 12 1 12 12 12 12 12 12 12 12 12 12 12 100 12 12 12 7 12 12 7 12 12 12 12 12 12 12 12 12 12 12 12 12 12 12 1 12 12 1 12 12 12 12 1 12 12 12 12 1 12 1 1 12 12 1 12 12 12 100 1 1 12 1 1 1 1 1 1 1 1 1 1 1 1 1 1 1 1 1 1 1 1 1 1 1 1 1 1 1 1 1 1 1 1 1 1 1 1
instanceKlass java/util/Hashtable
ciInstanceKlass java/util/Dictionary 1 1 36 10 100 7 1 1 1 1 1 1 1 1 1 1 1 1 1 1 1 1 1 1 1 1 1 1 1 1 1 1 1 1 1 12 1 1
instanceKlass java/util/Properties
ciInstanceKlass java/util/Hashtable 1 1 512 100 10 9 100 100 10 8 10 10 10 10 10 8 10 9 7 9 7 4 10 9 4 10 11 10 10 9 10 100 10 9 10 9 10 10 3 9 9 3 10 10 10 11 11 11 11 100 11 11 10 10 10 9 9 9 10 100 100 10 10 8 10 10 8 10 8 10 7 10 10 100 10 10 100 10 100 10 10 100 11 11 100 10 10 10 11 100 10 11 11 10 10 10 10 10 10 10 8 10 100 8 10 4 10 4 10 8 10 10 100 11 10 10 10 10 7 100 100 1 1 1 100 1 1 1 1 1 1 1 1 1 1 1 1 1 1 1 1 1 5 0 1 1 1 1 1 1 1 1 1 1 3 1 3 1 3 1 1 1 1 1 1 1 1 1 1 1 1 1 1 1 1 1 1 1 1 1 1 1 1 1 1 1 1 1 1 1 1 1 1 1 1 1 1 1 100 1 1 1 1 1 7 1 1 1 1 1 1 1 1 1 1 1 1 1 1 1 1 1 1 1 1 1 1 1 1 1 100 1 1 1 1 1 1 1 1 1 1 1 1 1 1 1 1 1 100 1 1 1 1 1 1 1 1 1 1 1 1 1 1 1 1 1 1 1 1 1 1 1 1 1 1 1 1 1 1 100 1 1 1 1 1 1 1 100 1 1 1 1 1 1 1 1 1 1 1 1 1 100 1 1 1 1 1 1 1 1 1 1 1 1 1 1 1 100 1 1 1 100 100 1 1 1 1 1 1 100 1 1 100 1 1 1 1 1 1 1 1 1 1 1 1 12 12 1 1 1 12 12 12 12 7 12 1 12 12 1 12 1 7 12 12 12 12 12 12 12 12 1 12 12 12 12 12 12 12 12 12 12 12 100 12 12 12 1 12 12 12 12 12 12 12 12 1 1 12 1 12 1 1 100 12 1 12 12 1 12 12 1 1 12 1 12 12 1 100 12 12 1 12 12 12 12 12 12 12 12 100 12 12 1 1 12 12 1 12 100 12 1 100 12 12 12 12 1 1 1 1 1 1 1 1 1 1 1 1 1 1 1 1 1 1 1 1 1 1 1 1 1 1 1 1 1 1 1 1 1 1 1 1 1 1 1 1 1 1 1 1 1 1 1 1 1 1 1 1 1 1 1 1 1 1 1 1 1 1 1 1 1 1 1
instanceKlass java/security/Provider
ciInstanceKlass java/util/Properties 1 1 645 10 100 10 7 10 9 9 9 10 10 8 10 7 10 10 8 10 7 10 10 9 10 7 10 10 10 100 8 10 10 10 10 100 3 10 10 10 8 10 10 10 10 10 100 100 10 10 100 9 10 10 10 100 10 10 10 11 11 11 7 11 11 10 8 10 10 100 10 10 10 9 10 10 100 100 100 10 8 8 10 10 10 7 10 10 10 7 10 10 11 10 8 10 11 8 10 11 9 10 10 10 10 10 10 10 10 10 10 10 10 10 10 10 7 10 10 10 10 10 10 10 10 10 10 10 10 10 10 10 10 7 10 100 10 11 4 11 10 10 11 10 10 10 100 8 10 10 10 100 6 0 10 11 10 10 1 1 1 1 1 1 5 0 1 1 1 1 1 1 1 1 1 1 1 1 1 1 1 1 1 1 1 1 1 1 1 1 1 1 1 1 1 1 1 1 1 1 1 1 1 1 1 1 1 1 1 1 1 1 1 1 1 1 1 1 1 1 1 1 1 1 1 100 1 1 1 1 1 1 1 1 1 1 1 1 1 1 1 1 1 1 1 1 1 1 1 1 1 100 1 1 1 1 1 1 1 1 1 100 7 100 1 1 1 100 1 1 1 1 1 1 1 1 1 1 1 1 1 1 1 1 1 1 1 1 1 1 1 1 1 1 1 1 1 1 1 1 7 100 1 1 100 1 1 1 1 1 1 1 1 1 1 1 1 1 1 1 1 1 1 1 1 1 1 1 1 1 1 1 1 1 1 1 1 1 1 1 1 1 1 1 1 1 1 1 1 1 1 1 1 1 1 1 1 1 1 1 1 1 1 1 1 1 1 1 1 1 1 1 1 1 1 1 1 1 1 1 1 1 1 1 1 1 1 1 1 1 1 1 1 1 1 1 100 100 1 1 1 1 100 1 1 1 1 1 12 1 12 1 12 12 12 12 7 12 12 1 7 12 1 12 12 1 12 1 12 12 12 12 1 12 12 12 1 1 12 12 12 12 1 12 12 1 12 12 12 12 12 1 1 12 12 1 100 12 12 12 12 1 12 7 12 12 12 1 12 12 12 1 12 12 1 12 100 12 100 12 12 100 12 1 1 1 1 1 12 12 12 1 12 12 1 12 12 7 12 1 12 1 12 12 12 12 12 12 12 12 12 12 12 12 12 12 1 12 12 12 12 12 12 12 12 12 12 12 12 12 12 12 1 12 1 12 12 12 12 12 100 12 12 1 1 12 100 12 1 12 100 12 12 12 1 1 1 1 1 1 1 1 1 1 1 1 1 1 1 1 1 1 1 1 1 1 1 1 1 1 1 1 1 1 1 1 1 1 1 1 1 1 1 1 1 1 1 1 1 1 1 1 1 1 1 1 1 1 1 1 1 1 100 1 1 1 1 1 1 1 1 1 1 1 1 1 1 1 1 1 1 1 1 1 1 1 1 1 1 1 1 1 1 1 1 1 1
staticfield java/util/Properties UNSAFE Ljdk/internal/misc/Unsafe; jdk/internal/misc/Unsafe
staticfield java/util/Properties hexDigit [C 16
ciInstanceKlass java/lang/Module 1 1 907 10 9 10 9 9 9 10 10 10 10 7 10 10 7 11 7 10 10 9 10 10 8 10 10 10 9 11 9 10 9 10 10 100 100 10 10 8 10 10 10 10 10 10 9 10 10 9 10 10 9 11 7 10 9 9 10 7 7 10 100 8 10 10 10 8 10 10 10 10 8 8 10 10 10 18 10 11 9 11 10 100 8 10 7 10 10 11 11 9 11 10 10 9 10 10 10 10 18 11 10 11 10 11 4 10 7 10 11 7 10 11 7 10 7 8 10 10 7 10 10 7 7 10 9 100 10 11 10 10 10 11 7 10 11 10 11 10 10 10 10 10 10 10 10 18 11 11 18 10 10 10 7 10 10 10 9 7 10 10 10 10 10 10 10 10 10 9 18 10 7 100 8 10 10 10 100 10 100 8 100 10 100 100 3 10 100 10 10 10 100 10 10 100 100 10 8 10 10 10 10 10 10 10 100 10 10 10 100 8 10 10 8 10 8 10 10 10 8 10 7 10 10 10 11 100 7 1 1 1 1 1 1 1 1 1 1 1 1 1 1 1 1 1 1 1 1 1 1 1 1 1 1 1 1 1 1 1 1 1 1 1 1 1 1 1 1 1 1 1 1 1 1 7 1 1 1 1 1 1 1 1 1 1 100 1 1 1 1 1 1 1 1 1 1 1 1 1 1 1 1 1 1 1 1 1 1 1 1 1 1 1 1 1 1 1 1 1 1 1 1 1 1 1 1 1 1 1 1 1 1 1 1 1 1 1 1 1 1 1 1 100 1 1 1 1 1 1 1 1 1 1 1 1 1 1 1 1 1 1 1 1 100 1 1 1 1 1 1 1 1 1 1 1 1 1 1 1 1 1 1 1 1 1 1 1 1 1 1 1 1 1 1 1 7 7 7 7 7 1 1 1 1 1 1 1 1 1 1 1 1 1 1 1 1 1 1 1 1 100 1 1 1 1 1 1 1 1 1 1 1 1 1 1 1 1 1 1 1 1 100 1 1 1 1 1 1 1 1 1 1 1 1 1 100 100 1 7 1 1 1 1 1 100 1 1 1 1 1 1 1 1 1 1 1 1 1 1 1 1 1 7 1 1 1 1 1 1 1 1 1 12 12 12 12 12 12 12 12 12 12 1 7 12 12 1 12 12 7 12 100 12 12 12 1 12 12 12 12 12 12 7 12 12 7 12 12 1 1 12 1 12 12 12 12 12 12 12 12 12 12 12 12 12 12 1 12 12 12 12 1 1 12 1 1 12 12 1 12 12 12 12 1 1 12 12 12 1 15 16 15 16 12 12 12 12 12 7 12 1 1 1 12 12 12 12 12 12 12 12 12 12 7 12 16 15 16 12 12 100 12 12 12 12 12 1 12 1 12 1 7 12 100 1 1 1 12 12 1 12 12 1 1 12 12 1 12 12 12 12 1 12 12 12 12 12 12 12 12 12 12 12 16 15 16 12 12 12 15 16 12 12 12 12 1 12 12 12 12 1 12 12 12 12 12 12 12 16 15 16 12 100 12 1 1 1 12 12 12 1 12 1 1 1 1 1 12 1 12 12 12 1 12 12 1 1 12 1 12 12 7 12 12 12 12 12 1 12 12 1 1 12 100 12 1 12 1 12 12 12 1 1 12 12 12 1 1 1 1 1 1 1 1 1 1 1 1 1 1 1 1 1 1 1 1 1 1 1 1 1 1 1 1 1 1 1 1 1 1 1 1 1 1 1 1 1 1 1 1 1 1 1 1 1 1 1 1 1 1 1 1 1 1 1 1 10 10 1 1 1 1 1 1 1 1 1 1 1 1 1 1 1 1 10 1 1 1 1 1 1 1 1 1 1 1 1 1 1 1 1 1 1 1 1 1 1 1 1 1 1 1 1 1 1 1 1 1 1 10 1 1 1 1 1 1 10 1 1 1 1 1 1 10 1 1 1 1 1 1 1 1 1 1 1 1 1 1 1 1 1 1 1 1 1 1 1 1 1 1 1 1 1 1 1 1 1 1 1 1 1 1 7 12 12 100 12 12 12 1 1 100 1 1 1 100 1 1
staticfield java/lang/Module ALL_UNNAMED_MODULE Ljava/lang/Module; java/lang/Module
staticfield java/lang/Module ALL_UNNAMED_MODULE_SET Ljava/util/Set; java/util/ImmutableCollections$Set12
staticfield java/lang/Module EVERYONE_MODULE Ljava/lang/Module; java/lang/Module
staticfield java/lang/Module EVERYONE_SET Ljava/util/Set; java/util/ImmutableCollections$Set12
staticfield java/lang/Module $assertionsDisabled Z 1
instanceKlass java/lang/reflect/Executable
instanceKlass java/lang/reflect/Field
ciInstanceKlass java/lang/reflect/AccessibleObject 1 1 405 10 9 10 10 10 10 100 10 10 9 100 10 11 7 100 10 7 100 10 10 7 10 10 100 10 100 10 10 10 10 10 10 10 10 10 10 8 100 10 10 8 10 10 8 8 8 8 8 8 100 10 10 9 10 10 10 18 10 10 10 11 100 100 8 10 10 10 8 10 8 10 10 100 8 10 11 10 10 10 10 10 9 100 10 10 9 10 8 10 8 10 9 100 10 7 10 10 7 9 7 7 1 1 1 1 1 1 1 1 1 1 1 1 1 1 1 1 100 1 1 1 1 1 1 1 1 1 1 1 1 1 1 1 1 1 1 1 1 1 1 1 1 1 1 1 1 1 1 1 1 1 1 1 1 1 1 1 7 100 1 1 1 1 1 1 1 1 1 1 1 1 1 1 1 1 1 1 1 1 1 1 1 1 1 1 1 1 1 1 1 1 1 1 1 1 1 1 1 1 1 1 1 1 100 1 1 1 1 1 1 1 1 1 1 1 1 1 1 1 1 1 7 12 100 12 12 12 7 12 100 12 12 12 12 1 12 12 1 1 12 1 1 12 12 1 12 12 1 12 1 7 12 12 12 12 12 12 12 12 1 1 12 1 12 12 1 1 1 1 1 1 1 12 12 12 12 12 7 12 1 15 16 15 16 12 12 12 1 1 1 12 12 1 12 1 12 1 1 12 12 12 12 12 12 12 12 12 12 100 12 1 100 12 1 12 12 1 1 1 1 7 12 1 12 1 1 1 1 1 1 1 1 1 1 1 1 1 1 1 1 1 1 1 1 1 1 1 1 1 1 1 1 1 1 1 1 1 1 1 1 1 1 1 1 1 1 1 1 1 1 1 10 10 1 1 1 1 1 1 1 1 1 1 1 1 1 1 1 1 1 1 1 1 7 12 12 1 1 100 1 1 100 1 1
staticfield java/lang/reflect/AccessibleObject reflectionFactory Ljdk/internal/reflect/ReflectionFactory; jdk/internal/reflect/ReflectionFactory
ciInstanceKlass java/lang/reflect/Field 1 1 433 9 10 10 10 9 10 10 10 10 9 9 9 9 9 9 9 100 8 10 7 10 9 9 10 10 10 10 10 10 7 10 10 10 10 10 10 10 7 10 8 10 10 8 10 10 8 8 10 11 9 10 10 11 11 11 11 11 11 11 11 11 11 11 11 11 11 11 11 11 11 10 10 10 10 10 9 10 10 10 10 11 10 7 10 10 9 10 11 10 10 9 10 10 7 100 1 1 1 1 1 1 1 1 1 1 1 1 1 1 1 1 1 1 1 1 1 1 1 1 1 1 1 1 1 1 1 1 1 1 1 1 1 1 1 1 1 1 1 1 1 1 1 1 1 1 1 1 1 1 1 1 1 1 1 1 1 1 1 1 1 1 1 1 1 1 1 1 1 7 1 1 1 1 7 1 1 1 100 1 1 1 1 1 1 1 1 1 1 1 1 1 1 1 1 1 1 1 1 1 1 1 1 1 1 1 1 1 1 1 1 1 1 1 1 1 1 1 1 1 1 1 1 1 1 1 1 1 1 7 100 1 1 1 1 1 7 1 1 1 1 1 1 1 1 1 1 1 1 1 1 1 1 1 1 1 1 7 100 1 1 1 1 1 1 1 1 12 12 7 12 7 12 12 12 12 7 12 12 12 12 12 12 12 12 12 1 1 12 1 12 12 12 12 7 12 12 12 12 12 1 12 12 12 12 12 12 1 1 12 12 1 12 12 1 1 12 12 12 12 12 12 12 12 12 12 12 12 12 12 12 12 12 12 12 12 12 12 12 12 12 12 12 7 12 12 7 12 12 12 1 100 12 7 12 12 7 12 7 12 12 12 7 12 7 12 12 1 1 1 1 1 1 1 1 1 1 1 1 1 1 1 1 1 1 1 1 1 1 1 1 1 1 1 1 1 1 1 1 1 1 1 1 1 1 1 1 1 1 1 1 1 1 1 1 1 1 1 1 1 1 1 1 100 1 1 1 1 1 1 1 1 1
ciInstanceKlass java/lang/reflect/Parameter 1 1 226 10 9 9 9 9 7 10 10 10 100 10 10 11 10 10 10 10 10 8 8 10 10 10 8 10 8 10 9 10 9 10 10 10 10 10 10 10 10 11 10 100 10 10 10 10 10 9 7 10 11 11 7 100 1 1 1 1 1 1 1 1 1 1 1 1 1 1 1 1 1 1 1 1 1 1 1 1 1 1 1 1 1 1 1 1 1 1 1 1 1 1 1 100 7 1 1 1 1 1 1 1 1 1 1 1 7 1 1 1 1 1 1 1 1 1 1 1 1 1 1 1 1 1 1 1 1 1 1 100 1 1 1 12 12 12 12 12 1 12 12 7 12 1 12 12 12 100 12 12 12 12 1 1 12 12 12 1 1 12 12 12 12 12 12 12 12 12 7 12 12 7 12 12 1 100 12 12 12 12 12 12 1 12 12 1 1 1 1 1 1 1 1 1 1 1 1 1 1 1 1 1 1 1 1 1 1 1 1 1 1 1 1 1 1 1 1 1 1 1 1 1 1 1 1 1
instanceKlass java/lang/reflect/Constructor
instanceKlass java/lang/reflect/Method
ciInstanceKlass java/lang/reflect/Executable 1 1 458 10 10 10 11 10 10 10 10 10 7 8 7 10 10 10 7 8 10 10 10 10 8 8 10 10 100 8 10 8 10 8 11 10 10 11 10 8 8 10 10 100 10 10 10 10 10 10 7 10 10 10 10 10 7 10 7 8 10 10 3 100 8 10 10 10 10 10 8 8 8 9 10 100 8 9 10 10 10 10 10 10 7 10 10 100 10 100 10 10 11 10 10 10 9 10 7 10 10 9 10 10 9 10 9 10 9 7 100 100 1 1 1 1 1 1 1 1 1 1 1 1 1 1 1 1 1 1 1 1 1 1 1 1 1 1 1 1 1 1 1 1 1 1 1 1 1 1 1 1 1 1 1 1 1 1 1 1 1 1 1 1 1 1 1 1 1 1 100 1 1 1 1 1 1 1 1 1 1 1 1 1 1 1 1 1 100 100 100 1 1 1 1 1 1 1 1 1 1 1 1 1 1 1 1 1 1 1 1 1 1 1 1 1 1 1 1 1 1 1 1 1 1 1 1 1 1 1 1 1 1 1 1 1 1 1 1 1 1 1 1 1 1 1 1 1 1 1 1 1 1 1 1 1 1 1 1 1 1 7 100 100 1 1 1 1 1 1 1 1 1 1 1 1 12 7 12 12 7 12 7 12 12 12 12 12 1 1 1 12 12 1 1 12 7 12 12 12 1 1 12 1 1 12 1 12 1 100 12 12 12 1 1 12 12 1 12 12 7 12 12 12 1 12 12 12 12 7 12 12 1 1 12 12 1 1 12 12 12 12 1 1 1 12 12 1 1 12 12 12 12 12 12 12 12 12 1 100 12 1 7 12 12 12 12 100 12 12 12 12 1 12 12 7 12 7 12 12 12 12 12 12 12 1 1 1 1 1 1 1 1 1 1 1 1 1 1 1 1 1 1 1 1 1 1 1 1 1 1 1 1 1 1 1 1 1 1 1 1 1 1 1 1 1 1 1 1 1 1 1 1 1 1 1 1 1 1 1 1 1 1 1 100 1 1 1 1 1 1 1 1 1 1 1 1 1 1 1
ciInstanceKlass java/lang/reflect/Method 1 1 441 9 10 10 9 10 10 10 10 9 9 9 9 9 9 9 9 9 9 9 7 8 10 7 10 9 8 10 10 10 10 10 10 10 7 10 10 10 7 10 10 10 10 10 10 10 10 10 10 10 10 10 10 10 7 8 10 100 8 10 10 10 10 10 10 10 11 9 10 10 10 10 11 10 7 10 10 10 10 9 10 10 10 10 10 11 10 7 100 100 10 10 10 100 10 8 10 10 10 10 10 8 10 7 1 1 1 1 1 1 1 1 1 1 1 1 1 1 1 1 1 1 1 1 1 1 1 1 1 1 1 1 1 1 1 1 1 1 1 1 1 1 1 1 1 1 1 1 1 1 1 1 1 1 1 1 1 1 1 1 1 1 1 1 1 1 1 1 1 1 1 1 1 1 1 1 1 1 1 1 1 1 1 1 1 1 1 1 1 1 1 1 1 1 1 1 1 1 1 1 1 1 1 1 1 1 1 1 1 1 1 7 100 7 7 1 7 7 1 1 1 1 1 1 1 1 1 1 1 1 1 1 1 1 1 1 1 1 1 1 1 1 1 1 1 1 1 1 1 1 1 1 1 1 1 1 12 7 12 7 12 12 12 12 7 12 12 12 12 12 12 12 12 12 12 12 12 12 1 1 12 1 12 12 1 7 12 7 12 12 12 12 12 12 1 12 12 7 12 12 7 12 12 12 12 12 7 12 12 12 12 12 12 12 1 1 1 1 12 12 12 12 12 12 12 7 12 12 12 12 12 12 12 1 12 12 12 12 12 7 12 12 7 12 7 12 7 12 7 12 7 12 1 1 1 12 12 12 1 1 12 12 12 12 1 12 1 1 1 1 1 1 1 1 1 1 1 1 1 1 1 1 1 1 1 1 1 1 1 1 1 1 1 1 1 1 1 1 1 1 1 1 1 1 1 1 1 1 1 1 1 1 1 1 1 1 1 1 1 1 1 1 1 1 1 1 1 1 1 1 1 1 1 1 1 1 1 1 1 1 1
ciInstanceKlass java/lang/reflect/Constructor 1 1 415 10 10 9 10 10 10 9 10 9 9 9 9 9 9 9 9 100 8 10 7 10 9 10 10 10 10 10 7 100 8 10 10 10 10 10 7 10 7 10 10 10 10 10 10 10 10 10 100 8 10 10 100 8 10 10 10 10 10 10 10 9 10 10 100 8 10 11 10 10 10 9 10 10 10 10 10 10 10 10 10 100 8 10 10 10 10 10 10 10 11 9 10 10 7 1 1 1 1 1 1 1 1 1 1 1 1 1 1 1 1 1 1 1 1 1 1 1 1 1 1 1 1 1 1 1 1 1 1 1 1 1 1 1 1 1 1 1 1 1 1 1 1 1 1 1 1 1 1 1 1 1 1 1 1 1 1 1 1 1 1 1 1 1 1 1 1 1 1 1 1 1 1 1 1 1 1 1 1 1 1 1 1 1 1 1 1 1 1 1 1 1 1 1 1 1 1 1 7 1 100 100 100 1 1 1 1 1 1 1 1 1 1 1 1 1 1 1 1 1 1 1 1 1 1 1 1 1 1 1 1 1 1 1 1 1 1 1 1 1 7 12 7 12 12 12 12 7 12 12 12 12 12 12 12 12 12 12 12 1 1 12 1 12 12 7 12 7 12 12 12 12 1 1 1 12 12 12 12 1 7 12 12 7 12 12 7 12 12 12 12 12 1 1 12 1 1 12 12 12 12 12 12 12 12 12 12 1 1 12 12 12 12 12 12 7 12 12 12 12 12 12 12 12 12 1 1 12 12 12 12 100 12 100 12 100 12 100 12 12 1 1 1 1 1 1 1 1 1 1 1 1 1 1 1 1 1 1 1 1 1 1 1 1 1 1 1 1 1 1 1 1 1 1 1 1 1 1 1 1 1 1 1 1 1 1 1 1 1 1 1 1 1 1 1 1 1 1 1 1 1 1 1 1 1 100 1 1 1 1 1 1 1 1 1
instanceKlass jdk/internal/reflect/FieldAccessorImpl
instanceKlass jdk/internal/reflect/ConstructorAccessorImpl
instanceKlass jdk/internal/reflect/MethodAccessorImpl
ciInstanceKlass jdk/internal/reflect/MagicAccessorImpl 1 1 16 10 100 7 1 1 1 1 1 1 1 1 1 12 1 1
instanceKlass jdk/internal/reflect/GeneratedMethodAccessor34
instanceKlass jdk/internal/reflect/GeneratedMethodAccessor33
instanceKlass jdk/internal/reflect/GeneratedMethodAccessor32
instanceKlass jdk/internal/reflect/GeneratedMethodAccessor31
instanceKlass jdk/internal/reflect/GeneratedMethodAccessor30
instanceKlass jdk/internal/reflect/GeneratedMethodAccessor29
instanceKlass jdk/internal/reflect/GeneratedMethodAccessor28
instanceKlass jdk/internal/reflect/GeneratedMethodAccessor27
instanceKlass jdk/internal/reflect/GeneratedMethodAccessor26
instanceKlass jdk/internal/reflect/GeneratedMethodAccessor25
instanceKlass jdk/internal/reflect/GeneratedMethodAccessor24
instanceKlass jdk/internal/reflect/GeneratedMethodAccessor23
instanceKlass jdk/internal/reflect/GeneratedMethodAccessor22
instanceKlass jdk/internal/reflect/GeneratedMethodAccessor21
instanceKlass jdk/internal/reflect/GeneratedMethodAccessor20
instanceKlass jdk/internal/reflect/GeneratedMethodAccessor19
instanceKlass jdk/internal/reflect/GeneratedMethodAccessor18
instanceKlass jdk/internal/reflect/GeneratedMethodAccessor17
instanceKlass jdk/internal/reflect/GeneratedMethodAccessor16
instanceKlass jdk/internal/reflect/GeneratedMethodAccessor15
instanceKlass jdk/internal/reflect/GeneratedMethodAccessor14
instanceKlass jdk/internal/reflect/GeneratedMethodAccessor13
instanceKlass jdk/internal/reflect/GeneratedMethodAccessor12
instanceKlass jdk/internal/reflect/GeneratedMethodAccessor11
instanceKlass jdk/internal/reflect/GeneratedMethodAccessor10
instanceKlass jdk/internal/reflect/GeneratedMethodAccessor9
instanceKlass jdk/internal/reflect/GeneratedMethodAccessor8
instanceKlass jdk/internal/reflect/GeneratedMethodAccessor7
instanceKlass jdk/internal/reflect/GeneratedMethodAccessor6
instanceKlass jdk/internal/reflect/GeneratedMethodAccessor5
instanceKlass jdk/internal/reflect/GeneratedMethodAccessor4
instanceKlass jdk/internal/reflect/GeneratedMethodAccessor3
instanceKlass jdk/internal/reflect/GeneratedMethodAccessor2
instanceKlass jdk/internal/reflect/GeneratedMethodAccessor1
instanceKlass jdk/internal/reflect/DelegatingMethodAccessorImpl
instanceKlass jdk/internal/reflect/NativeMethodAccessorImpl
ciInstanceKlass jdk/internal/reflect/MethodAccessorImpl 1 1 25 10 100 7 100 1 1 1 1 1 1 1 1 1 1 100 100 1 1 12 1 1 1 1 1
instanceKlass jdk/internal/reflect/GeneratedConstructorAccessor32
instanceKlass jdk/internal/reflect/GeneratedConstructorAccessor31
instanceKlass jdk/internal/reflect/GeneratedConstructorAccessor30
instanceKlass jdk/internal/reflect/GeneratedConstructorAccessor29
instanceKlass jdk/internal/reflect/GeneratedConstructorAccessor28
instanceKlass jdk/internal/reflect/GeneratedConstructorAccessor27
instanceKlass jdk/internal/reflect/GeneratedConstructorAccessor26
instanceKlass jdk/internal/reflect/GeneratedConstructorAccessor25
instanceKlass jdk/internal/reflect/GeneratedConstructorAccessor24
instanceKlass jdk/internal/reflect/GeneratedConstructorAccessor23
instanceKlass jdk/internal/reflect/GeneratedConstructorAccessor22
instanceKlass jdk/internal/reflect/GeneratedConstructorAccessor21
instanceKlass jdk/internal/reflect/GeneratedConstructorAccessor20
instanceKlass jdk/internal/reflect/GeneratedConstructorAccessor19
instanceKlass jdk/internal/reflect/GeneratedConstructorAccessor18
instanceKlass jdk/internal/reflect/GeneratedConstructorAccessor17
instanceKlass jdk/internal/reflect/GeneratedConstructorAccessor16
instanceKlass jdk/internal/reflect/GeneratedConstructorAccessor15
instanceKlass jdk/internal/reflect/GeneratedConstructorAccessor14
instanceKlass jdk/internal/reflect/GeneratedConstructorAccessor13
instanceKlass jdk/internal/reflect/GeneratedConstructorAccessor12
instanceKlass jdk/internal/reflect/GeneratedConstructorAccessor11
instanceKlass jdk/internal/reflect/GeneratedConstructorAccessor10
instanceKlass jdk/internal/reflect/GeneratedConstructorAccessor9
instanceKlass jdk/internal/reflect/GeneratedConstructorAccessor8
instanceKlass jdk/internal/reflect/GeneratedConstructorAccessor7
instanceKlass jdk/internal/reflect/GeneratedConstructorAccessor6
instanceKlass jdk/internal/reflect/GeneratedConstructorAccessor5
instanceKlass jdk/internal/reflect/GeneratedConstructorAccessor4
instanceKlass jdk/internal/reflect/GeneratedConstructorAccessor3
instanceKlass jdk/internal/reflect/GeneratedConstructorAccessor2
instanceKlass jdk/internal/reflect/BootstrapConstructorAccessorImpl
instanceKlass jdk/internal/reflect/GeneratedConstructorAccessor1
instanceKlass jdk/internal/reflect/DelegatingConstructorAccessorImpl
instanceKlass jdk/internal/reflect/NativeConstructorAccessorImpl
ciInstanceKlass jdk/internal/reflect/ConstructorAccessorImpl 1 1 27 10 100 7 100 1 1 1 1 1 1 1 1 1 1 100 100 100 1 1 12 1 1 1 1 1 1
ciInstanceKlass jdk/internal/reflect/DelegatingClassLoader 1 1 18 10 100 7 1 1 1 1 1 1 1 1 1 1 1 12 1 1
ciInstanceKlass jdk/internal/reflect/ConstantPool 1 1 138 10 9 10 10 10 10 10 10 10 10 10 10 10 10 10 10 10 10 10 10 10 7 7 8 10 100 100 1 1 1 1 1 1 1 1 1 1 1 1 1 1 1 1 1 1 1 1 1 1 1 1 1 1 1 1 1 1 1 1 1 1 1 1 1 1 1 1 1 1 1 1 1 1 1 1 1 1 1 1 1 1 1 1 1 1 1 1 1 1 1 1 1 1 1 1 1 1 1 1 1 1 1 1 1 1 12 12 12 12 12 12 12 12 12 12 12 12 12 12 12 12 12 12 12 12 12 1 1 7 12 1 1 1 1 1 1 1
instanceKlass jdk/internal/reflect/UnsafeFieldAccessorImpl
ciInstanceKlass jdk/internal/reflect/FieldAccessorImpl 1 1 59 10 100 7 100 1 1 1 1 1 1 1 1 1 1 100 1 1 1 1 1 1 1 1 1 1 1 1 1 1 1 1 1 1 100 1 1 1 1 1 1 1 1 1 1 1 1 1 1 1 1 1 1 12 1 1 1 1 1
instanceKlass jdk/internal/reflect/UnsafeIntegerFieldAccessorImpl
instanceKlass jdk/internal/reflect/UnsafeObjectFieldAccessorImpl
instanceKlass jdk/internal/reflect/UnsafeStaticFieldAccessorImpl
ciInstanceKlass jdk/internal/reflect/UnsafeFieldAccessorImpl 1 1 254 10 9 10 10 9 10 9 10 10 9 10 10 10 10 100 10 10 10 8 10 10 100 8 10 8 10 8 10 100 10 10 8 10 8 10 8 10 8 10 8 10 8 10 8 10 8 10 8 10 10 8 8 8 8 8 8 10 8 8 8 10 10 7 7 1 1 1 1 1 1 1 1 1 1 1 1 1 1 1 1 7 1 1 1 1 1 1 1 1 1 1 1 1 1 1 1 7 100 1 1 1 1 1 1 1 1 1 1 1 1 1 1 1 1 1 1 1 1 1 1 1 1 1 1 1 1 1 1 1 1 1 1 1 1 1 1 1 12 12 12 7 12 12 7 12 12 12 12 12 12 12 7 12 12 1 12 12 1 12 1 1 12 1 12 1 12 1 12 1 12 1 100 12 1 100 12 1 100 12 1 100 12 1 100 12 1 100 12 1 100 12 1 100 12 12 1 1 1 1 1 1 12 1 1 1 12 12 1 1 1 1 1 1 1 1 1 1 1 1 1 1 1 1 1 1 1 1 1 1 1 1 1 1 1 1 1 1 1 1 1 1 1 1 1 1 1 1 1 1 1 1 1 1
staticfield jdk/internal/reflect/UnsafeFieldAccessorImpl unsafe Ljdk/internal/misc/Unsafe; jdk/internal/misc/Unsafe
instanceKlass jdk/internal/reflect/UnsafeQualifiedStaticFieldAccessorImpl
ciInstanceKlass jdk/internal/reflect/UnsafeStaticFieldAccessorImpl 1 1 43 10 9 10 9 7 7 8 10 7 1 1 1 1 1 1 1 1 1 1 1 1 1 1 1 12 12 7 12 12 1 1 7 12 1 1 1 1 1 1 1 1 1
ciInstanceKlass jdk/internal/reflect/CallerSensitive 0 0 17 100 100 100 1 1 1 1 1 1 1 1 1 1 1 1 1
instanceKlass java/lang/invoke/DelegatingMethodHandle
instanceKlass java/lang/invoke/BoundMethodHandle
instanceKlass java/lang/invoke/DirectMethodHandle
ciInstanceKlass java/lang/invoke/MethodHandle 1 1 486 9 10 10 7 7 10 9 10 10 10 10 10 10 11 10 10 10 9 10 100 100 10 8 10 10 8 10 10 10 10 10 10 10 10 10 10 7 10 10 10 8 10 8 10 10 10 10 8 10 8 10 8 10 9 100 10 9 9 8 10 10 10 10 10 10 10 10 10 10 10 8 10 8 10 10 10 10 10 9 8 10 10 8 10 10 10 10 10 100 8 10 10 9 10 7 10 10 9 10 10 8 9 9 9 10 10 10 7 10 8 10 100 1 1 1 1 1 1 1 1 1 1 1 1 1 1 1 1 1 1 1 1 1 1 1 1 100 1 1 1 1 1 1 1 1 1 1 1 1 1 1 1 1 1 1 1 1 1 1 1 1 1 1 1 1 1 1 1 1 1 1 1 1 1 1 1 1 1 1 1 1 1 1 1 1 1 1 1 1 1 1 1 1 1 1 1 1 1 1 1 1 1 7 1 1 1 1 1 1 1 1 1 1 1 1 1 1 1 1 1 1 1 1 1 1 1 1 1 1 1 1 1 100 1 1 1 1 1 1 1 1 1 1 1 1 1 7 1 1 1 1 1 1 1 1 1 1 1 1 1 1 1 1 1 1 1 1 1 1 12 12 7 12 1 1 12 12 12 12 12 100 12 12 12 100 12 12 12 12 12 12 1 1 1 12 12 1 12 12 7 12 12 12 12 12 12 12 7 12 1 12 12 12 1 7 12 1 12 12 12 12 1 12 1 12 1 100 12 12 1 100 12 100 1 12 12 12 12 12 12 12 12 12 12 12 1 12 1 12 12 12 12 12 12 1 12 12 1 12 12 7 12 12 1 1 12 12 12 1 100 12 12 12 12 12 1 12 12 12 7 12 12 12 1 12 12 1 1 1 1 1 1 1 1 1 1 1 1 1 1 1 1 1 1 1 1 1 1 1 1 1 1 1 1 1 1 1 1 1 1 1 1 1 1 1 1 1 1 1 1 1 1 1 1 1 1 1 1 1 1 1 1 1 1 1 1 1 1 1 1 1 1 1 1 1 1 1 1 1 1 1 1 1 1 1 1 1 1 1 1 1 1 1 1 1 1 1 1 1 1 1 1 1 1 1
staticfield java/lang/invoke/MethodHandle FORM_OFFSET J 20
staticfield java/lang/invoke/MethodHandle $assertionsDisabled Z 1
instanceKlass java/lang/invoke/DirectMethodHandle$Special
instanceKlass java/lang/invoke/DirectMethodHandle$Interface
instanceKlass java/lang/invoke/DirectMethodHandle$Constructor
instanceKlass java/lang/invoke/DirectMethodHandle$Accessor
ciInstanceKlass java/lang/invoke/DirectMethodHandle 1 1 922 7 7 100 7 7 10 10 100 10 10 10 10 10 10 7 7 10 10 10 10 10 10 9 100 10 9 10 10 10 10 10 10 7 10 10 10 8 10 7 10 7 10 10 10 10 10 10 100 10 10 7 10 10 10 10 8 10 10 10 10 10 9 7 10 10 10 100 10 8 10 10 10 10 10 10 10 10 10 10 10 10 10 10 10 10 10 10 10 8 9 8 9 9 8 9 9 8 9 9 8 10 10 7 9 7 10 100 10 10 10 10 7 10 10 10 7 10 10 10 10 10 9 10 9 9 10 10 7 7 7 9 10 10 10 10 9 10 100 10 100 10 10 8 9 9 10 9 10 9 9 10 10 10 10 10 10 10 9 10 10 10 10 10 9 10 9 9 9 9 9 9 9 9 9 9 9 9 9 9 9 9 9 9 9 9 9 9 9 9 9 9 9 9 9 9 9 9 9 9 9 9 9 8 9 9 10 100 10 9 10 7 9 10 10 10 10 10 8 8 8 8 10 9 10 7 10 8 9 10 8 8 8 9 8 8 8 8 8 8 7 8 10 10 8 8 10 10 10 10 7 7 1 1 1 1 1 1 1 100 1 1 1 1 7 1 1 1 1 1 3 1 3 1 3 1 3 1 3 1 3 1 3 1 1 3 1 1 3 1 3 1 1 1 1 1 1 1 1 1 1 1 1 1 1 3 1 3 1 1 1 1 3 1 1 1 1 1 1 1 1 1 1 1 1 1 1 1 1 1 1 1 1 7 1 1 1 1 1 1 1 1 1 1 1 1 1 1 1 1 1 1 1 1 1 1 1 1 1 1 1 1 1 1 1 1 1 1 1 1 1 1 1 1 1 1 1 7 1 1 1 1 1 1 1 1 1 1 1 1 1 1 1 1 1 1 1 1 1 1 1 100 1 1 1 1 1 1 1 1 1 1 1 1 1 1 1 1 1 1 1 1 1 1 1 1 1 1 1 1 1 100 1 1 1 1 1 1 1 1 1 1 1 1 1 1 1 1 1 1 1 1 1 1 1 1 1 1 1 1 1 1 1 1 1 1 1 1 1 1 1 1 1 1 1 1 1 1 1 1 1 1 1 1 1 1 1 1 1 1 1 1 1 1 1 7 1 1 1 1 12 12 1 12 12 12 12 12 12 1 1 12 12 12 12 12 12 12 1 12 12 12 12 12 12 12 1 12 12 12 1 12 1 12 1 12 12 12 12 12 1 12 12 1 12 12 12 12 12 12 12 12 12 7 12 1 12 7 12 12 1 1 12 12 12 12 12 12 12 12 12 12 12 12 7 12 12 12 12 12 1 12 1 12 12 1 12 12 1 12 12 1 12 12 1 12 1 12 1 12 12 12 12 1 12 12 12 12 7 12 12 12 12 12 12 12 7 12 12 1 1 1 12 12 12 12 12 12 12 1 12 1 12 12 1 12 12 12 12 100 12 12 12 12 12 12 12 12 12 7 12 12 12 12 12 12 12 12 12 12 12 12 12 12 12 12 12 12 12 12 12 12 12 12 12 12 12 12 12 12 12 12 12 12 12 12 12 12 12 12 12 12 12 12 12 12 1 12 12 12 1 12 7 12 1 12 12 12 12 12 1 1 1 1 12 12 12 1 100 12 12 12 12 1 1 12 12 1 12 12 12 12 1 1 1 1 1 1 1 1 1 1 1 1 1 1 1 1 1 1 1 1 1 1 1 1 1 1 1 1 1 1 1 1 1 1 1 1 1 1 1 1 1 1 1 1 1 1 1 1 1 1 1 1 1 1 1 1 1 1 1 1 1 1 1 1 1 1 1 1 1 1 1 1 1 1 1 1 1 1 1 1 1 1 1 1 1 1 1 1 1 1 1 1 1 1 1 1 1 1 1 1 1 1 1 1 1 1 1 1 1 1 1 1 1 1 1 1 1 1 1 1 1 1 1 1 1 1 1 1 1 1 1 1 1 1 1 1 1 1 1 1 1 1 1 1 1 1 1 1 1 1 1 1 1 1 1 1 1 1 1 1 1 1 1 1 1 1 1 1 1 1 1 1 1 1 1 1 1 1 1 1 1 1 1 1 1 1 1 1 1 1
staticfield java/lang/invoke/DirectMethodHandle IMPL_NAMES Ljava/lang/invoke/MemberName$Factory; java/lang/invoke/MemberName$Factory
staticfield java/lang/invoke/DirectMethodHandle FT_UNCHECKED_REF I 8
staticfield java/lang/invoke/DirectMethodHandle ACCESSOR_FORMS [Ljava/lang/invoke/LambdaForm; 132 [Ljava/lang/invoke/LambdaForm;
staticfield java/lang/invoke/DirectMethodHandle ALL_WRAPPERS [Lsun/invoke/util/Wrapper; 10 [Lsun/invoke/util/Wrapper;
staticfield java/lang/invoke/DirectMethodHandle NFS [Ljava/lang/invoke/LambdaForm$NamedFunction; 12 [Ljava/lang/invoke/LambdaForm$NamedFunction;
staticfield java/lang/invoke/DirectMethodHandle OBJ_OBJ_TYPE Ljava/lang/invoke/MethodType; java/lang/invoke/MethodType
staticfield java/lang/invoke/DirectMethodHandle LONG_OBJ_TYPE Ljava/lang/invoke/MethodType; java/lang/invoke/MethodType
staticfield java/lang/invoke/DirectMethodHandle $assertionsDisabled Z 1
instanceKlass java/lang/invoke/VarHandleObjects$Array
instanceKlass java/lang/invoke/VarHandleObjects$FieldStaticReadOnly
instanceKlass java/lang/invoke/VarHandleLongs$FieldInstanceReadOnly
instanceKlass java/lang/invoke/VarHandleObjects$FieldInstanceReadOnly
instanceKlass java/lang/invoke/VarHandleInts$FieldInstanceReadOnly
ciInstanceKlass java/lang/invoke/VarHandle 1 1 298 10 9 100 10 9 10 10 10 9 10 10 9 9 10 10 10 10 10 10 10 9 100 10 9 10 10 7 7 10 10 10 9 10 9 10 10 10 100 10 9 9 10 10 10 10 10 10 10 7 10 10 9 8 10 7 10 7 100 1 1 100 1 100 1 100 1 1 1 1 1 1 1 1 1 1 1 1 1 1 1 1 1 1 1 1 1 1 1 1 1 1 100 1 1 1 1 1 1 1 1 1 1 1 1 1 1 1 1 1 1 1 1 1 1 1 1 1 1 1 1 1 1 1 1 1 1 1 1 1 1 1 1 1 1 1 1 1 1 1 1 1 1 1 100 1 1 1 1 1 1 1 1 1 100 1 1 1 1 1 1 1 100 1 1 1 100 1 1 1 1 1 1 1 1 1 1 1 1 12 12 1 12 12 12 12 12 12 12 12 12 12 12 12 12 12 100 12 12 1 12 12 12 1 1 12 100 12 12 12 12 12 12 12 12 1 7 12 12 7 12 12 12 12 12 12 12 1 7 12 12 12 1 12 1 1 1 1 1 1 1 1 1 1 1 1 1 1 1 1 1 1 1 1 1 1 1 1 1 1 1 1 1 1 1 1 1 1 1 1 1 1 1 1 1 1 1 1 1 1 1 1 1 1 1 1 1 1 1 1 1 1 1 1 1 1 1 1
staticfield java/lang/invoke/VarHandle AIOOBE_SUPPLIER Ljava/util/function/BiFunction; jdk/internal/util/Preconditions$1
staticfield java/lang/invoke/VarHandle VFORM_OFFSET J 12
staticfield java/lang/invoke/VarHandle $assertionsDisabled Z 1
ciInstanceKlass java/lang/invoke/MemberName 1 1 747 7 7 100 9 10 9 10 10 10 10 10 10 10 9 10 100 100 10 8 10 10 10 10 9 8 10 7 7 10 10 100 100 7 10 9 100 8 10 10 10 10 10 10 10 10 10 10 8 8 8 10 10 9 3 10 10 10 10 10 10 10 10 10 7 8 10 10 8 9 8 9 10 8 10 10 10 10 10 100 10 10 8 10 10 8 10 10 100 10 10 8 8 100 10 10 100 10 10 10 10 10 10 10 10 10 3 10 3 10 3 3 3 3 3 3 100 10 10 10 3 9 10 3 10 10 10 10 10 10 10 10 10 10 10 10 10 10 100 10 10 10 100 10 10 10 10 10 10 8 10 10 10 10 10 10 10 10 10 10 10 10 10 100 10 100 8 10 7 10 10 10 10 10 8 8 8 8 10 10 10 8 8 10 8 10 10 10 8 8 10 10 8 10 8 10 10 10 8 8 8 100 10 8 8 8 8 10 100 100 100 10 100 10 100 10 9 10 100 100 7 1 1 1 1 1 1 1 1 1 1 1 1 1 1 1 1 1 3 1 3 1 3 1 3 1 3 1 3 1 1 1 1 1 1 1 1 3 1 1 1 1 3 1 1 1 1 1 1 1 1 1 1 1 1 1 1 1 1 1 1 1 1 1 1 1 1 1 1 1 1 1 1 1 1 1 1 1 1 1 1 1 1 1 1 1 1 1 1 1 1 1 1 1 1 1 1 1 1 1 1 1 1 1 1 1 1 1 1 1 1 1 1 1 1 1 1 1 1 1 1 1 1 1 1 1 1 1 1 1 1 1 1 1 1 1 1 1 1 1 1 1 1 1 1 1 1 1 1 1 1 1 1 1 1 1 1 1 1 1 1 1 1 1 7 1 1 1 1 1 1 1 1 1 1 1 100 1 1 1 1 1 1 100 1 1 1 1 1 1 1 1 1 1 1 1 1 1 1 1 1 1 1 1 1 1 1 1 1 1 1 1 1 1 1 1 1 1 1 1 1 1 1 1 1 1 1 1 1 1 1 100 1 1 100 1 1 1 1 1 1 1 1 1 7 1 1 12 12 12 12 12 12 12 12 12 12 100 12 12 1 1 12 1 12 12 12 12 12 1 100 12 1 1 12 1 12 12 1 1 12 12 12 12 12 12 12 12 12 12 1 1 1 100 12 12 12 12 12 12 12 12 12 12 12 1 12 12 100 100 12 1 12 12 12 12 12 1 12 12 1 12 12 1 12 12 1 12 12 1 1 1 12 100 12 1 12 12 12 12 12 12 12 12 12 12 100 1 12 7 12 12 12 12 12 7 12 12 12 12 12 12 12 12 12 1 12 1 12 12 12 12 12 12 12 12 12 12 12 12 12 1 12 1 1 1 12 12 12 12 12 1 1 1 1 12 12 12 1 1 12 1 12 12 1 1 12 1 12 1 12 12 12 1 1 1 1 1 1 1 1 12 1 1 1 1 1 12 12 12 1 1 1 1 1 1 1 1 1 1 1 1 1 1 1 1 1 1 1 1 1 1 1 1 1 1 1 1 1 1 1 1 1 1 1 1 1 1 1 1 1 1 1 1 1 1 1 1 1 1 1 1 1 1 1 1 1 1 1 1 1 1 1 1 1 1 1 1 1 1 1 1 1 1 1 1 1 1 1 1 1 1 1 1 1 1 1 1 1 1 1 1 1 1 1 1 1
staticfield java/lang/invoke/MemberName $assertionsDisabled Z 1
ciInstanceKlass java/lang/invoke/ResolvedMethodName 1 1 16 10 100 100 1 1 1 1 1 1 1 1 1 12 1 1
ciInstanceKlass java/lang/invoke/MethodHandleNatives 1 1 660 100 10 9 10 100 10 10 10 10 8 8 8 8 8 8 8 8 8 8 7 10 7 10 10 7 10 10 8 10 8 10 8 10 9 8 10 100 10 100 100 8 7 7 10 10 7 9 10 10 10 7 10 10 10 10 10 9 8 10 8 10 8 8 8 100 10 8 10 10 10 100 8 10 7 8 10 8 8 8 8 8 10 10 10 10 10 7 10 100 100 10 10 8 8 10 10 10 8 10 8 8 10 10 100 10 7 9 10 10 10 9 10 9 9 10 10 10 7 7 10 10 10 10 10 8 10 10 10 10 10 10 100 8 10 9 10 10 100 10 10 100 100 10 10 100 100 10 100 10 10 10 10 10 10 10 10 10 10 10 10 8 100 10 10 10 10 10 10 7 10 10 10 10 1 1 7 1 1 1 1 1 1 1 1 1 1 1 1 1 1 1 1 1 100 1 1 1 1 1 1 1 1 1 1 1 1 1 1 1 1 1 1 1 1 1 1 1 1 1 1 1 1 1 1 1 1 1 1 1 1 1 1 1 1 1 1 1 1 1 1 1 1 1 1 1 1 1 100 1 1 1 1 1 1 1 1 1 1 1 1 1 1 1 1 1 1 1 1 1 1 7 1 1 1 1 1 1 1 1 1 1 1 1 1 1 1 1 1 1 1 1 1 1 1 1 1 1 1 1 1 1 1 1 1 1 1 1 1 1 1 1 1 1 7 1 1 1 1 1 1 1 1 1 1 1 1 100 1 1 1 1 1 1 1 1 1 1 1 1 1 1 7 1 1 1 1 1 1 1 1 1 1 1 1 1 1 100 1 1 1 1 1 1 1 1 1 1 1 1 1 1 1 1 12 12 12 1 12 12 12 1 1 1 1 1 1 1 1 1 1 1 12 1 12 12 1 12 1 12 1 12 1 12 100 12 1 100 12 1 12 1 1 1 1 1 12 1 7 12 12 12 12 1 12 7 12 12 12 12 12 1 12 1 12 1 1 1 1 12 1 12 12 100 12 1 100 12 1 1 12 1 1 1 1 1 12 12 12 12 12 1 12 1 1 12 12 1 1 12 12 1 100 12 1 1 12 12 1 12 1 12 7 12 12 12 12 12 12 12 12 12 1 1 12 12 12 7 12 12 1 12 12 12 12 7 12 12 1 1 12 12 12 1 12 12 1 1 1 1 1 12 12 12 12 12 12 12 12 12 1 1 12 12 12 12 12 12 1 12 12 12 1 1 1 1 1 100 1 1 1 1 1 1 1 1 1 1 1 1 1 1 1 1 1 1 1 1 1 1 1 1 1 1 1 1 1 1 1 1 1 1 1 1 1 1 1 1 1 1 1 1 1 1 1 1 1 1 1 1 1 1 1 1 1 1 1 1 1 1 1 1 1 1 1 1 1 1 1 1 1 1 1 1 1 1 1 1 1 1 1 1 1 1 1 1 1 1 1 1 1 1 1 1 1 1 1 1 1 1 1 1 1 1 1 1 1 1 1 1
staticfield java/lang/invoke/MethodHandleNatives $assertionsDisabled Z 1
ciInstanceKlass java/lang/invoke/LambdaForm 1 1 1075 100 9 10 10 9 9 10 100 10 9 10 9 10 7 9 9 9 9 10 7 10 7 10 10 10 10 10 10 9 100 10 9 10 10 10 10 10 7 10 10 8 10 10 10 7 10 10 7 10 10 9 9 9 10 9 10 10 100 10 9 10 10 100 10 10 10 10 10 10 10 8 10 10 8 8 9 9 9 10 10 10 9 10 10 10 10 10 10 9 10 8 8 8 8 8 8 8 8 10 9 7 10 9 10 10 10 10 10 10 10 10 10 10 10 10 10 10 100 8 10 10 10 10 8 10 8 8 10 9 10 10 100 10 10 10 10 9 8 10 10 10 10 10 9 8 10 100 10 10 9 9 8 10 10 100 100 10 10 8 8 100 8 10 10 10 8 8 9 10 10 8 8 8 100 8 100 8 100 8 10 8 9 10 10 9 10 10 10 10 10 10 10 10 10 10 8 100 10 10 9 10 8 8 100 8 8 8 8 8 8 8 8 10 10 10 10 8 8 8 10 8 10 8 8 8 8 8 10 10 10 10 10 10 10 10 10 10 10 9 8 10 9 10 9 9 9 9 7 10 9 10 10 7 8 10 9 7 10 8 100 10 9 9 10 7 10 10 10 9 10 10 10 9 10 10 10 9 10 9 7 9 10 9 10 100 10 7 9 100 1 1 100 1 100 1 1 1 7 1 7 1 1 1 1 1 1 1 1 1 1 1 1 1 1 1 1 1 1 1 1 1 3 1 3 1 1 1 1 1 3 1 1 1 7 1 1 1 1 1 1 1 1 1 1 1 1 1 1 1 1 1 1 1 1 1 1 1 1 1 1 1 1 1 1 1 1 1 1 1 1 1 1 1 1 1 1 1 1 1 1 1 1 1 1 1 1 1 1 1 1 1 1 1 1 1 1 1 1 1 1 1 1 1 1 1 1 1 1 1 1 1 1 1 1 1 1 1 1 1 1 1 1 1 1 1 1 1 1 1 1 1 1 1 1 1 1 1 1 1 1 100 1 1 1 1 1 1 1 1 1 1 1 1 1 1 1 1 1 1 1 1 1 1 1 1 1 1 1 1 1 1 1 1 1 1 1 1 1 1 1 1 1 1 1 1 1 1 1 1 1 1 1 1 1 1 1 1 1 1 1 1 1 1 7 1 1 1 1 1 1 1 1 1 1 1 1 1 1 1 1 1 1 1 1 1 1 1 1 100 1 1 1 1 1 1 1 1 1 1 1 1 1 1 1 1 1 1 1 1 100 1 1 1 1 1 1 1 1 1 1 1 1 1 1 1 1 1 1 1 1 1 1 1 1 1 1 1 1 1 1 1 1 1 1 1 1 1 1 1 1 1 1 1 1 1 1 1 1 1 1 1 100 1 1 1 1 1 1 1 1 1 1 1 1 1 1 1 1 1 1 1 1 1 1 1 1 100 1 1 1 100 1 1 12 12 12 12 12 12 1 12 12 12 7 12 12 12 12 12 12 1 12 1 12 12 100 12 100 12 12 12 12 1 12 12 12 12 12 12 12 1 12 1 12 12 12 1 12 12 1 12 12 12 12 12 12 12 12 12 1 12 12 12 12 1 12 12 12 12 12 12 12 1 12 12 1 1 12 12 12 12 7 12 12 12 7 12 12 12 12 12 12 12 1 1 1 1 1 1 1 1 12 12 1 12 12 12 12 12 12 12 12 12 12 12 12 12 12 12 1 1 12 12 12 1 12 1 1 12 12 12 12 1 12 12 7 12 12 12 1 100 12 12 12 12 12 12 1 12 12 7 12 12 1 12 12 1 1 12 1 1 1 1 12 12 12 1 1 12 12 12 1 1 1 1 1 1 1 1 1 12 1 12 12 12 12 12 12 12 12 12 12 12 12 1 12 12 12 12 1 1 1 1 1 1 1 1 1 1 1 12 12 12 12 1 1 1 12 1 12 1 1 1 1 1 12 12 12 7 12 12 12 12 12 12 12 12 12 1 12 12 12 12 12 12 12 1 7 12 12 12 12 1 1 12 12 1 12 1 1 12 12 12 12 1 12 7 12 12 7 12 12 12 12 12 12 12 12 12 12 12 12 12 1 1 1 1 1 1 1 1 1 1 1 1 1 1 1 1 1 1 1 1 1 1 1 1 1 1 1 1 1 1 1 1 1 1 1 1 1 1 1 1 1 1 1 1 1 1 1 1 1 1 1 1 1 1 1 1 1 1 1 1 1 1 1 1 1 1 1 1 1 1 1 1 1 1 1 1 1 1 1 1 1 1 1 1 1 1 1 1 1 1 1 1 1 1 1 1 1 1 1 1 1 1 1 1 1 1 1 1 1 1 1 1 1 1 1 1 1 1 1 1 1 1 1 1 1 1 1 1 1 1 1 1 1 1 1 1 1 1 1 1 1 1 1 1 1 1 1 1 1 1 1 1 1 1 1 1 1 1 1 1 1
staticfield java/lang/invoke/LambdaForm COMPILE_THRESHOLD I 0
staticfield java/lang/invoke/LambdaForm INTERNED_ARGUMENTS [[Ljava/lang/invoke/LambdaForm$Name; 5 [[Ljava/lang/invoke/LambdaForm$Name;
staticfield java/lang/invoke/LambdaForm IMPL_NAMES Ljava/lang/invoke/MemberName$Factory; java/lang/invoke/MemberName$Factory
staticfield java/lang/invoke/LambdaForm LF_identity [Ljava/lang/invoke/LambdaForm; 6 [Ljava/lang/invoke/LambdaForm;
staticfield java/lang/invoke/LambdaForm LF_zero [Ljava/lang/invoke/LambdaForm; 6 [Ljava/lang/invoke/LambdaForm;
staticfield java/lang/invoke/LambdaForm NF_identity [Ljava/lang/invoke/LambdaForm$NamedFunction; 6 [Ljava/lang/invoke/LambdaForm$NamedFunction;
staticfield java/lang/invoke/LambdaForm NF_zero [Ljava/lang/invoke/LambdaForm$NamedFunction; 6 [Ljava/lang/invoke/LambdaForm$NamedFunction;
staticfield java/lang/invoke/LambdaForm createFormsLock Ljava/lang/Object; java/lang/Object
staticfield java/lang/invoke/LambdaForm DEBUG_NAME_COUNTERS Ljava/util/HashMap; null
staticfield java/lang/invoke/LambdaForm DEBUG_NAMES Ljava/util/HashMap; null
staticfield java/lang/invoke/LambdaForm TRACE_INTERPRETER Z 0
staticfield java/lang/invoke/LambdaForm $assertionsDisabled Z 1
ciInstanceKlass java/lang/invoke/MethodType 1 1 674 7 10 9 9 9 10 9 8 10 10 9 9 10 100 10 8 10 10 10 100 8 10 100 10 10 10 10 11 9 11 7 7 10 10 9 10 10 10 10 10 10 9 7 10 7 10 10 10 10 10 10 10 10 10 8 8 10 9 100 10 10 10 10 10 10 10 10 10 8 10 10 10 10 10 10 10 10 10 9 10 10 10 10 9 7 10 10 10 10 10 10 10 10 100 8 8 8 10 10 10 10 11 11 10 9 10 10 10 10 10 10 10 10 10 10 10 10 9 7 10 10 10 10 10 10 10 8 10 11 9 10 10 10 10 10 9 9 10 9 10 10 100 10 7 10 7 7 9 100 1 1 100 1 1 1 1 5 0 1 1 1 1 1 1 1 1 1 1 1 1 1 1 1 1 1 1 1 3 1 3 1 3 1 1 1 1 1 1 1 1 1 1 1 1 1 1 1 1 1 1 1 1 1 1 1 1 1 1 1 1 1 1 1 1 1 1 1 1 1 1 1 1 1 1 1 1 1 1 1 1 1 1 1 1 1 1 1 1 1 1 1 1 1 1 1 1 1 1 1 1 1 1 1 1 1 1 1 1 1 1 1 1 1 1 1 1 1 1 1 1 1 1 1 1 1 1 1 1 1 1 1 1 1 1 1 1 1 1 1 1 1 1 1 1 1 1 1 1 1 1 1 1 1 1 1 1 1 1 1 1 1 1 1 1 1 1 1 1 1 1 1 1 1 1 1 1 1 1 1 1 1 1 1 1 1 1 1 1 1 1 1 1 1 1 1 1 1 1 7 1 1 1 1 1 1 1 1 1 1 1 1 1 1 1 1 1 1 1 1 1 1 1 100 1 1 1 1 1 1 1 1 1 1 1 100 100 1 100 100 1 1 1 1 1 1 1 1 1 1 1 1 100 1 1 1 100 1 1 1 1 1 1 1 100 1 12 12 12 12 7 12 7 12 1 100 12 12 7 7 12 1 1 12 12 12 1 1 12 1 12 12 12 12 12 12 1 7 12 12 12 12 12 12 7 12 12 12 12 1 12 1 12 12 7 12 12 12 12 12 12 12 1 1 12 12 1 12 12 12 12 100 12 12 12 1 12 100 12 12 12 12 12 12 12 12 12 12 12 12 12 1 12 100 12 12 7 12 12 12 1 1 1 1 12 12 12 12 12 100 12 12 12 12 12 12 12 12 12 12 12 12 12 12 1 12 12 12 12 12 12 12 1 7 12 12 12 12 12 100 12 12 12 12 12 100 12 12 100 12 12 12 1 1 1 12 1 1 1 1 1 1 1 1 1 1 1 1 1 1 1 1 1 1 1 1 1 1 1 1 1 1 1 1 1 1 1 1 1 1 1 1 1 1 1 1 1 1 1 1 1 1 1 1 1 1 1 1 1 1 1 1 1 1 1 1 1 1 1 1 1 1 1 1 1 1 1 1 1 1 1 1 1 1 1 1 1 1 1 1 1 1 1 1 1 1 1 1 1 1 1 1 1 1 1 1 1 1 1 1 1 1 1 1
staticfield java/lang/invoke/MethodType internTable Ljava/lang/invoke/MethodType$ConcurrentWeakInternSet; java/lang/invoke/MethodType$ConcurrentWeakInternSet
staticfield java/lang/invoke/MethodType NO_PTYPES [Ljava/lang/Class; 0 [Ljava/lang/Class;
staticfield java/lang/invoke/MethodType objectOnlyTypes [Ljava/lang/invoke/MethodType; 20 [Ljava/lang/invoke/MethodType;
staticfield java/lang/invoke/MethodType METHOD_HANDLE_ARRAY [Ljava/lang/Class; 1 [Ljava/lang/Class;
staticfield java/lang/invoke/MethodType serialPersistentFields [Ljava/io/ObjectStreamField; 0 [Ljava/io/ObjectStreamField;
staticfield java/lang/invoke/MethodType $assertionsDisabled Z 1
ciInstanceKlass java/lang/BootstrapMethodError 0 0 45 10 10 10 10 10 100 100 1 1 1 5 0 1 1 1 1 1 1 1 1 1 1 1 1 1 1 1 100 100 1 1 12 12 12 12 12 1 1 1 1 1 1 1 1
instanceKlass java/lang/invoke/VolatileCallSite
instanceKlass java/lang/invoke/MutableCallSite
instanceKlass java/lang/invoke/ConstantCallSite
ciInstanceKlass java/lang/invoke/CallSite 1 1 299 10 10 9 10 9 10 10 100 7 10 7 10 10 10 100 100 10 10 10 8 10 10 10 10 10 10 10 10 9 9 7 8 10 10 100 10 9 8 100 10 10 100 8 10 10 10 100 10 10 10 10 10 9 9 8 10 9 100 10 10 10 10 10 10 100 8 10 10 100 100 100 8 10 10 1 1 1 7 1 1 1 1 1 1 1 1 1 1 1 1 1 1 1 1 1 1 1 1 1 1 1 1 1 1 1 1 1 1 1 1 1 1 1 1 1 1 1 7 1 1 1 1 1 1 1 1 1 1 1 1 1 1 1 1 1 1 1 1 1 1 1 1 1 1 1 1 1 1 1 1 1 1 1 1 1 1 1 100 7 1 1 1 1 1 1 12 12 12 12 12 12 12 1 1 12 1 12 12 12 1 1 12 12 1 12 12 12 12 12 100 12 12 12 100 12 1 12 12 1 100 12 12 12 12 1 1 12 12 1 12 12 12 12 12 12 12 100 12 12 1 100 12 12 12 12 7 12 1 1 12 1 1 1 1 12 12 1 1 1 1 1 1 1 1 1 1 1 1 1 1 1 1 1 1 1 1 1 1 1 1 1 1 1 1 1 1 1 1 1 1 1 1 1 1 1 1 1 1 1 1 1 1 1 1 1 1 1 1 1 1 1 1 1 1 1 1 1 1
staticfield java/lang/invoke/CallSite $assertionsDisabled Z 1
ciInstanceKlass java/lang/invoke/MethodHandleNatives$CallSiteContext 1 1 49 10 7 10 10 10 10 7 100 1 1 1 1 1 1 1 1 1 1 1 1 1 1 1 1 1 1 7 12 1 7 12 7 12 12 1 1 1 1 1 1 1 1 100 1 1 1 1 1
ciInstanceKlass java/lang/invoke/ConstantCallSite 1 1 49 10 9 10 100 10 9 100 10 10 7 7 1 1 1 1 1 1 1 1 1 1 1 1 1 1 1 1 100 1 1 1 1 1 1 1 1 12 12 12 1 12 12 1 12 1 1 1 1
ciInstanceKlass java/lang/invoke/MutableCallSite 0 0 67 10 10 9 10 10 10 9 10 10 100 10 100 100 1 1 1 1 1 1 1 1 1 1 1 1 1 1 1 1 1 1 1 1 1 1 1 1 1 100 1 1 1 1 12 12 12 12 12 12 12 12 100 12 1 12 1 1 1 1 1 1 1 1 1 1 1
ciInstanceKlass java/lang/invoke/VolatileCallSite 0 0 41 10 10 10 10 10 10 100 100 1 1 1 1 1 1 1 1 1 1 1 1 1 1 1 1 1 1 1 12 12 12 12 12 12 1 1 1 1 1 1 1
ciInstanceKlass java/lang/AssertionStatusDirectives 0 0 24 10 100 100 1 1 1 1 1 1 1 1 1 1 1 1 1 1 1 1 1 12 1 1
instanceKlass java/lang/StringBuilder
instanceKlass java/lang/StringBuffer
ciInstanceKlass java/lang/AbstractStringBuilder 1 1 522 7 7 10 9 9 9 9 10 9 10 10 10 10 10 10 10 10 7 3 10 3 100 10 10 100 10 10 10 10 10 10 10 100 10 10 10 10 10 10 10 10 10 10 10 10 10 10 10 10 10 10 10 11 10 10 8 10 10 10 10 10 10 10 10 10 10 10 10 10 10 10 10 10 10 10 10 10 10 10 10 10 10 10 10 10 10 10 10 10 10 10 18 100 10 18 10 10 10 11 10 10 10 100 10 8 10 10 8 8 10 10 10 10 100 10 100 10 100 10 7 100 7 1 1 1 1 1 1 1 1 1 1 1 1 1 1 1 1 1 1 1 1 1 1 1 1 1 1 100 1 1 1 1 1 1 1 1 1 1 1 1 1 1 1 1 1 1 1 1 1 1 1 1 1 1 1 1 1 1 1 1 1 1 1 1 1 1 1 1 1 1 1 1 1 1 1 1 1 1 1 1 1 1 1 1 1 1 1 1 1 1 1 1 1 1 1 1 1 1 1 1 1 1 1 1 1 1 1 1 1 1 1 1 1 1 1 1 1 1 1 1 1 1 1 1 1 1 1 1 1 1 1 1 1 1 1 1 1 1 1 1 1 1 1 1 1 1 1 1 1 1 1 1 1 1 1 1 1 1 1 1 1 1 1 1 1 1 1 1 1 100 1 1 1 1 1 1 100 1 1 1 100 1 1 1 1 1 1 1 1 1 12 12 12 12 12 7 12 12 12 7 12 12 12 12 12 7 12 1 12 1 12 1 12 12 12 12 12 12 1 12 100 12 12 12 12 12 12 12 12 12 12 12 12 12 12 12 12 12 1 12 12 12 12 12 12 7 12 12 12 100 12 12 12 12 12 12 12 12 12 7 12 12 12 12 12 12 12 12 12 12 12 12 12 12 12 12 1 15 16 15 16 12 1 100 12 15 12 12 12 12 12 12 1 1 12 12 1 1 12 12 12 1 1 12 1 1 1 1 1 1 1 1 1 1 1 1 1 1 1 1 1 1 1 1 1 1 1 1 1 1 1 1 1 1 1 1 1 1 1 1 1 1 1 1 1 1 1 1 1 1 1 1 1 1 1 1 1 1 1 1 1 1 1 1 1 1 1 1 1 10 1 10 1 1 1 1 1 10 1 1 1 1 1 1 1 1 1 1 100 12 12 12 1 1 100 1 1 100 1 1
staticfield java/lang/AbstractStringBuilder EMPTYVALUE [B 0
ciInstanceKlass java/lang/StringBuffer 1 1 471 10 10 10 11 10 10 10 9 10 10 10 9 10 10 10 10 10 10 10 10 10 10 10 10 10 10 10 10 10 10 10 10 10 10 10 10 10 10 10 10 10 10 10 10 10 10 10 10 10 10 10 10 10 10 10 10 10 9 10 10 7 10 10 10 10 10 8 10 8 10 8 10 10 10 10 7 10 100 8 10 10 10 10 10 10 10 10 10 10 10 10 10 10 10 10 10 10 10 10 10 10 10 10 10 10 10 10 10 10 10 10 10 10 7 10 7 10 9 9 9 7 100 100 100 1 1 1 1 1 5 0 1 1 1 1 1 1 1 1 1 1 1 1 1 1 1 1 1 1 1 1 1 1 1 1 1 1 1 1 1 1 1 1 1 1 1 1 1 1 1 1 1 1 1 1 1 1 1 1 1 1 1 1 1 1 1 1 1 1 1 1 1 1 1 1 1 1 1 1 1 1 1 1 1 1 1 1 1 1 1 1 1 1 1 1 1 1 1 1 1 1 1 1 1 1 1 1 1 1 1 1 1 1 1 1 1 1 1 1 1 1 1 1 1 1 1 1 1 1 1 1 1 1 1 1 1 1 100 1 1 1 1 1 100 1 1 1 100 1 1 100 1 1 1 1 1 1 1 1 1 1 1 1 1 1 1 1 1 1 1 1 1 1 1 1 1 1 1 1 1 1 1 1 1 1 1 1 1 1 1 1 1 1 1 1 1 12 12 12 12 12 12 12 12 12 12 12 12 12 12 12 12 12 12 12 12 12 12 12 12 12 12 12 12 12 12 12 12 12 12 12 12 12 12 12 12 12 12 12 12 12 12 12 12 12 12 12 12 12 12 7 12 100 1 12 100 12 12 1 12 1 12 1 12 12 100 12 12 12 1 1 12 12 12 12 12 12 12 12 12 12 12 12 12 12 12 12 12 12 12 12 12 12 12 12 12 12 12 12 12 12 12 12 12 1 12 1 12 7 12 7 12 1 1 1 1 1 1 1 1 1 1 1 1 1 1 1 1 1 1 1 1 1 1 1 1 1 1 1 1 1 1 1 1 1 1 1 1 1 1
staticfield java/lang/StringBuffer serialPersistentFields [Ljava/io/ObjectStreamField; 3 [Ljava/io/ObjectStreamField;
ciInstanceKlass java/lang/StringBuilder 1 1 409 10 10 10 11 10 10 10 10 10 10 10 10 10 10 10 10 10 10 10 10 10 10 10 10 10 10 10 10 10 10 10 10 10 10 10 10 10 10 10 10 10 10 9 9 10 10 10 10 10 10 10 10 10 10 10 100 100 8 10 10 10 10 10 10 10 10 10 10 10 10 10 10 10 10 10 10 10 10 10 10 10 10 10 10 10 10 10 10 10 10 10 10 10 10 10 10 10 10 10 10 10 10 10 10 10 7 10 7 100 100 100 1 1 1 5 0 1 1 1 1 1 1 1 1 1 1 1 1 1 1 1 1 1 1 1 1 1 1 1 1 1 1 1 1 1 1 1 1 1 1 1 1 1 1 1 1 1 1 1 1 1 1 1 1 1 1 1 1 1 1 1 1 1 1 1 1 1 1 1 1 1 1 1 1 1 1 1 1 1 1 1 1 1 1 1 1 1 1 1 1 1 1 1 7 1 1 1 1 1 100 1 1 1 100 1 1 1 1 1 1 1 1 1 1 1 1 1 1 1 1 1 1 1 1 1 1 1 1 1 1 1 1 1 1 1 1 1 1 1 1 1 1 1 1 1 1 1 1 1 1 1 1 1 1 1 1 1 1 1 1 1 1 1 1 12 12 12 12 12 12 12 12 12 12 12 12 12 12 12 12 12 12 12 12 12 12 12 12 12 12 12 12 12 12 12 12 12 12 12 12 12 12 12 12 12 12 7 12 7 100 12 12 12 12 12 100 12 12 12 1 1 12 12 12 12 12 12 12 12 12 12 12 12 12 12 12 12 12 12 12 12 12 12 12 12 12 12 12 12 12 12 12 12 12 12 12 12 12 12 12 12 12 12 12 12 12 1 12 1 1 1 1 1 1 1 1 1 1 1 1 1 1 1 1 1 1 1 1 1 1 1 1 1 1 1 1 1 1
ciInstanceKlass jdk/internal/misc/Unsafe 1 1 1196 10 9 9 10 10 10 10 10 10 10 10 10 10 10 10 10 10 10 10 10 100 10 10 10 5 0 10 10 10 10 10 10 10 10 10 100 10 10 10 10 10 10 10 10 10 10 10 10 10 10 5 0 5 0 5 0 10 10 10 100 10 10 10 10 10 10 10 10 10 100 10 10 10 10 8 10 8 8 10 9 9 9 9 9 9 9 9 10 10 10 10 5 0 5 0 9 10 10 10 10 10 8 3 10 10 10 10 10 10 10 10 10 10 10 10 10 10 10 10 10 10 10 10 10 10 10 10 10 10 10 10 10 10 10 10 10 10 10 10 10 10 10 10 10 10 10 10 10 10 10 10 10 10 10 10 10 10 10 10 10 10 10 10 10 10 10 10 10 10 10 10 10 10 10 10 10 10 10 10 10 10 10 10 10 10 10 10 10 10 10 10 10 10 10 10 10 10 10 10 100 10 100 10 9 5 0 10 5 0 10 5 0 10 10 10 10 10 10 10 10 10 10 10 10 10 10 10 10 10 10 10 10 10 10 10 10 10 10 10 10 10 10 10 5 0 5 0 5 0 10 10 10 10 10 8 100 11 8 11 10 10 7 10 7 10 9 7 9 7 9 7 9 7 9 7 9 7 9 7 9 7 9 10 9 9 9 9 9 9 9 9 9 10 10 10 7 1 1 1 1 1 3 1 1 1 1 1 1 1 1 1 1 1 1 1 1 1 1 1 1 1 1 1 1 1 1 1 1 1 1 1 1 1 1 1 1 1 1 1 1 1 1 1 1 1 1 1 1 1 1 1 1 1 1 1 1 1 1 1 1 1 1 1 1 1 1 1 1 1 1 1 1 1 1 1 1 1 1 1 1 1 1 1 1 1 1 1 1 1 1 1 1 1 1 1 1 1 1 1 1 1 1 1 1 1 1 1 1 1 1 1 1 1 1 1 1 1 1 1 1 1 7 1 1 1 1 1 1 1 1 1 1 1 1 1 1 1 1 1 1 1 1 1 1 1 1 1 1 1 1 1 1 1 1 1 1 1 1 1 1 1 1 1 1 1 1 1 1 1 1 1 1 1 1 1 1 1 1 1 1 1 1 1 1 1 1 1 1 1 1 1 1 1 1 1 1 1 1 100 1 1 1 1 1 1 1 1 1 1 1 1 1 1 1 1 1 1 1 1 1 1 1 1 1 1 1 1 1 1 1 1 1 1 1 1 1 1 1 1 1 1 1 1 1 1 1 1 1 1 1 1 1 1 1 1 1 1 1 1 1 1 1 1 1 1 1 1 1 1 1 1 1 1 1 1 1 1 1 1 1 1 1 1 1 1 1 1 1 1 1 1 1 1 1 1 1 1 1 1 1 1 1 1 1 1 1 1 1 1 1 1 1 1 1 1 1 1 1 1 1 1 1 1 1 1 1 1 1 1 1 1 1 1 1 1 1 1 1 1 1 1 1 1 1 1 1 1 1 1 1 1 1 1 1 1 1 1 1 1 1 1 1 1 1 1 1 1 1 1 1 1 1 1 1 1 1 1 1 1 1 1 1 1 1 1 1 1 1 1 1 1 1 1 1 1 1 1 1 1 1 1 1 1 1 1 1 1 1 1 1 1 1 1 1 1 1 1 1 1 1 1 1 1 1 1 1 1 1 1 1 1 1 1 1 1 1 1 1 1 1 1 1 1 1 1 1 1 1 1 1 1 1 1 1 1 1 1 1 1 1 1 1 1 1 1 1 1 1 1 1 1 1 1 1 1 1 1 1 1 1 1 1 1 1 1 1 1 1 1 1 1 1 1 1 1 1 1 1 1 1 1 1 1 1 1 1 1 1 1 1 1 1 1 1 1 1 1 1 1 1 1 1 1 1 1 1 1 1 1 1 1 1 1 1 1 1 1 1 1 1 1 1 1 1 1 1 1 1 1 1 1 1 1 1 1 1 1 1 1 1 1 1 1 1 1 1 1 1 1 1 1 1 1 1 1 1 1 1 1 1 1 1 1 1 1 1 1 1 1 1 1 1 1 1 100 1 1 1 12 12 12 12 7 12 12 12 12 12 12 12 12 12 12 12 12 12 12 12 12 1 12 12 12 12 12 12 12 12 12 12 12 1 12 12 12 12 12 12 12 12 12 12 12 12 12 12 12 12 1 12 12 12 12 12 12 12 12 1 12 12 12 1 12 1 1 12 7 12 100 7 7 100 100 100 12 12 12 12 12 12 12 12 12 12 1 12 12 12 12 12 12 12 12 12 12 12 12 12 12 12 12 12 12 12 12 12 12 12 12 12 12 12 12 12 12 12 12 12 12 12 12 12 12 12 12 12 12 12 12 12 12 12 12 12 12 12 12 12 12 12 12 12 12 12 12 12 12 12 12 12 12 12 12 12 12 12 12 12 12 12 12 12 12 12 12 12 12 12 12 12 12 12 12 12 12 12 12 12 12 12 12 1 1 12 12 12 12 12 12 12 12 12 12 12 12 12 12 12 12 12 12 12 12 12 12 12 12 12 12 12 12 12 12 12 12 12 12 12 12 12 100 12 1 1 12 1 12 12 12 1 1 12 12 12 1 12 1 12 1 12 1 12 1 12 12 12 12 12 12 12 12 12 12 12 12 12 12 12 12 1 1 1 1 1 1 1 1 1 1 1 1 1 1 1 1 1 1 1 1 1 1 1 1 1 1 1 1 1 1 1 1 1 1 1 1
staticfield jdk/internal/misc/Unsafe theUnsafe Ljdk/internal/misc/Unsafe; jdk/internal/misc/Unsafe
staticfield jdk/internal/misc/Unsafe ARRAY_BOOLEAN_BASE_OFFSET I 16
staticfield jdk/internal/misc/Unsafe ARRAY_BYTE_BASE_OFFSET I 16
staticfield jdk/internal/misc/Unsafe ARRAY_SHORT_BASE_OFFSET I 16
staticfield jdk/internal/misc/Unsafe ARRAY_CHAR_BASE_OFFSET I 16
staticfield jdk/internal/misc/Unsafe ARRAY_INT_BASE_OFFSET I 16
staticfield jdk/internal/misc/Unsafe ARRAY_LONG_BASE_OFFSET I 16
staticfield jdk/internal/misc/Unsafe ARRAY_FLOAT_BASE_OFFSET I 16
staticfield jdk/internal/misc/Unsafe ARRAY_DOUBLE_BASE_OFFSET I 16
staticfield jdk/internal/misc/Unsafe ARRAY_OBJECT_BASE_OFFSET I 16
staticfield jdk/internal/misc/Unsafe ARRAY_BOOLEAN_INDEX_SCALE I 1
staticfield jdk/internal/misc/Unsafe ARRAY_BYTE_INDEX_SCALE I 1
staticfield jdk/internal/misc/Unsafe ARRAY_SHORT_INDEX_SCALE I 2
staticfield jdk/internal/misc/Unsafe ARRAY_CHAR_INDEX_SCALE I 2
staticfield jdk/internal/misc/Unsafe ARRAY_INT_INDEX_SCALE I 4
staticfield jdk/internal/misc/Unsafe ARRAY_LONG_INDEX_SCALE I 8
staticfield jdk/internal/misc/Unsafe ARRAY_FLOAT_INDEX_SCALE I 4
staticfield jdk/internal/misc/Unsafe ARRAY_DOUBLE_INDEX_SCALE I 8
staticfield jdk/internal/misc/Unsafe ARRAY_OBJECT_INDEX_SCALE I 4
staticfield jdk/internal/misc/Unsafe ADDRESS_SIZE I 8
staticfield jdk/internal/misc/Unsafe BE Z 0
staticfield jdk/internal/misc/Unsafe unalignedAccess Z 1
ciInstanceKlass jdk/internal/module/Modules 1 1 483 10 9 11 11 11 11 11 11 11 11 10 10 18 10 100 10 10 10 10 11 10 10 10 10 9 10 10 10 100 100 11 10 11 10 10 10 10 10 11 18 11 10 11 100 11 11 11 10 10 18 11 18 11 10 18 18 10 9 11 100 10 11 11 7 11 10 100 10 10 10 11 10 100 10 18 10 100 8 10 10 18 11 11 10 10 10 18 10 10 7 10 10 100 1 1 1 1 1 1 1 1 1 1 1 1 1 1 1 1 1 1 1 1 1 1 1 1 1 1 1 1 1 1 1 1 1 1 1 1 1 1 1 1 1 1 1 1 1 1 1 1 1 1 1 1 1 1 1 1 7 100 100 1 1 1 1 1 1 1 1 1 1 1 1 1 1 1 1 1 1 1 1 1 1 1 1 1 1 1 1 1 1 1 100 100 100 100 100 100 100 100 1 1 1 1 1 1 100 1 1 1 1 1 1 1 1 1 1 100 1 1 1 1 1 1 1 1 1 12 12 7 12 12 12 12 12 12 12 12 12 100 12 1 15 16 15 16 12 100 12 1 100 12 100 12 12 12 12 12 12 12 12 12 100 12 1 1 12 100 12 12 12 12 100 12 12 12 12 16 15 16 12 12 100 12 100 12 1 12 12 12 12 100 12 16 15 16 12 12 16 15 16 12 12 12 15 16 15 16 12 12 12 1 12 12 1 12 1 12 12 12 12 12 1 15 16 12 12 1 1 12 12 15 16 12 12 12 15 12 1 12 7 12 1 1 1 1 1 1 1 1 1 1 1 1 1 1 1 1 1 1 1 1 10 1 10 1 1 1 1 1 1 1 1 1 1 1 1 1 1 1 1 1 1 1 1 1 1 1 1 1 1 1 1 1 1 1 1 1 1 1 1 1 1 1 10 1 1 1 1 1 1 1 1 1 1 1 1 1 1 1 1 1 1 1 1 10 1 1 1 1 1 1 10 1 1 1 1 1 1 10 1 10 1 1 1 1 1 1 1 1 1 1 1 1 1 10 1 1 1 1 1 10 1 1 10 1 1 1 1 1 100 12 12 12 12 12 12 12 12 12 1 1 100 1 1 1 1 1 100 1 1
staticfield jdk/internal/module/Modules JLA Ljdk/internal/access/JavaLangAccess; java/lang/System$2
staticfield jdk/internal/module/Modules $assertionsDisabled Z 1
instanceKlass com/mysql/cj/protocol/a/CompressedInputStream
instanceKlass com/mysql/cj/protocol/ReadAheadInputStream
instanceKlass org/glassfish/jersey/message/internal/InboundMessageContext$1
instanceKlass org/glassfish/jersey/message/internal/EntityInputStream
instanceKlass java/io/ObjectInputStream
instanceKlass java/util/jar/JarVerifier$VerifierStream
instanceKlass org/apache/catalina/webresources/TrackedInputStream
instanceKlass jakarta/servlet/ServletInputStream
instanceKlass com/sun/org/apache/xerces/internal/impl/XMLEntityManager$RewindableInputStream
instanceKlass java/util/zip/ZipFile$ZipFileInputStream
instanceKlass java/io/FilterInputStream
instanceKlass java/io/FileInputStream
instanceKlass java/io/ByteArrayInputStream
ciInstanceKlass java/io/InputStream 1 1 170 100 10 100 10 10 10 10 100 3 10 100 8 10 7 10 3 100 8 10 7 10 11 10 11 11 11 7 10 5 0 10 8 10 8 10 10 7 100 1 1 1 1 3 1 3 1 1 1 1 1 1 1 1 1 1 1 1 1 1 1 1 1 1 1 1 1 1 1 1 1 1 1 1 1 1 1 1 1 1 1 1 1 1 7 7 1 1 1 1 1 1 1 1 1 1 1 1 1 1 1 1 1 1 1 1 1 1 1 1 12 1 12 7 12 12 1 12 1 1 12 1 7 12 1 1 1 12 100 12 12 12 12 7 12 12 1 12 100 12 1 1 1 1 1 1 1 1 1 1 1 1 1 1 1 1 1 1 1 1 1 1 1 1 1 1 1 1 1 1
instanceKlass sun/security/util/DerInputBuffer
ciInstanceKlass java/io/ByteArrayInputStream 1 1 96 10 9 9 9 9 10 10 10 10 10 10 7 7 1 1 1 1 1 1 1 1 1 1 1 1 1 1 1 1 1 1 1 1 1 1 1 1 1 1 1 1 1 1 1 1 1 1 100 1 1 1 1 1 1 1 1 1 1 1 1 1 1 12 12 12 12 12 7 12 7 12 7 12 100 12 12 100 12 1 1 1 1 1 1 1 1 1 1 1 1 1 1 1 1 1
ciInstanceKlass java/net/URL 1 1 744 10 10 10 9 9 10 10 10 9 10 8 10 7 10 10 8 10 9 7 8 10 10 8 9 10 9 10 10 9 9 8 9 10 8 9 10 10 8 10 7 10 10 10 10 10 8 10 10 8 9 8 10 10 100 10 10 10 100 8 10 10 8 10 10 10 10 10 10 8 10 7 10 10 10 9 10 9 10 10 100 100 10 10 10 10 10 10 7 10 10 10 100 10 10 8 9 10 10 9 10 100 10 10 10 10 10 10 10 10 10 10 10 9 9 100 8 10 10 9 10 8 10 8 10 10 8 8 10 100 10 10 10 7 100 10 9 10 8 10 100 10 10 8 9 10 10 10 10 10 11 10 10 9 10 10 10 8 10 7 100 10 8 8 10 8 8 8 100 10 9 10 10 10 10 10 10 10 10 10 10 10 10 10 10 10 100 8 10 10 10 10 10 8 7 10 7 10 7 10 7 7 10 9 9 7 10 10 100 1 1 1 1 1 1 1 5 0 1 1 1 1 1 1 1 1 1 1 1 1 1 1 1 1 1 1 1 1 1 1 1 1 1 1 1 1 1 1 1 1 1 1 1 1 1 1 1 1 1 1 1 1 1 1 1 1 1 1 1 1 1 1 1 1 1 1 1 1 1 1 1 1 1 1 1 1 1 1 1 1 1 1 1 1 1 1 100 1 1 1 1 1 1 1 1 1 1 1 1 1 1 1 1 1 1 1 1 1 1 1 1 1 1 1 1 1 1 1 1 1 1 1 100 100 1 1 1 1 1 1 1 1 1 1 1 1 1 1 7 1 1 1 1 1 1 1 1 1 1 1 1 1 1 100 7 1 1 1 1 1 1 1 1 1 1 1 1 1 1 1 1 1 1 100 1 1 100 1 1 100 1 1 1 1 1 1 1 1 1 1 1 1 1 1 1 1 1 1 1 1 1 1 1 12 12 12 12 12 7 12 12 12 12 12 1 12 1 12 1 12 12 1 1 12 12 1 12 12 12 12 12 12 12 1 12 12 1 12 12 7 12 1 12 1 12 12 12 12 12 1 12 12 1 12 1 12 12 1 12 12 12 1 1 12 1 12 12 12 12 12 12 1 12 1 7 12 12 100 12 12 12 12 100 12 1 1 12 12 12 12 12 12 1 12 1 12 12 1 12 100 12 12 100 12 12 1 12 12 12 12 12 12 12 7 12 12 12 12 12 1 1 12 12 12 1 7 12 1 12 12 1 1 12 1 100 12 12 12 1 1 12 12 1 12 1 100 12 100 12 12 12 12 12 7 12 12 12 12 12 12 100 12 12 12 1 1 12 1 12 12 12 12 12 12 12 12 12 12 12 12 12 12 1 1 12 12 12 1 1 1 1 1 1 12 7 12 12 1 7 12 1 1 1 1 1 1 1 1 1 1 1 1 1 1 1 1 1 1 1 1 1 1 1 1 1 1 1 1 1 1 1 1 1 1 1 1 1 1 1 1 1 1 1 1 1 1 1 1 1 1 1 1 1 1 1 1 1 1 1 1 1 1 1 1 1 1 1 1 1 1 1 1 1 1 1 1 1 1 1 1 1 1 1 1 1 1 1 1 1 1 1 1 1 1 1 1 1 1 1 1 1 1 1 1 1 1 1 1 1 1 1 1 1 1 1 1 1 1 1 1 1 1 1 1 1 1 1 1 1 1 1 1 1 1
staticfield java/net/URL defaultFactory Ljava/net/URLStreamHandlerFactory; java/net/URL$DefaultFactory
staticfield java/net/URL streamHandlerLock Ljava/lang/Object; java/lang/Object
staticfield java/net/URL serialPersistentFields [Ljava/io/ObjectStreamField; 7 [Ljava/io/ObjectStreamField;
ciInstanceKlass java/util/jar/Manifest 1 1 301 10 7 10 9 7 10 9 9 10 10 10 10 10 11 11 10 10 100 100 10 8 10 10 10 10 11 100 10 10 11 11 11 11 100 100 8 10 11 7 9 10 10 10 10 8 10 10 11 10 10 10 8 10 7 10 10 10 100 8 10 10 8 10 10 10 10 11 10 10 10 7 10 11 10 11 10 7 100 1 1 1 1 1 1 1 1 1 1 1 1 1 1 1 1 1 1 1 1 1 1 1 1 1 1 1 1 1 1 1 1 1 1 1 1 1 1 1 1 1 1 1 1 1 1 1 1 1 1 1 1 1 100 100 1 1 1 1 1 1 1 1 1 1 1 1 1 1 1 1 1 1 1 1 100 100 1 1 1 1 1 1 1 1 1 1 1 1 1 1 1 1 12 1 12 1 12 12 12 12 12 12 12 7 12 12 100 12 1 1 1 12 12 12 12 1 12 12 12 100 12 12 12 1 1 1 12 1 7 12 12 12 12 12 1 12 12 12 12 12 1 12 1 12 12 12 1 1 12 1 12 7 12 12 12 12 12 7 12 12 1 12 12 12 1 1 1 1 1 1 1 1 1 1 1 1 1 1 1 1 1 1 1 1 1 1 1 1 1 1 1 1 1 1 1 1 1 1 1 1 1 1 1 1 1 1 1 1 1 1 1 1 1 1 1 1 1 1 1 1 1
ciInstanceKlass jdk/internal/loader/ClassLoaders 1 1 143 10 9 9 9 7 11 100 11 11 10 10 100 100 10 9 8 10 7 10 7 10 10 7 10 8 10 8 8 7 10 7 100 1 1 1 1 1 1 1 1 1 1 1 1 1 1 1 1 1 1 1 1 1 1 1 1 1 1 1 1 1 1 1 100 1 1 1 1 1 1 1 1 1 1 1 1 12 12 12 12 1 100 12 1 12 12 100 12 100 12 1 1 7 12 12 1 7 12 1 12 1 12 12 1 12 1 7 12 1 1 1 12 1 1 1 1 1 1 1 1 1 1 1 1 1 1 1 1 1 1 1 1 1 1 1 1 1 1 1 1 1 1
staticfield jdk/internal/loader/ClassLoaders JLA Ljdk/internal/access/JavaLangAccess; java/lang/System$2
staticfield jdk/internal/loader/ClassLoaders BOOT_LOADER Ljdk/internal/loader/ClassLoaders$BootClassLoader; jdk/internal/loader/ClassLoaders$BootClassLoader
staticfield jdk/internal/loader/ClassLoaders PLATFORM_LOADER Ljdk/internal/loader/ClassLoaders$PlatformClassLoader; jdk/internal/loader/ClassLoaders$PlatformClassLoader
staticfield jdk/internal/loader/ClassLoaders APP_LOADER Ljdk/internal/loader/ClassLoaders$AppClassLoader; jdk/internal/loader/ClassLoaders$AppClassLoader
instanceKlass jdk/internal/loader/ClassLoaders$BootClassLoader
instanceKlass jdk/internal/loader/ClassLoaders$PlatformClassLoader
instanceKlass jdk/internal/loader/ClassLoaders$AppClassLoader
ciInstanceKlass jdk/internal/loader/BuiltinClassLoader 1 1 717 10 10 9 9 7 10 9 9 10 10 11 100 100 10 10 8 10 10 7 10 10 11 11 11 7 9 8 8 10 10 9 11 7 10 10 10 10 10 10 10 11 10 7 10 10 10 100 8 10 10 8 10 10 11 11 100 7 10 11 11 10 7 10 10 7 7 10 7 7 10 10 100 10 11 7 100 10 10 100 100 10 10 18 10 10 18 100 10 7 10 10 10 10 10 9 100 10 10 10 10 10 10 10 10 10 10 18 7 10 10 10 10 100 10 7 10 10 10 11 7 10 7 100 10 10 11 10 10 10 10 10 10 10 10 8 10 10 10 100 8 8 10 10 8 8 10 11 9 10 9 9 9 9 9 9 10 8 10 7 10 10 7 7 10 11 10 10 10 100 10 10 10 7 10 10 8 10 7 100 1 1 1 1 1 1 1 1 1 1 1 1 1 1 1 1 1 1 1 1 1 1 1 1 1 1 1 1 1 7 7 1 1 1 1 1 1 1 1 1 1 1 7 1 1 1 1 1 1 1 1 1 1 1 1 1 1 1 1 1 1 1 1 1 1 1 1 1 1 1 1 1 1 1 1 1 1 1 100 1 1 1 1 1 1 1 1 1 1 1 1 1 1 1 1 1 1 1 1 1 1 1 100 100 1 1 1 1 1 1 1 1 1 1 1 1 1 7 1 1 1 1 1 1 1 1 1 1 1 1 1 1 1 1 1 1 1 1 1 1 1 1 1 1 7 1 1 1 1 1 1 1 1 1 1 1 1 7 7 1 1 1 1 1 1 1 1 1 1 1 1 1 1 1 1 1 7 1 1 1 1 1 1 1 1 1 1 7 12 12 12 12 1 12 12 12 12 12 12 1 1 12 1 12 12 1 12 12 7 12 12 12 1 12 1 1 12 7 12 12 12 1 12 12 12 7 12 12 12 12 12 7 12 1 7 12 12 1 1 12 1 12 12 12 12 1 1 12 12 1 12 12 1 1 12 1 1 12 7 12 1 12 12 1 1 12 12 1 1 12 12 1 15 16 15 16 12 12 12 15 16 1 7 12 1 12 12 12 12 12 1 12 12 12 12 12 12 12 12 12 15 16 12 1 12 12 12 12 1 12 100 1 1 12 12 12 12 1 12 1 12 12 12 12 12 12 12 12 12 12 12 1 12 12 12 1 1 1 12 1 1 7 12 7 12 7 12 12 12 12 12 12 12 12 12 1 12 1 12 12 1 1 12 12 12 12 1 12 12 1 12 12 1 12 1 1 1 1 1 1 1 1 1 1 1 1 1 1 1 1 1 1 1 1 1 1 1 1 1 1 1 1 1 1 1 1 1 1 1 1 1 1 1 1 1 1 1 1 1 1 1 1 1 1 1 1 1 1 1 1 1 1 1 1 1 1 1 1 1 1 1 1 1 1 10 10 1 1 1 1 10 1 1 1 1 1 1 1 1 1 1 1 1 1 10 1 1 1 1 1 1 1 1 1 1 1 1 1 1 1 1 1 1 1 1 1 1 1 1 1 1 1 1 1 1 1 1 1 1 1 1 1 1 1 1 1 1 1 1 1 1 1 1 1 1 1 1 1 1 1 1 1 1 1 100 12 12 12 12 1 1 100 1 1 100 1 1
staticfield jdk/internal/loader/BuiltinClassLoader packageToModule Ljava/util/Map; java/util/concurrent/ConcurrentHashMap
staticfield jdk/internal/loader/BuiltinClassLoader $assertionsDisabled Z 1
ciInstanceKlass jdk/internal/loader/ClassLoaders$AppClassLoader 1 1 134 8 10 9 10 10 10 10 10 10 7 8 10 10 10 9 11 10 10 100 10 7 7 1 1 1 100 1 1 1 1 1 1 1 1 1 1 1 1 1 1 1 1 1 1 1 1 1 1 100 1 100 1 1 1 1 1 1 1 1 1 1 1 1 1 1 1 1 1 1 1 1 1 1 1 1 1 1 1 100 1 12 12 7 12 100 12 12 12 12 12 1 1 12 7 12 7 12 12 100 12 12 7 12 1 12 1 1 1 1 1 1 1 1 1 1 1 1 1 1 1 1 1 1 1 1 1 1 1 1 1 1 1 1
ciInstanceKlass jdk/internal/loader/ClassLoaders$PlatformClassLoader 1 1 57 8 10 9 11 10 100 10 100 7 1 100 1 1 1 1 1 1 1 1 1 1 1 1 1 1 1 1 1 1 1 1 1 1 1 100 1 12 12 100 12 7 12 1 12 1 1 1 1 1 1 1 1 1 1 1 1
ciInstanceKlass java/security/CodeSource 1 1 402 10 9 9 9 9 10 9 10 100 10 100 10 7 10 10 10 100 10 10 10 10 10 100 10 10 10 10 10 10 10 10 10 10 10 10 10 8 10 10 10 10 8 10 10 100 10 10 8 10 10 10 8 8 9 100 8 10 10 8 10 8 8 8 10 10 10 10 10 10 100 100 10 10 10 10 10 100 10 10 8 10 10 10 100 10 100 100 8 8 10 10 10 100 10 10 11 10 10 11 10 10 8 100 10 10 100 10 11 11 7 100 1 1 1 5 0 1 1 1 1 1 1 1 1 1 1 1 1 1 1 1 1 1 1 1 1 1 100 1 1 1 1 1 1 1 1 1 1 1 1 1 1 1 1 1 1 1 1 1 1 1 1 1 1 1 1 1 1 1 1 1 1 1 1 1 1 1 1 1 100 1 1 1 1 1 1 1 1 1 1 1 1 1 100 1 1 1 1 1 1 1 1 1 1 1 1 1 1 1 1 1 1 100 100 100 1 1 1 1 1 1 1 1 1 12 12 12 12 12 7 12 12 100 12 100 12 1 12 12 100 1 12 100 12 12 12 1 12 100 100 12 100 12 12 12 12 12 12 1 12 12 12 12 1 12 1 12 1 12 12 12 1 1 12 1 1 12 12 1 12 1 1 1 12 12 12 12 12 12 1 1 12 12 12 12 12 1 12 1 12 12 12 1 12 1 1 1 1 12 100 12 1 12 12 12 12 12 100 1 1 12 12 1 12 12 1 1 1 1 1 1 1 1 1 1 1 1 1 1 1 1 1 1 1 1 1 1 1 1 1 1 1 1 1 1 1 1 1 1 1 1 1 1 1 1 1 1 1 1 1 1 1 1 1 1 1 1 1 1 1 1 1 1 1 1 1 1 1 1 1 1 1 1 1 1 1 1 1 1 1 1
ciInstanceKlass java/lang/StackTraceElement 1 1 224 10 10 9 9 9 9 8 10 100 9 8 9 9 9 8 10 10 100 10 10 8 10 10 8 8 8 10 8 8 10 8 8 7 10 10 10 10 9 10 10 7 10 10 10 10 10 10 10 10 10 7 100 7 1 1 1 1 1 1 1 1 1 1 1 1 1 1 1 1 1 1 1 3 1 3 1 1 5 0 1 1 1 1 1 1 1 1 1 1 1 1 1 1 1 1 1 1 1 1 1 1 1 1 1 1 1 1 1 1 1 1 1 1 1 1 1 1 7 100 7 100 1 1 1 1 1 1 1 1 1 1 1 1 1 100 1 1 1 1 1 1 1 1 1 1 12 12 12 12 12 12 1 100 12 1 12 1 12 12 12 1 12 12 1 12 1 12 12 1 1 1 12 1 1 12 1 1 1 12 12 12 12 12 12 12 1 12 7 12 7 12 12 12 12 12 12 1 1 1 1 1 1 1 1 1 1 1 1 1 1 1 1 1 1 1 1 1 1 1 1 1 1 1
instanceKlass java/nio/IntBuffer
instanceKlass java/nio/LongBuffer
instanceKlass java/nio/CharBuffer
instanceKlass java/nio/ByteBuffer
ciInstanceKlass java/nio/Buffer 1 1 195 100 10 9 9 10 9 10 10 100 100 10 8 10 10 8 8 10 10 8 9 100 8 10 8 8 9 10 8 8 8 10 8 8 8 100 10 100 10 100 10 100 10 7 10 10 9 7 10 10 7 1 1 1 1 1 1 3 1 1 1 1 1 1 1 1 1 1 1 1 1 1 1 1 1 1 1 1 1 1 1 1 1 1 1 1 1 100 1 1 1 1 1 1 1 1 1 1 1 1 1 1 1 1 1 1 1 1 1 1 1 1 1 1 1 1 1 1 1 1 1 1 1 1 1 1 1 1 1 1 1 1 1 12 12 12 12 12 12 12 1 1 1 12 12 1 1 12 12 1 12 1 1 12 1 1 12 12 1 1 1 12 1 1 1 1 1 1 1 1 7 12 7 12 12 1 7 12 1 1 1 1 1 1 1 1 1 1 1 1 1 1 1 1 1
staticfield java/nio/Buffer UNSAFE Ljdk/internal/misc/Unsafe; jdk/internal/misc/Unsafe
staticfield java/nio/Buffer $assertionsDisabled Z 1
ciInstanceKlass java/lang/StackWalker 1 1 235 9 10 7 10 10 11 10 10 7 10 100 8 10 10 10 10 9 9 9 9 10 9 10 11 100 8 10 10 9 10 10 10 18 100 8 10 10 10 9 11 10 7 7 1 1 1 100 1 1 1 1 1 1 1 1 1 1 1 1 1 1 1 1 1 1 1 1 1 1 1 1 1 1 1 1 1 1 1 1 1 1 1 1 1 1 1 1 1 1 1 100 1 1 1 1 1 1 1 1 1 1 1 1 1 1 1 1 1 1 1 1 1 1 1 1 1 1 1 1 1 1 1 1 1 1 1 1 1 1 12 7 12 1 7 12 12 7 12 12 12 1 12 1 1 12 12 12 12 12 12 12 12 12 12 100 12 12 1 1 12 12 12 7 12 7 12 1 15 16 15 16 12 1 1 12 100 12 12 100 12 12 1 1 1 1 1 1 1 1 1 1 1 1 1 1 1 1 1 1 1 1 1 1 1 1 1 1 1 1 10 10 1 1 1 1 1 1 1 1 1 1 1 1 100 12 12 1 1 100 1 1 100 1 1
staticfield java/lang/StackWalker DEFAULT_EMPTY_OPTION Ljava/util/EnumSet; java/util/RegularEnumSet
staticfield java/lang/StackWalker DEFAULT_WALKER Ljava/lang/StackWalker; java/lang/StackWalker
instanceKlass java/lang/StackStreamFactory$StackFrameTraverser
ciInstanceKlass java/lang/StackStreamFactory$AbstractStackWalker 1 1 306 7 100 3 10 10 10 9 10 9 9 9 9 9 10 10 9 10 10 9 9 100 10 8 10 10 8 10 10 100 8 10 8 10 9 10 9 8 5 0 8 8 9 10 10 10 9 10 10 10 10 10 10 8 10 10 10 10 8 7 10 10 10 10 10 10 9 8 10 10 10 10 10 10 10 10 10 10 8 7 1 1 1 1 1 1 1 1 1 1 7 1 1 1 1 1 1 1 1 1 1 1 1 1 1 1 1 1 1 1 1 1 1 1 1 1 1 1 1 1 1 1 1 1 7 1 1 1 1 1 1 100 1 1 1 1 1 1 1 100 1 1 1 1 1 1 1 1 1 1 1 1 1 1 1 1 1 1 1 1 1 1 1 1 1 12 12 7 12 12 12 12 12 12 12 7 12 7 12 12 12 12 12 12 100 12 1 1 12 12 1 12 100 12 1 1 12 1 12 7 12 12 12 1 1 1 12 12 12 12 12 12 12 12 12 12 12 1 12 12 12 12 1 1 12 12 12 12 12 100 12 12 1 12 12 12 12 12 12 12 12 12 12 1 1 1 1 1 1 1 1 1 1 1 1 1 1 1 1 1 1 1 1 1 1 1 1 1 1 1 1 1 1 1 1 1 1 1 1 1 1 1 1 1 1 1 1 1 1 1 1 1 1 1 1 1 1 1 1 1 1 1 1 1 1 1
instanceKlass java/lang/LiveStackFrameInfo
ciInstanceKlass java/lang/StackFrameInfo 1 1 132 10 9 9 9 11 9 11 10 10 10 11 11 11 10 9 10 10 10 11 10 9 10 100 8 10 10 7 7 100 1 1 1 1 1 1 1 1 1 1 1 1 1 1 1 1 1 1 1 1 1 1 1 1 1 1 1 1 1 1 1 1 1 1 1 1 1 1 1 1 1 100 100 1 1 1 1 1 12 7 12 12 7 12 12 12 12 7 12 12 12 12 12 12 12 12 12 12 12 12 12 12 1 1 12 7 12 1 1 1 1 1 1 1 1 1 1 1 1 1 1 1 1 1 1 1 1 1 1 1 1 1
staticfield java/lang/StackFrameInfo JLIA Ljdk/internal/access/JavaLangInvokeAccess; java/lang/invoke/MethodHandleImpl$1
ciInstanceKlass java/lang/LiveStackFrameInfo 0 0 97 10 9 9 9 9 9 100 10 10 8 10 100 8 8 8 10 100 10 100 10 100 100 100 1 1 1 1 1 1 1 1 3 1 3 1 1 1 1 1 1 1 1 1 1 1 1 1 1 1 1 1 1 1 1 1 1 1 100 1 1 1 1 1 1 1 1 1 1 12 12 12 12 12 12 1 12 12 1 12 1 1 1 1 1 12 1 12 1 1 1 1 1 1 1 1 1
instanceKlass java/util/concurrent/locks/AbstractQueuedSynchronizer
ciInstanceKlass java/util/concurrent/locks/AbstractOwnableSynchronizer 1 1 32 10 9 7 7 100 1 1 1 5 0 1 1 1 1 1 1 1 1 1 1 1 1 1 1 1 1 12 12 1 1 1
ciInstanceKlass java/lang/Boolean 1 1 128 10 9 10 10 8 10 9 9 8 10 7 10 10 100 100 10 10 8 10 9 7 100 100 1 1 1 1 1 1 1 1 1 1 1 1 5 0 1 1 1 1 1 1 1 1 1 1 1 1 1 1 1 1 1 1 1 1 1 1 1 1 1 1 7 1 1 1 1 1 1 1 1 1 1 1 100 1 1 1 1 1 1 1 1 1 1 1 1 1 1 1 1 1 12 12 12 12 1 12 12 12 1 12 1 12 7 12 1 1 12 12 1 7 12 12 1 1 1 1 1 1 1 1 1 1 1 1
staticfield java/lang/Boolean TRUE Ljava/lang/Boolean; java/lang/Boolean
staticfield java/lang/Boolean FALSE Ljava/lang/Boolean; java/lang/Boolean
staticfield java/lang/Boolean TYPE Ljava/lang/Class; java/lang/Class
ciInstanceKlass java/lang/Character 1 1 551 7 100 10 9 9 10 10 10 10 10 10 3 3 3 3 3 10 10 3 11 11 10 10 100 10 10 3 10 10 10 100 8 7 10 10 10 10 10 10 10 10 10 10 10 10 10 10 10 10 10 10 10 10 10 10 10 10 10 10 10 10 10 10 10 10 10 10 10 10 10 10 10 10 10 10 5 0 10 10 10 10 10 10 10 10 10 10 9 100 10 10 10 3 10 10 10 100 10 10 10 10 8 10 9 10 10 10 10 10 10 10 10 10 100 8 10 10 8 10 9 100 100 7 1 1 100 1 100 1 100 1 1 1 1 3 1 3 1 1 3 1 3 1 1 1 1 1 1 1 3 1 1 3 1 3 1 3 1 3 1 3 1 3 1 3 1 3 1 3 1 3 1 3 1 3 1 3 1 3 1 3 1 3 1 3 1 3 1 3 1 3 1 3 1 3 1 3 1 3 1 3 1 3 1 3 1 3 1 1 1 1 1 1 1 1 1 1 1 1 1 1 1 1 1 1 1 3 1 1 1 1 1 1 1 3 1 1 3 1 1 1 1 1 3 1 1 1 5 0 1 1 1 1 1 1 1 1 1 1 1 1 1 1 1 1 1 1 1 1 1 1 1 1 1 1 1 1 1 1 1 1 1 1 1 1 1 1 1 1 1 1 1 1 1 1 1 1 1 1 1 1 1 1 1 1 1 1 1 1 1 1 1 1 1 1 1 1 1 1 1 1 1 1 1 1 1 1 1 1 1 1 1 1 1 1 1 1 1 1 1 1 1 1 1 1 1 1 1 1 1 1 1 1 1 1 1 1 1 1 1 1 1 1 1 1 1 1 1 1 1 1 1 1 1 1 1 1 1 1 1 1 1 1 1 1 1 1 1 1 1 1 1 1 1 1 7 1 1 1 1 1 1 1 1 1 1 1 1 1 12 12 12 12 12 12 12 12 12 12 12 7 12 12 12 12 1 12 12 12 12 1 1 1 100 12 12 12 12 12 12 12 12 12 7 12 12 12 12 12 12 12 12 12 12 12 12 12 12 12 12 12 12 12 12 12 12 12 12 12 12 12 12 12 12 1 12 12 100 12 12 12 1 12 12 12 1 12 100 12 12 12 12 12 12 12 1 1 12 7 12 1 12 12 1 1 1 1 1 1 1 1 1 1 1 1 1 1 1 1 1 1 1 1 1 1 1 1 1 1 1 1 1 1 1 1 1 1 1 1 1 1 1 1 1 1 1 1 1 1 1
staticfield java/lang/Character TYPE Ljava/lang/Class; java/lang/Class
staticfield java/lang/Character $assertionsDisabled Z 1
instanceKlass java/math/BigInteger
instanceKlass java/math/BigDecimal
instanceKlass java/util/concurrent/atomic/Striped64
instanceKlass java/util/concurrent/atomic/AtomicLong
instanceKlass java/util/concurrent/atomic/AtomicInteger
instanceKlass java/lang/Long
instanceKlass java/lang/Integer
instanceKlass java/lang/Short
instanceKlass java/lang/Byte
instanceKlass java/lang/Double
instanceKlass java/lang/Float
ciInstanceKlass java/lang/Number 1 1 37 10 10 100 7 100 1 1 1 5 0 1 1 1 1 1 1 1 1 1 1 1 1 1 1 1 1 1 1 1 1 1 12 12 1 1 1
ciInstanceKlass java/lang/Float 1 1 192 7 100 10 10 4 100 10 10 8 8 10 10 10 10 4 4 4 10 9 10 10 10 10 10 10 3 10 10 10 10 8 10 9 7 100 1 1 1 1 1 4 1 1 1 4 1 1 3 1 3 1 3 1 3 1 1 1 1 1 1 1 5 0 1 1 1 1 1 1 1 1 1 1 1 1 1 100 1 1 1 1 1 1 1 1 1 1 1 1 1 1 1 1 1 1 1 1 1 1 1 1 1 1 1 1 1 1 1 1 1 1 1 1 1 1 1 1 1 1 1 1 1 1 1 1 1 1 1 1 1 1 1 1 1 1 1 1 1 1 1 1 1 1 1 1 100 12 100 12 1 12 12 1 1 100 12 12 12 12 12 12 12 12 12 12 12 12 12 12 12 1 7 12 12 1 1 1 1 1 1 1 1 1 1 1 1 1 1 1 1 1
staticfield java/lang/Float TYPE Ljava/lang/Class; java/lang/Class
ciInstanceKlass java/lang/Double 1 1 254 7 100 10 10 10 100 10 10 6 0 8 10 8 10 8 6 0 10 100 5 0 5 0 8 8 10 10 8 10 8 8 8 10 10 10 10 10 10 10 10 6 0 6 0 6 0 10 9 10 10 10 10 5 0 10 10 10 10 8 10 9 7 100 1 1 1 1 1 6 0 1 1 1 6 0 1 1 3 1 3 1 3 1 3 1 1 1 1 1 1 1 5 0 1 1 1 1 1 1 1 1 1 1 1 1 1 1 1 100 1 1 1 1 100 1 1 1 1 1 1 1 1 1 1 1 1 1 1 1 1 1 1 1 1 1 1 1 1 1 1 1 1 1 1 1 1 1 1 1 1 1 1 1 1 1 1 1 1 1 1 1 1 1 1 1 1 1 1 1 1 1 1 1 1 1 1 1 1 1 1 1 1 7 12 12 12 1 12 100 12 1 12 1 12 1 12 1 1 1 100 12 12 1 12 1 1 1 12 12 12 12 12 12 12 12 12 12 12 12 12 12 12 12 12 1 7 12 12 1 1 1 1 1 1 1 1 1 1 1 1 1 1 1 1 1 1 1 1 1 1 1 1 1
staticfield java/lang/Double TYPE Ljava/lang/Class; java/lang/Class
ciInstanceKlass java/lang/Byte 1 1 178 7 10 9 10 100 100 10 8 10 8 10 10 10 10 10 10 10 10 8 8 10 9 10 10 10 10 10 5 0 10 8 10 9 7 100 7 1 1 1 1 1 3 1 3 1 1 1 1 1 1 1 3 1 3 1 1 5 0 1 1 1 1 1 1 1 1 1 1 1 1 1 1 1 1 1 1 1 1 1 1 1 1 1 1 1 1 1 1 1 1 1 1 1 1 1 1 1 1 1 1 1 1 1 1 1 1 1 1 1 1 1 1 1 1 1 1 1 1 1 1 1 1 1 1 1 1 1 1 1 100 12 12 12 1 1 12 1 12 1 12 12 12 12 12 12 12 12 1 1 12 12 12 12 12 12 12 1 7 12 12 1 1 1 1 1 1 1 1 1 1 1 1 1 1 1 1 1
staticfield java/lang/Byte TYPE Ljava/lang/Class; java/lang/Class
ciInstanceKlass java/lang/Short 1 1 186 7 100 10 10 100 100 10 8 10 8 10 10 10 10 10 10 9 10 10 10 8 8 10 9 10 10 10 10 10 3 3 5 0 10 8 10 9 7 100 7 1 1 1 1 1 3 1 3 1 1 1 1 1 1 1 3 1 3 1 1 5 0 1 1 1 1 1 1 1 1 1 1 1 1 1 1 1 1 1 1 1 1 1 1 1 1 1 1 1 1 1 1 1 1 1 1 1 1 1 1 1 1 1 1 1 1 1 1 1 1 1 1 1 1 1 1 1 1 1 1 1 1 1 1 1 1 1 1 1 1 1 1 1 1 1 1 100 12 12 1 1 12 1 12 1 12 12 12 12 12 12 12 12 12 12 1 1 12 12 12 12 12 12 12 1 7 12 12 1 1 1 1 1 1 1 1 1 1 1 1 1 1 1 1 1
staticfield java/lang/Short TYPE Ljava/lang/Class; java/lang/Class
ciInstanceKlass java/lang/Integer 1 1 417 7 100 7 7 10 9 9 10 10 10 10 10 10 10 10 10 10 10 10 10 10 10 10 9 9 7 8 10 100 10 8 10 10 8 10 8 10 3 10 3 10 10 10 7 11 100 10 11 10 8 10 8 100 10 10 5 0 8 10 10 10 10 7 9 9 10 10 9 10 10 10 10 100 100 10 10 8 8 10 8 8 8 8 8 8 10 10 10 5 0 3 3 3 3 10 3 10 10 8 10 9 3 3 3 3 3 3 9 7 100 1 1 1 1 1 1 1 1 1 1 1 1 1 1 1 1 1 1 1 3 1 3 1 1 5 0 1 1 1 1 1 1 1 1 1 1 1 1 100 1 1 1 1 1 1 1 1 1 1 1 1 1 1 1 1 1 1 1 1 1 1 1 1 1 1 1 1 1 1 1 1 1 1 1 1 1 1 1 1 1 1 1 1 1 1 1 1 1 1 1 1 1 1 1 1 1 1 1 1 1 1 1 1 1 1 1 1 1 1 1 1 1 1 1 1 1 1 1 1 1 1 1 1 1 100 1 1 1 1 1 1 1 1 1 1 1 1 1 1 1 1 1 1 1 1 1 1 1 1 1 1 1 1 1 1 1 1 1 1 1 1 1 1 1 1 1 1 1 1 1 12 12 12 100 12 12 100 12 12 100 12 12 12 7 12 12 12 12 12 12 12 12 12 1 1 12 1 12 1 12 12 1 12 1 12 12 12 12 7 12 1 1 12 1 12 1 1 12 12 1 12 12 12 12 1 12 12 12 12 12 12 12 7 12 1 1 12 12 1 1 12 1 1 1 1 1 1 12 12 12 12 12 12 1 7 12 12 12 1 1 1 1 1 1 1 1 1 1 1 1 1 1 1 1 1 1 1 1 1 1 1 1 1 1 1 1 1 1 1 1 1 1 1 1 1 1 1 1 1 1 1 1 1 1 1 1
staticfield java/lang/Integer TYPE Ljava/lang/Class; java/lang/Class
staticfield java/lang/Integer digits [C 36
staticfield java/lang/Integer DigitTens [B 100
staticfield java/lang/Integer DigitOnes [B 100
staticfield java/lang/Integer sizeTable [I 10
ciInstanceKlass java/lang/Long 1 1 482 7 100 7 7 10 9 9 10 10 10 10 10 10 10 10 5 0 5 0 7 10 10 10 10 10 10 10 10 10 10 10 10 10 10 10 10 10 10 10 10 7 5 0 5 0 9 9 5 0 100 8 10 8 10 8 8 10 5 0 10 5 0 10 10 10 100 11 100 10 11 10 8 10 8 100 10 10 8 8 11 10 10 10 5 0 5 0 9 10 10 8 8 10 8 8 8 8 8 8 10 10 10 10 9 10 10 10 100 100 10 10 10 10 10 10 10 5 0 5 0 5 0 10 5 0 5 0 10 10 10 8 10 9 7 100 7 1 1 1 1 1 1 5 0 1 1 1 1 1 1 1 3 1 3 1 5 0 1 1 1 1 1 1 1 1 1 1 1 1 1 100 1 1 1 1 1 1 1 1 1 1 1 1 1 1 1 1 1 1 1 1 1 1 1 1 1 1 1 1 1 1 1 1 1 1 1 1 1 1 1 1 1 1 1 1 1 1 1 1 1 1 1 1 1 1 1 1 1 1 1 1 1 1 1 1 1 1 1 1 1 1 1 1 1 1 1 1 1 1 1 1 1 1 1 1 1 1 1 1 1 1 1 1 1 1 1 1 1 1 1 1 1 1 1 1 100 1 1 1 1 1 1 1 1 1 1 1 1 1 1 1 1 1 1 1 1 1 1 1 1 1 1 1 1 1 1 1 1 1 1 1 1 1 1 1 1 1 1 12 12 12 7 12 12 100 12 12 12 12 12 1 12 12 12 12 12 12 100 12 12 12 12 12 12 7 12 12 12 12 12 12 12 1 12 12 1 1 12 1 12 1 1 12 12 12 12 100 12 1 1 12 1 12 1 1 12 12 1 1 12 12 12 12 12 12 12 1 1 12 1 1 1 1 1 1 12 12 12 12 12 12 100 12 1 1 12 12 12 12 12 12 12 12 12 12 1 7 12 12 1 1 1 1 1 1 1 1 1 1 1 1 1 1 1 1 1 1 1 1 1 1 1 1 1 1 1 1 1 1 1 1 1 1 1 1 1 1 1 1 1 1 1 1 1 1 1 1 1 1 1 1 1 1 1 1 1 1 1 1 1 1
staticfield java/lang/Long TYPE Ljava/lang/Class; java/lang/Class
ciInstanceKlass java/lang/NullPointerException 1 1 26 10 10 100 7 1 1 1 5 0 1 1 1 1 1 1 1 1 1 1 1 1 12 12 1 1
ciInstanceKlass java/lang/ArithmeticException 1 1 26 10 10 100 100 1 1 1 5 0 1 1 1 1 1 1 1 1 1 1 1 1 12 12 1 1
ciInstanceKlass java/util/Set 1 1 138 100 10 10 7 10 10 7 7 10 7 7 7 10 10 11 100 1 1 1 1 1 1 1 1 1 1 1 1 1 1 1 1 1 1 1 1 1 1 1 1 1 1 1 1 1 1 1 1 1 1 1 1 1 1 1 1 1 1 1 1 1 1 1 1 1 1 1 1 1 1 1 1 1 1 1 1 1 1 1 1 1 1 1 1 1 1 1 1 1 1 1 1 1 1 1 1 1 1 1 1 1 1 1 1 1 1 1 7 12 7 12 1 1 1 12 12 1 1 1 12 1 1 1 1 12 12 12 1 1 1 1 1 1 1 1 1 1
instanceKlass java/util/AbstractQueue
instanceKlass java/util/TreeMap$Values
instanceKlass java/util/LinkedHashMap$LinkedValues
instanceKlass java/util/IdentityHashMap$Values
instanceKlass java/util/HashMap$Values
instanceKlass java/util/ArrayDeque
instanceKlass java/util/AbstractList
instanceKlass java/util/AbstractSet
instanceKlass java/util/ImmutableCollections$AbstractImmutableCollection
ciInstanceKlass java/util/AbstractCollection 1 1 173 100 10 10 10 11 11 10 7 10 10 10 10 10 7 10 7 3 10 100 8 10 3 100 10 11 11 10 10 10 11 8 100 10 10 8 10 10 7 1 1 1 1 1 1 1 1 1 1 1 1 1 1 1 1 1 1 1 1 1 1 1 1 1 1 1 1 7 1 1 1 1 1 1 1 1 1 1 1 1 1 1 1 1 1 1 1 1 1 1 1 1 1 1 1 1 1 1 1 1 1 1 1 1 1 1 1 1 1 1 1 1 1 12 12 12 12 12 12 1 100 12 12 12 7 12 7 12 100 12 1 12 1 1 12 1 12 12 12 7 12 1 1 12 1 12 12 1 1 1 1 1 1 1 1 1 1 1 1 1 1 1 1 1 1 1 1 1 1 1 1 1 1
ciInstanceKlass java/util/Objects 1 1 140 10 100 8 10 10 10 10 10 10 10 11 100 10 10 8 10 8 100 11 8 100 10 10 10 7 7 1 1 1 1 1 1 1 1 1 1 1 1 1 1 1 1 1 1 1 1 1 1 1 1 1 1 1 1 1 1 1 1 1 1 1 1 1 1 1 1 1 1 1 1 1 1 1 1 1 1 1 1 1 1 1 1 1 1 1 1 1 1 1 1 1 1 1 1 1 1 1 1 1 12 1 1 12 12 7 12 12 12 12 12 100 12 1 12 12 1 12 1 1 7 12 12 12 1 1 1 1 1 1 1 1 1 1 1 1 1 1 1 1
instanceKlass java/lang/ProcessEnvironment
instanceKlass org/antlr/v4/runtime/atn/Transition$1
instanceKlass org/hibernate/annotations/common/reflection/java/TypeEnvironmentMap$ContextScope
instanceKlass org/glassfish/jersey/message/internal/MediaTypes$3
instanceKlass org/glassfish/jaxb/runtime/v2/model/impl/ClassInfoImpl$PropertySorter
instanceKlass sun/nio/ch/WindowsSelectorImpl$FdMap
instanceKlass java/util/LinkedHashMap
ciInstanceKlass java/util/HashMap 1 1 590 10 100 10 100 10 100 11 11 11 10 7 3 10 100 100 10 8 10 10 10 10 10 8 10 9 10 9 4 10 10 11 9 4 10 11 11 11 11 7 11 11 10 10 9 10 9 9 9 10 9 7 10 10 10 10 10 9 10 7 3 7 10 10 9 9 10 10 10 10 9 7 10 9 7 10 9 7 10 100 10 11 100 10 11 11 10 100 100 10 10 10 10 10 10 10 8 10 100 10 4 10 4 10 10 10 8 4 10 100 11 10 10 10 10 7 7 100 100 1 1 100 1 100 1 100 1 100 1 100 1 100 1 100 1 100 1 100 1 1 1 1 1 1 1 1 5 0 1 1 3 1 1 1 1 3 1 3 1 3 1 1 1 1 1 1 1 1 1 1 1 1 1 1 1 1 1 1 1 1 1 1 1 1 1 1 1 1 1 1 1 1 1 1 1 100 7 100 1 1 1 1 1 1 1 1 1 1 1 1 1 1 1 1 1 1 1 1 1 1 1 1 1 1 1 1 1 1 1 1 1 1 1 7 1 1 1 1 1 1 1 1 1 1 1 1 1 100 1 1 1 1 1 1 1 1 1 1 1 1 1 1 1 1 1 1 1 1 1 1 1 1 1 1 1 1 1 1 1 1 1 1 1 1 1 1 1 1 1 1 1 1 1 1 1 1 1 1 1 7 1 1 1 1 1 1 100 1 1 1 1 1 1 1 1 1 1 1 1 1 1 1 1 1 1 1 7 1 1 1 1 1 1 7 1 1 1 1 1 1 1 1 1 1 1 7 1 1 1 1 1 1 1 1 1 1 1 1 1 1 1 1 100 1 1 1 1 1 100 1 1 1 1 100 100 1 1 1 1 1 1 1 1 1 1 1 1 1 1 1 1 1 1 1 1 100 1 1 1 1 12 1 12 1 12 1 12 12 12 12 1 12 1 1 1 12 12 12 12 7 12 1 12 12 12 12 12 12 12 12 12 12 12 12 12 1 12 12 12 12 12 12 12 12 12 12 12 1 12 12 12 12 12 12 12 1 1 12 12 12 12 12 12 12 12 1 12 12 1 12 1 1 12 1 12 12 12 1 1 12 12 12 12 12 12 12 12 1 100 12 12 12 12 1 100 12 1 100 12 12 12 12 1 1 1 1 1 1 1 1 1 1 1 1 1 1 1 1 1 1 1 1 1 1 1 1 1 1 1 1 1 1 1 1 1 1 1 1 1 1 1 1 1 1 1 1 1 1 1 1 1 1 1 1 1 1 1 1 1 1 1 1 1 1 1 1 1 1 1 1 1 1 1 1 1 1 1 1 1 1 1 1 1 1 1 1 1 1 1 1
instanceKlass java/lang/ProcessEnvironment$CheckedEntrySet
instanceKlass java/util/concurrent/ConcurrentSkipListMap$KeySet
instanceKlass org/glassfish/jaxb/runtime/v2/util/QNameMap$EntrySet
instanceKlass java/util/WeakHashMap$EntrySet
instanceKlass java/util/concurrent/CopyOnWriteArraySet
instanceKlass java/util/LinkedHashMap$LinkedKeySet
instanceKlass java/util/TreeSet
instanceKlass java/util/LinkedHashMap$LinkedEntrySet
instanceKlass java/util/TreeMap$KeySet
instanceKlass java/util/TreeMap$EntrySet
instanceKlass java/util/IdentityHashMap$EntrySet
instanceKlass java/util/Collections$SingletonSet
instanceKlass java/util/concurrent/ConcurrentSkipListSet
instanceKlass java/util/IdentityHashMap$KeySet
instanceKlass java/util/EnumSet
instanceKlass java/util/HashMap$EntrySet
instanceKlass java/util/HashMap$KeySet
instanceKlass java/util/WeakHashMap$KeySet
instanceKlass java/util/Collections$SetFromMap
instanceKlass java/util/Collections$EmptySet
instanceKlass java/util/HashSet
ciInstanceKlass java/util/AbstractSet 1 1 96 10 100 7 11 10 10 100 100 10 11 11 10 10 11 10 11 11 7 7 1 1 1 1 1 1 1 1 1 1 1 1 1 1 1 1 1 1 1 100 1 1 1 1 1 1 1 1 1 7 1 1 1 1 1 1 1 1 1 1 1 12 1 1 12 12 1 1 12 12 12 7 12 7 12 12 12 12 1 1 1 1 1 1 1 1 1 1 1 1 1 1 1 1 1 1
instanceKlass org/glassfish/jersey/server/wadl/internal/generators/WadlGeneratorJAXBGrammarGenerator$1
instanceKlass org/apache/catalina/util/ResourceSet
instanceKlass java/util/LinkedHashSet
ciInstanceKlass java/util/HashSet 1 1 272 10 7 10 9 11 4 10 10 10 10 7 10 10 11 10 10 10 9 10 10 10 10 7 10 100 100 10 10 10 10 10 10 11 11 10 10 10 100 100 10 8 10 10 10 10 10 10 8 10 4 10 4 10 8 4 10 100 10 11 100 10 7 10 7 10 7 7 100 100 1 1 1 5 0 1 1 1 1 1 1 1 1 1 1 1 1 1 1 1 1 1 1 1 1 1 1 1 1 1 1 1 1 1 1 1 1 1 1 1 1 1 1 1 1 1 1 1 1 1 1 1 1 1 1 1 1 1 1 100 1 100 1 1 1 1 1 100 100 1 1 1 1 1 1 1 12 1 12 7 12 7 12 12 12 12 1 12 12 12 12 12 12 12 12 12 1 1 1 12 100 12 12 12 12 12 12 12 12 12 12 1 1 1 12 12 12 12 12 100 12 1 12 12 12 1 100 12 100 1 1 1 12 100 12 1 12 1 1 12 1 1 1 1 1 1 1 1 1 1 1 1 1 1 1 1 1 1 1 1 1 1 1 1 1 1 1 1 1 1 1 1 100 1 1 1 1 1 1 1 1 1 1 1 1 1 1 1 1 1 1 1 100 1 1 1 1 1 1 1 1 1
staticfield java/util/HashSet PRESENT Ljava/lang/Object; java/lang/Object
ciInstanceKlass java/util/List 1 1 212 10 11 11 11 11 11 11 10 7 7 10 100 10 10 7 10 10 7 7 10 10 7 100 1 1 1 1 1 1 1 1 1 1 1 1 1 1 1 1 1 1 1 1 1 1 1 1 1 1 1 1 1 1 1 1 1 1 1 1 1 1 1 1 1 1 7 1 1 1 1 1 1 1 1 1 1 1 100 100 1 1 1 1 1 1 1 1 1 1 1 1 1 1 1 1 1 1 1 1 1 1 1 1 1 1 1 1 1 1 1 1 1 1 1 1 1 1 1 1 1 1 1 1 1 1 1 1 1 1 1 1 1 1 1 1 1 1 1 1 1 1 1 1 1 1 1 1 1 1 1 1 1 1 1 1 100 12 12 12 12 100 12 12 12 7 12 1 100 1 1 1 12 1 7 12 7 12 1 1 12 12 1 1 1 12 12 1 1 1 1 1 1 1 1 1 1 1 1 1 1 1 1 1 1 1 1 1 1 1 1 1
instanceKlass java/util/AbstractList$SubList
instanceKlass org/hibernate/internal/util/collections/JoinedList
instanceKlass com/sun/org/apache/xerces/internal/impl/xs/util/XSObjectListImpl
instanceKlass net/bytebuddy/matcher/FilterableList$AbstractBase
instanceKlass net/bytebuddy/matcher/FilterableList$Empty
instanceKlass org/glassfish/jaxb/runtime/v2/model/impl/ElementPropertyInfoImpl$1
instanceKlass sun/security/jca/ProviderList$ServiceList
instanceKlass sun/security/jca/ProviderList$3
instanceKlass java/util/ArrayList$SubList
instanceKlass java/util/Collections$SingletonList
instanceKlass java/util/AbstractSequentialList
instanceKlass java/util/Arrays$ArrayList
instanceKlass java/util/Vector
instanceKlass java/util/ArrayList
instanceKlass java/util/Collections$EmptyList
ciInstanceKlass java/util/AbstractList 1 1 218 10 9 10 10 100 10 10 11 11 11 10 10 11 11 11 10 10 11 11 11 7 10 7 10 10 7 100 10 7 10 100 100 10 8 10 10 10 10 8 100 8 8 8 10 7 11 10 10 11 10 8 8 7 7 1 1 1 100 1 1 1 1 1 1 1 1 1 1 1 1 1 1 1 1 1 1 1 1 1 1 1 1 1 1 1 1 1 1 1 1 1 1 1 1 1 1 1 7 1 1 1 1 1 1 1 1 1 7 1 1 1 1 1 1 1 1 1 1 1 1 1 1 1 1 1 1 1 1 1 1 1 7 1 1 1 1 1 1 1 1 1 1 1 1 1 1 100 12 12 12 12 1 12 12 12 12 12 12 12 12 12 12 12 100 12 1 12 1 12 12 1 1 12 1 1 1 1 12 12 12 12 1 1 1 1 1 1 12 12 12 1 1 1 1 1 1 1 1 1 1 1 1 1 1 1 1 1 1 1 1 1 1 1 1 1 1 1
ciInstanceKlass java/lang/reflect/Array 1 1 83 10 10 10 7 100 1 1 1 1 1 1 1 1 1 1 1 1 1 1 1 1 100 1 1 1 1 1 100 1 1 1 1 1 1 1 100 1 1 1 1 1 1 1 1 1 1 1 1 1 1 1 1 1 1 1 1 1 1 1 1 1 1 1 1 1 1 1 1 1 1 1 1 1 1 12 12 12 1 1 1 1 1
ciInstanceKlass java/lang/Math 1 1 389 10 10 10 10 10 10 10 7 6 0 6 0 10 10 10 10 10 10 10 10 10 10 10 10 100 3 3 3 10 100 5 0 5 0 5 0 5 0 5 0 9 10 100 8 10 8 10 10 100 5 0 5 0 100 3 5 0 3 5 0 10 10 10 9 9 10 7 6 0 10 9 100 10 10 100 10 10 10 10 10 10 10 10 10 6 0 10 10 10 10 7 4 10 10 10 10 10 10 10 10 10 10 10 5 0 6 0 4 6 0 4 6 0 4 10 9 10 9 10 4 6 0 100 100 1 1 1 1 1 6 0 1 6 0 1 1 1 1 1 1 1 1 1 1 1 1 1 1 1 1 1 1 1 1 1 1 1 1 1 1 1 1 1 1 1 1 1 1 1 1 1 1 1 1 1 1 1 1 1 1 1 1 1 1 1 1 1 1 1 1 1 1 1 1 1 1 1 1 1 1 1 1 1 1 1 1 1 1 1 1 1 1 1 1 1 1 1 1 1 1 1 1 1 1 1 1 1 1 1 1 1 1 1 1 1 1 1 1 1 1 1 1 1 1 1 1 1 1 1 1 1 1 1 1 1 1 1 1 1 1 1 1 1 1 1 1 1 1 1 1 1 1 1 1 1 1 1 1 1 1 1 1 12 7 12 12 12 12 12 12 1 12 12 12 12 12 12 12 12 12 12 12 12 1 12 1 12 100 12 1 1 12 1 12 12 1 1 12 12 12 12 12 12 1 12 12 1 12 1 12 12 12 12 12 12 12 12 12 12 12 12 12 1 12 12 12 12 12 12 12 12 12 12 12 12 12 12 12 7 12 1 1 1 1 1 1 1 1 1 1 1 1 1 1 1 1 1 1 1 1 1 1 1 1 1 1 1 1
staticfield java/lang/Math negativeZeroFloatBits J -2147483648
staticfield java/lang/Math negativeZeroDoubleBits J -9223372036854775808
staticfield java/lang/Math $assertionsDisabled Z 1
ciInstanceKlass java/util/Arrays 1 1 1057 10 100 7 10 8 10 10 8 8 10 10 100 10 10 10 10 10 10 10 10 10 7 10 100 10 10 100 10 10 100 10 10 100 10 10 100 10 10 100 10 10 100 10 10 9 10 100 10 10 10 100 10 10 7 9 10 10 10 10 10 10 7 11 10 10 10 10 10 10 10 10 11 10 100 10 10 100 10 10 100 10 10 100 10 10 10 10 10 10 10 10 10 10 10 10 10 10 10 10 10 10 10 10 10 10 10 10 10 10 10 10 10 10 10 7 10 10 8 7 10 10 10 10 9 100 10 9 100 10 9 100 10 9 100 10 9 100 10 9 100 10 9 100 10 100 10 10 9 100 10 10 10 10 10 10 10 10 10 10 10 8 8 10 10 8 10 10 10 10 100 3 10 100 10 10 11 10 10 10 10 10 10 10 10 10 11 8 10 11 11 11 11 18 11 11 18 11 18 11 18 100 10 10 10 10 10 10 10 10 10 10 10 10 10 10 10 10 10 10 10 10 10 10 10 10 10 10 10 10 10 10 10 10 10 100 1 1 1 7 1 100 1 1 1 1 3 1 3 1 1 1 1 1 1 1 1 1 1 1 1 1 1 1 1 1 1 1 1 1 1 1 1 1 1 1 1 1 1 1 1 1 1 1 1 1 1 1 1 1 1 1 1 1 1 1 1 1 1 1 1 1 1 1 7 1 1 1 1 1 1 1 1 1 1 1 1 1 1 1 1 1 1 1 1 1 1 1 1 1 1 1 1 1 1 1 1 1 1 1 1 1 1 1 1 1 1 1 1 1 1 1 1 1 1 1 1 1 1 1 1 1 1 1 1 1 1 1 1 1 1 1 1 1 1 1 1 1 1 1 1 1 1 1 1 1 1 1 1 1 1 1 1 1 1 1 1 1 1 1 1 1 1 1 1 1 1 1 1 1 1 1 1 1 1 1 1 1 1 1 1 1 1 1 1 1 1 1 1 1 1 1 1 1 1 1 1 1 1 1 1 1 1 1 1 1 1 1 1 1 1 1 1 1 1 1 1 1 1 1 1 1 1 1 1 1 1 1 1 1 1 1 1 1 1 1 1 1 1 1 1 1 1 1 1 1 1 1 1 1 1 1 1 1 1 7 1 1 1 1 1 1 1 1 1 1 1 1 1 1 1 1 1 1 1 1 1 1 1 1 1 1 1 1 1 1 1 1 1 1 1 1 1 1 1 1 1 1 1 1 1 1 1 1 1 1 1 100 1 1 1 100 1 1 1 100 1 1 1 1 1 1 1 1 1 1 1 1 1 1 1 1 1 1 1 1 1 1 1 1 1 1 1 1 1 1 1 1 1 1 1 1 1 1 1 1 1 1 1 1 1 1 1 1 1 1 1 1 1 1 1 1 1 1 12 1 1 1 12 12 1 1 12 12 1 12 100 12 12 12 12 12 12 12 12 1 100 12 100 1 1 1 12 12 100 1 1 12 100 1 1 12 100 1 1 12 100 1 1 12 100 1 1 12 100 1 1 12 12 7 12 100 1 1 12 12 7 12 12 12 12 7 12 100 12 12 12 12 1 12 12 7 12 12 12 100 12 12 12 12 7 12 100 1 1 12 1 1 12 1 1 12 1 1 12 12 12 12 12 12 12 100 12 12 100 12 12 12 7 12 12 12 12 12 12 12 12 12 12 12 12 12 12 12 12 12 12 1 7 12 12 1 1 12 12 12 12 100 12 12 12 100 12 100 12 100 12 100 12 12 12 12 12 1 12 12 12 12 12 12 12 12 12 12 1 1 12 12 1 12 12 12 7 12 1 1 12 100 12 12 12 12 12 12 12 12 12 12 12 1 12 100 12 100 12 12 1 15 16 15 12 12 100 12 15 12 100 12 15 12 100 12 15 12 1 7 12 12 12 12 12 12 12 12 12 12 7 12 12 12 12 12 12 12 12 12 12 12 12 12 12 12 12 12 12 12 12 12 12 12 1 1 1 1 1 1 1 1 1 1 1 1 1 1 1 1 1 1 1 1 1 1 1 1 100 1 1 1 1 1 1 1 1 1 1 1 1 1 1 1 1 1 1 1 1 1 1 1 1 1 1 1 1 1 1 1 1 1 1 1 1 1 1 1 1 1 1 1 1 1 1 1 1 1 1 1 1 1 1 1 1 1 1 1 1 1 1 1 1 1 1 1 1 1 1 1 1 1 1 1 1 1 1 1 1 1 1 1 1 1 1 1 1 1 1 1 1 1 1 1 1 1 1 1 1 1 10 10 1 1 1 1 1 1 1 10 1 1 1 1 10 1 1 1 1 10 1 1 1 1 1 1 1 1 1 1 1 1 1 1 1 1 1 1 1 1 1 1 1 1 1 1 1 100 12 12 12 12 12 1 1 100 1 1 100 1 1
staticfield java/util/Arrays $assertionsDisabled Z 1
instanceKlass org/hibernate/internal/util/collections/BoundedConcurrentHashMap$LRU
instanceKlass com/mysql/cj/util/LRUCache
instanceKlass com/fasterxml/classmate/util/LRUTypeCache$CacheMap
instanceKlass org/apache/tomcat/util/res/StringManager$1
instanceKlass java/io/ExpiringCache$1
ciInstanceKlass java/util/LinkedHashMap 1 1 280 9 9 9 9 10 7 10 10 9 9 9 10 100 10 10 10 10 9 9 10 10 10 10 10 10 10 10 9 10 9 7 10 9 7 10 9 7 10 100 10 11 100 10 11 7 7 100 100 1 1 100 1 100 1 100 1 1 1 1 1 1 1 1 5 0 1 1 1 1 1 1 1 1 1 1 1 1 1 1 1 1 1 1 1 1 1 1 1 1 1 1 1 1 1 1 7 1 1 1 1 1 1 1 1 1 1 1 1 1 1 1 1 1 1 1 1 1 1 1 1 1 1 1 1 1 1 1 1 1 1 1 1 1 1 1 1 1 100 1 1 1 1 1 1 1 1 1 1 1 1 1 1 1 100 1 1 1 1 1 1 1 1 1 100 1 1 1 1 1 1 1 1 1 1 100 1 1 1 1 1 1 100 1 1 1 1 1 1 1 1 1 1 1 1 1 1 1 1 1 1 1 1 1 1 12 12 12 12 12 1 12 12 12 12 12 12 1 12 12 12 12 12 100 12 12 12 12 12 12 12 12 12 12 1 12 12 1 12 1 1 100 12 1 100 12 1 1 1 1 1 1 1 1 1 1 1 1 1 1 1 1 1 1 1 1 1 1 1 1 1 1 1 1 1 1 1 1 1 1
instanceKlass com/sun/istack/FinalArrayList
instanceKlass org/apache/tomcat/util/digester/ArrayStack
ciInstanceKlass java/util/ArrayList 1 1 500 100 10 7 9 9 100 100 10 8 10 10 10 10 9 11 9 10 7 7 10 9 10 10 10 10 100 10 3 10 3 10 10 10 10 10 100 100 10 10 10 10 10 10 10 10 7 10 10 10 100 10 11 11 11 10 10 10 100 10 10 10 10 8 8 8 8 10 10 11 100 10 10 10 10 10 10 11 10 100 8 10 7 10 7 10 10 7 10 10 11 7 10 10 11 10 10 10 10 11 10 7 100 100 100 1 1 1 1 1 1 1 1 5 0 1 1 3 1 1 1 1 1 1 1 1 1 1 1 1 1 1 1 1 1 1 1 1 1 1 1 7 1 1 1 1 1 1 1 1 1 1 1 1 1 1 1 1 1 1 1 1 1 1 1 1 1 1 1 1 1 1 1 1 1 1 1 1 1 1 1 1 1 1 1 1 1 1 1 1 1 1 1 1 1 1 1 1 1 1 1 1 1 1 1 1 1 1 1 1 1 1 1 1 1 1 100 1 1 1 1 1 1 1 1 1 1 1 1 1 1 1 1 1 1 1 1 1 1 1 1 1 1 1 1 1 1 1 1 1 1 1 1 1 1 1 1 1 1 1 1 1 1 1 1 1 1 100 1 1 1 1 100 1 1 1 1 1 1 1 1 1 1 1 1 1 1 1 1 7 1 1 1 1 1 1 1 1 1 1 1 1 1 1 1 1 1 1 1 1 1 1 100 1 1 1 1 1 1 1 1 1 1 1 1 1 1 1 1 1 1 1 1 1 100 7 1 12 1 12 12 1 1 1 12 12 12 12 12 12 12 12 1 7 12 12 12 12 12 7 12 1 12 12 12 12 12 12 1 1 12 7 12 7 12 12 12 12 12 12 1 12 12 12 1 12 12 12 12 12 12 1 12 12 12 1 1 1 1 12 12 12 1 100 12 12 12 100 12 12 100 12 100 12 12 1 1 1 12 1 12 12 1 12 12 12 1 12 12 7 12 12 12 12 12 100 12 12 1 1 1 1 1 1 1 1 1 1 1 1 1 1 1 1 1 1 1 1 1 1 1 1 1 1 1 1 1 1 1 1 1 1 1 1 1 1 1 1 1 1 1 1 1 1 1 1 1 1 1 1 1 1 1 1 1 1 1 1 1 1
staticfield java/util/ArrayList EMPTY_ELEMENTDATA [Ljava/lang/Object; 0 [Ljava/lang/Object;
staticfield java/util/ArrayList DEFAULTCAPACITY_EMPTY_ELEMENTDATA [Ljava/lang/Object; 0 [Ljava/lang/Object;
ciInstanceKlass jdk/internal/util/Preconditions 1 1 147 10 11 11 100 100 10 10 8 100 10 10 8 8 7 10 8 100 10 8 10 10 11 8 8 11 8 8 8 10 10 10 100 1 1 1 1 1 1 1 1 1 1 1 1 1 1 1 1 1 1 1 1 1 1 1 1 100 1 1 1 1 1 1 1 1 1 1 1 1 1 1 1 1 1 1 1 1 1 1 1 1 1 100 1 1 1 1 1 1 1 1 1 1 1 1 1 1 12 12 100 12 1 1 12 12 1 12 12 1 12 1 1 12 1 12 12 12 1 1 12 1 1 1 12 12 12 1 1 1 1 1 1 1 1 1 1 1 1 1 1 1 1 1 1 1 1
ciInstanceKlass java/lang/invoke/LambdaForm$Name 1 1 362 7 10 9 9 9 9 9 9 100 10 10 100 7 7 10 10 10 7 9 10 10 7 10 10 10 10 9 10 10 10 10 10 10 10 10 10 10 10 10 100 8 10 10 10 10 8 10 100 10 8 8 10 10 10 8 10 10 10 10 8 10 10 10 8 10 10 10 8 8 8 100 8 10 8 8 8 10 10 10 10 8 8 8 8 9 10 100 100 100 10 10 10 10 10 10 10 7 1 100 1 1 1 1 1 1 1 1 1 1 1 1 1 1 1 1 1 1 1 1 1 1 1 1 1 1 1 1 1 1 1 1 1 100 1 1 1 1 1 1 1 1 1 1 1 1 1 1 1 1 1 1 1 1 1 1 1 1 1 1 1 1 1 1 1 1 1 1 1 1 1 1 1 1 1 1 1 1 1 1 1 1 1 1 1 100 1 1 1 100 1 1 1 1 1 1 1 1 1 1 1 1 1 1 1 1 1 1 1 1 1 1 1 1 1 1 1 1 1 12 12 12 12 12 12 12 1 12 100 1 1 1 1 12 12 12 1 12 12 12 7 12 12 12 12 12 12 12 12 7 12 12 12 100 7 12 12 12 12 1 1 12 12 12 12 1 12 1 1 12 100 12 12 1 12 12 12 12 1 12 12 1 12 12 1 1 1 1 1 12 1 1 1 12 12 12 12 1 1 1 1 100 12 12 1 1 1 12 12 12 12 12 12 12 1 1 1 1 1 1 1 1 1 1 1 1 1 1 1 1 1 1 1 1 1 1 1 1 1 1 1 1 1 1 1 1 1 1 1 1 1 1 1 1 1 1 1 1 1 1 1 1
staticfield java/lang/invoke/LambdaForm$Name $assertionsDisabled Z 1
ciInstanceKlass java/util/function/BiFunction 1 1 65 10 18 11 11 100 100 1 1 1 1 1 1 1 1 1 1 1 1 1 1 1 1 1 1 1 1 1 1 1 1 1 1 1 100 12 1 15 16 15 12 12 100 12 1 1 1 1 1 10 11 1 1 100 12 12 1 1 100 1 1 1 100 1 1
ciInstanceKlass jdk/internal/loader/URLClassPath$JarLoader 1 1 560 7 7 8 8 7 10 10 8 10 10 10 10 9 9 9 9 9 10 9 10 8 10 10 7 10 10 7 10 7 10 9 9 11 8 10 10 10 7 10 10 100 10 10 7 7 10 100 10 10 10 10 8 10 10 8 9 10 100 10 100 10 9 10 10 10 10 100 100 7 10 10 10 10 11 11 7 10 10 10 10 10 7 10 10 10 10 7 10 7 10 10 7 100 10 10 10 10 11 10 100 8 10 10 11 10 10 9 10 10 100 10 10 10 10 9 10 9 9 8 8 10 10 100 10 10 10 10 9 10 10 10 10 10 8 10 10 10 100 10 7 1 1 1 1 1 1 1 1 1 1 1 1 1 1 1 1 1 1 1 1 1 1 1 1 1 1 1 1 1 1 1 1 1 1 1 1 1 1 1 1 1 1 1 1 1 1 1 1 1 1 1 1 1 1 1 1 1 1 1 1 1 1 1 1 1 1 1 1 100 1 1 1 1 1 1 1 1 1 1 7 1 1 1 1 7 1 1 1 1 1 1 1 1 1 1 1 1 1 1 1 1 1 1 1 1 1 7 7 7 1 1 1 1 1 1 1 1 1 1 1 1 1 1 1 1 1 1 1 1 1 1 1 1 1 1 1 1 1 1 1 1 1 1 1 1 1 12 12 1 12 12 12 12 12 12 12 12 12 12 12 12 1 12 12 1 12 7 12 1 12 1 7 12 12 12 100 12 1 12 12 12 1 12 1 12 1 1 1 12 12 12 12 1 12 12 1 12 100 12 1 12 1 12 12 12 12 7 12 12 1 1 1 12 12 12 12 12 12 1 12 12 12 12 12 1 12 12 12 1 12 7 12 7 12 1 1 12 12 12 12 12 12 1 1 7 12 7 12 12 100 12 100 12 100 12 12 1 12 12 12 12 12 12 12 1 1 100 12 100 12 12 12 12 12 12 12 12 12 12 1 12 100 12 12 1 12 1 1 1 1 1 1 1 1 1 1 1 1 1 1 1 1 1 1 1 1 1 1 1 1 1 1 1 1 1 1 1 1 1 1 1 1 1 100 1 1 1 1 1 1 1 1 1 1 1 1 1 1 1 1 1 1 1 1 1 1 1 1 1 1 1 1 1 1 1 1 1 1 1 1 1 1 1 1 1 1 1 1 1 1 1 1 1 1 1 1 1 1 1 1 1 1 1 1 1 1 1 1 1 1 1 1 1 1 1 1 1 1 1 1 1 1 1 1 1 1 1 1 1 1 1 1 1 1 1 1 100 1 1
staticfield jdk/internal/loader/URLClassPath$JarLoader zipAccess Ljdk/internal/access/JavaUtilZipFileAccess; java/util/zip/ZipFile$1
instanceKlass java/util/concurrent/CancellationException
instanceKlass org/apache/coyote/http11/HeadersTooLargeException
instanceKlass java/nio/channels/WritePendingException
instanceKlass java/nio/channels/ReadPendingException
instanceKlass java/nio/channels/CancelledKeyException
instanceKlass org/apache/catalina/session/TooManyActiveSessionsException
ciInstanceKlass java/lang/IllegalStateException 1 1 35 10 10 10 10 100 7 1 1 1 5 0 1 1 1 1 1 1 1 1 1 1 1 1 1 1 1 1 1 12 12 12 12 1 1
ciInstanceKlass jdk/internal/util/ArraysSupport 1 1 253 7 100 8 10 10 10 9 9 10 9 10 9 10 9 10 10 9 9 10 9 9 9 9 9 9 9 10 10 9 9 10 10 9 10 10 9 9 10 10 10 7 3 10 100 8 10 3 10 10 9 10 9 9 9 9 9 9 9 100 100 1 1 1 1 1 1 1 1 1 1 1 1 1 1 1 1 1 1 1 1 1 1 1 1 1 1 1 1 1 1 1 1 1 1 1 1 1 1 1 1 1 1 1 1 1 1 1 1 1 1 1 1 1 1 1 1 1 1 1 1 1 1 1 1 1 1 1 1 1 1 1 1 1 1 1 1 1 1 1 1 1 1 1 1 1 1 1 1 1 1 12 12 12 12 12 7 12 12 100 12 12 12 12 12 12 12 12 12 12 12 12 12 12 12 12 12 100 12 12 12 12 12 12 12 100 12 12 12 12 12 7 12 1 12 1 1 12 12 12 12 12 12 12 12 12 12 12 1 1 1 1 1 1 1 1 1 1 1 1 1 1 1 1 1 1 1 1 1 1 1 1 1 1 1 1 1 1 1 1 1 1 1 1 1 1 1 1 1 1 1 1 1
staticfield jdk/internal/util/ArraysSupport U Ljdk/internal/misc/Unsafe; jdk/internal/misc/Unsafe
staticfield jdk/internal/util/ArraysSupport BIG_ENDIAN Z 0
staticfield jdk/internal/util/ArraysSupport LOG2_ARRAY_BOOLEAN_INDEX_SCALE I 0
staticfield jdk/internal/util/ArraysSupport LOG2_ARRAY_BYTE_INDEX_SCALE I 0
staticfield jdk/internal/util/ArraysSupport LOG2_ARRAY_CHAR_INDEX_SCALE I 1
staticfield jdk/internal/util/ArraysSupport LOG2_ARRAY_SHORT_INDEX_SCALE I 1
staticfield jdk/internal/util/ArraysSupport LOG2_ARRAY_INT_INDEX_SCALE I 2
staticfield jdk/internal/util/ArraysSupport LOG2_ARRAY_LONG_INDEX_SCALE I 3
staticfield jdk/internal/util/ArraysSupport LOG2_ARRAY_FLOAT_INDEX_SCALE I 2
staticfield jdk/internal/util/ArraysSupport LOG2_ARRAY_DOUBLE_INDEX_SCALE I 3
staticfield jdk/internal/util/ArraysSupport LOG2_BYTE_BIT_SIZE I 3
ciInstanceKlass java/lang/AssertionError 0 0 79 10 10 10 10 100 10 10 10 10 10 10 10 10 100 100 1 1 1 5 0 1 1 1 1 1 1 1 1 1 1 1 1 1 100 1 1 1 1 1 1 1 1 1 1 1 1 1 1 1 1 1 12 12 100 12 1 12 12 12 12 12 12 12 12 1 1 1 1 1 1 1 1 1 1 1 1 1 1
ciInstanceKlass org/apache/tomcat/util/digester/ArrayStack 1 1 68 10 10 10 10 100 10 10 10 10 7 7 1 1 1 5 0 1 1 1 1 1 1 1 1 1 1 1 1 1 1 1 1 1 1 1 1 1 1 1 1 1 1 1 1 1 1 1 1 1 1 12 12 12 12 1 12 12 12 1 1 1 1 1 1 1 1 1
ciInstanceKlass org/antlr/v4/runtime/IntStream 1 0 28 100 100 1 1 1 3 1 1 8 1 1 1 1 1 1 1 1 1 1 1 1 1 1 1 1 1 1
ciInstanceKlass org/antlr/v4/runtime/TokenStream 1 0 19 100 100 100 1 1 1 1 1 1 1 1 1 1 1 1 1 1 1
instanceKlass org/antlr/v4/runtime/atn/ParserATNSimulator
instanceKlass org/antlr/v4/runtime/atn/LexerATNSimulator
ciInstanceKlass org/antlr/v4/runtime/atn/ATNSimulator 1 1 75 10 9 9 100 8 10 7 10 10 7 7 10 10 9 100 3 9 7 7 1 1 1 1 1 1 1 1 1 1 1 1 1 1 1 1 1 1 1 1 1 1 1 1 1 1 1 7 100 1 1 1 12 12 12 1 1 12 1 12 1 1 12 12 1 12 1 1 1 1 1 1 1 1 1
staticfield org/antlr/v4/runtime/atn/ATNSimulator ERROR Lorg/antlr/v4/runtime/dfa/DFAState; org/antlr/v4/runtime/dfa/DFAState
instanceKlass org/antlr/v4/runtime/atn/ArrayPredictionContext
instanceKlass org/antlr/v4/runtime/atn/SingletonPredictionContext
ciInstanceKlass org/antlr/v4/runtime/atn/PredictionContext 1 1 443 100 10 9 9 9 9 9 9 10 9 9 11 100 10 100 9 9 10 10 10 7 3 10 10 10 10 9 100 10 10 7 10 7 7 10 10 10 10 10 9 9 10 10 9 9 10 7 10 10 7 10 11 11 11 8 100 10 8 10 8 10 100 10 10 11 11 11 10 8 8 8 8 9 10 8 8 8 8 10 8 8 8 8 10 8 8 10 10 10 10 10 10 100 10 7 10 10 11 10 10 10 10 10 10 9 100 11 100 10 10 7 1 1 1 1 1 1 1 3 1 1 1 1 1 1 1 1 1 1 1 1 1 1 1 1 1 1 1 1 1 1 1 1 1 1 1 1 1 1 1 1 1 1 1 1 1 1 1 1 1 1 1 1 1 1 100 1 1 1 1 1 1 1 1 1 1 1 1 1 1 1 1 1 1 1 1 1 1 1 1 1 1 1 1 1 1 1 1 1 1 1 1 1 1 1 7 1 1 1 1 1 1 7 1 1 1 1 1 1 1 1 1 1 1 1 1 1 100 100 1 1 1 1 1 1 1 1 1 1 1 1 1 1 1 1 1 1 1 1 1 1 1 1 1 1 1 1 1 1 1 1 1 1 1 1 1 1 1 1 1 1 100 1 1 1 1 1 1 12 12 12 12 7 12 12 12 12 100 12 12 12 1 12 1 12 12 12 12 12 1 7 12 12 12 12 12 1 12 1 12 1 1 12 12 12 12 12 12 12 12 12 12 12 7 12 12 12 1 12 12 12 1 1 1 12 1 12 1 100 12 12 12 12 12 1 1 1 1 12 1 1 1 1 12 1 1 1 12 1 1 12 7 12 12 12 1 1 12 12 12 12 12 12 12 12 1 12 1 7 12 1 1 1 1 1 1 1 1 1 1 1 1 1 1 1 1 1 1 1 1 1 1 1 1 1 1 1 1 1 1 1 1 1 1 1 1 1 1 1 1 1 1 1 1 1 1 1 1 1 1 1 1 1 1 1 1 1 1 1 1 1 1
staticfield org/antlr/v4/runtime/atn/PredictionContext EMPTY Lorg/antlr/v4/runtime/atn/EmptyPredictionContext; org/antlr/v4/runtime/atn/EmptyPredictionContext
staticfield org/antlr/v4/runtime/atn/PredictionContext $assertionsDisabled Z 1
instanceKlass org/antlr/v4/runtime/atn/EmptyPredictionContext
ciInstanceKlass org/antlr/v4/runtime/atn/SingletonPredictionContext 1 1 109 10 10 10 9 100 100 10 9 9 7 3 9 7 10 10 10 10 10 8 10 8 10 100 10 10 8 10 10 1 1 1 1 1 1 1 1 1 1 1 1 1 1 1 1 1 1 1 1 1 1 1 1 1 1 1 1 1 1 1 1 100 1 1 1 1 12 12 12 12 1 1 12 12 12 1 12 1 12 12 7 12 12 1 12 1 12 1 12 1 7 12 1 1 1 1 1 1 1 1 1 1 1 1 1 1 1 1 1
staticfield org/antlr/v4/runtime/atn/SingletonPredictionContext $assertionsDisabled Z 1
ciInstanceKlass org/antlr/v4/runtime/atn/EmptyPredictionContext 1 1 42 100 3 10 9 8 7 7 1 1 1 1 1 1 1 1 1 1 1 1 1 1 1 1 1 1 1 1 1 1 1 1 1 1 1 12 12 1 1 1 1 1
instanceKlass org/antlr/v4/runtime/atn/WildcardTransition
instanceKlass org/antlr/v4/runtime/atn/SetTransition
instanceKlass org/antlr/v4/runtime/atn/ActionTransition
instanceKlass org/antlr/v4/runtime/atn/AbstractPredicateTransition
instanceKlass org/antlr/v4/runtime/atn/RuleTransition
instanceKlass org/antlr/v4/runtime/atn/RangeTransition
instanceKlass org/antlr/v4/runtime/atn/AtomTransition
instanceKlass org/antlr/v4/runtime/atn/EpsilonTransition
ciInstanceKlass org/antlr/v4/runtime/atn/Transition 1 1 107 10 100 8 10 9 7 8 8 8 8 8 8 8 8 8 8 8 10 10 9 7 10 10 9 7 7 1 1 1 1 3 1 3 1 3 1 3 1 3 1 3 1 3 1 3 1 3 1 3 1 1 1 1 1 1 1 1 1 1 1 1 1 1 1 1 1 100 1 1 1 1 1 1 1 1 1 1 1 1 12 1 1 12 12 1 1 7 12 7 12 12 1 12 12 1 1 1 1 1 1 1 1 1 1 1 1
staticfield org/antlr/v4/runtime/atn/Transition serializationNames Ljava/util/List; java/util/Collections$UnmodifiableRandomAccessList
staticfield org/antlr/v4/runtime/atn/Transition serializationTypes Ljava/util/Map; java/util/Collections$UnmodifiableMap
ciInstanceKlass org/antlr/v4/runtime/atn/EpsilonTransition 1 1 38 10 10 9 7 8 7 1 1 1 1 1 1 1 1 1 1 1 1 1 1 1 1 1 1 1 1 1 1 1 1 1 12 12 12 1 1 1
instanceKlass org/antlr/v4/runtime/atn/LoopEndState
instanceKlass org/antlr/v4/runtime/atn/StarLoopbackState
instanceKlass org/antlr/v4/runtime/atn/RuleStartState
instanceKlass org/antlr/v4/runtime/atn/BasicState
instanceKlass org/antlr/v4/runtime/atn/RuleStopState
instanceKlass org/antlr/v4/runtime/atn/BlockEndState
instanceKlass org/antlr/v4/runtime/atn/DecisionState
ciInstanceKlass org/antlr/v4/runtime/atn/ATNState 1 1 226 10 9 7 9 9 7 10 9 10 7 11 100 11 10 11 10 9 10 8 7 10 10 11 11 11 9 10 10 11 11 11 11 9 7 8 8 8 8 8 8 8 8 8 8 8 8 8 10 10 9 1 1 1 3 1 3 1 3 1 3 1 3 1 1 3 1 3 1 3 1 3 1 3 1 3 1 3 1 3 1 1 1 1 1 3 1 1 1 1 1 1 1 1 1 1 1 1 1 1 1 1 1 1 1 1 1 1 1 1 1 1 1 1 1 1 1 1 1 1 1 1 1 1 1 7 1 1 1 1 1 1 1 1 1 1 1 1 12 12 1 12 12 1 12 12 12 1 7 12 1 12 12 12 12 100 12 100 12 1 1 100 12 100 12 12 12 12 12 12 100 12 12 12 12 12 12 1 1 7 12 7 12 12 1 1 1 1 1 1 1 1 1 1 1 1 1 1 1 1 1 1 1 1 1 1 1 1 1 1 1 1 1 1 1 1 1 1 1 1 1 1 1 1 1 1
staticfield org/antlr/v4/runtime/atn/ATNState serializationNames Ljava/util/List; java/util/Collections$UnmodifiableRandomAccessList
instanceKlass org/antlr/v4/runtime/atn/PlusLoopbackState
instanceKlass org/antlr/v4/runtime/atn/StarLoopEntryState
instanceKlass org/antlr/v4/runtime/atn/TokensStartState
instanceKlass org/antlr/v4/runtime/atn/BlockStartState
ciInstanceKlass org/antlr/v4/runtime/atn/DecisionState 1 1 22 10 9 7 7 1 1 1 1 1 1 1 1 1 1 1 1 1 12 12 1 1
instanceKlass org/antlr/v4/runtime/atn/StarBlockStartState
instanceKlass org/antlr/v4/runtime/atn/PlusBlockStartState
instanceKlass org/antlr/v4/runtime/atn/BasicBlockStartState
ciInstanceKlass org/antlr/v4/runtime/atn/BlockStartState 1 1 18 10 100 7 1 1 1 1 1 1 1 1 1 1 1 12 1 1
ciInstanceKlass org/antlr/v4/runtime/atn/BlockEndState 1 1 20 10 7 100 1 1 1 1 1 1 1 1 1 1 1 1 1 12 1 1
ciInstanceKlass org/antlr/v4/runtime/atn/RuleStopState 1 1 18 10 7 100 1 1 1 1 1 1 1 1 1 1 1 12 1 1
ciInstanceKlass org/antlr/v4/runtime/atn/BasicState 1 1 18 10 7 100 1 1 1 1 1 1 1 1 1 1 1 12 1 1
ciInstanceKlass org/antlr/v4/runtime/atn/AtomTransition 1 1 46 10 9 7 10 10 7 1 1 1 1 1 1 1 1 1 1 1 1 1 1 1 1 1 1 1 1 1 1 1 1 12 12 1 100 12 100 12 1 1 1 1 1 1 1 1
ciInstanceKlass org/antlr/v4/runtime/atn/StarLoopEntryState 1 1 24 10 100 100 7 1 1 1 1 1 1 1 1 1 1 1 1 1 1 1 12 1 1 1
ciInstanceKlass org/antlr/v4/runtime/atn/RuleTransition 1 1 45 10 10 9 9 9 7 7 1 1 1 1 1 1 1 1 1 1 1 1 1 1 1 1 1 1 1 1 1 1 1 1 1 1 1 1 1 12 12 12 12 12 1 1 1
instanceKlass org/antlr/v4/runtime/atn/PrecedencePredicateTransition
instanceKlass org/antlr/v4/runtime/atn/PredicateTransition
ciInstanceKlass org/antlr/v4/runtime/atn/AbstractPredicateTransition 1 1 18 10 100 7 1 1 1 1 1 1 1 1 1 1 1 12 1 1
ciInstanceKlass org/antlr/v4/runtime/atn/PredicateTransition 0 0 72 10 9 9 9 100 100 10 100 10 8 10 10 8 10 100 100 1 1 1 1 1 1 1 1 1 1 1 1 1 1 1 1 1 1 1 1 1 1 1 1 1 1 1 1 1 1 1 12 12 12 12 1 100 1 12 1 12 1 12 12 1 12 1 1 1 1 1 1 1 1 1
ciInstanceKlass org/antlr/v4/runtime/atn/PrecedencePredicateTransition 1 1 63 10 9 100 7 10 100 10 10 8 10 10 7 7 1 1 1 1 1 1 1 1 1 1 1 1 1 1 1 1 1 1 1 1 1 1 1 1 1 1 1 1 12 12 1 100 1 12 1 12 12 1 12 12 1 1 1 1 1 1 1 1 1
ciInstanceKlass org/antlr/v4/runtime/atn/ActionTransition 1 1 62 10 10 9 9 9 7 100 10 8 10 10 8 10 7 1 1 1 1 1 1 1 1 1 1 1 1 1 1 1 1 1 1 1 1 1 1 1 1 1 1 1 1 12 12 12 12 12 1 1 12 1 12 12 1 12 1 1 1 1 1 1
ciInstanceKlass org/antlr/v4/runtime/atn/ATN 1 1 189 10 7 10 9 9 7 10 9 9 9 9 100 10 10 9 10 10 9 11 9 11 11 9 11 11 7 100 8 10 7 10 100 10 100 10 10 10 9 10 100 9 9 10 7 7 1 1 1 3 1 1 1 1 1 1 1 1 1 1 1 1 1 1 1 1 1 1 1 1 1 1 1 1 1 1 1 1 1 1 1 1 1 1 1 1 1 1 1 1 1 1 1 1 1 1 1 1 1 1 1 1 1 1 1 1 1 1 1 1 1 1 100 1 1 12 1 12 12 1 12 12 12 12 1 12 12 12 12 12 12 7 12 12 12 12 12 12 12 1 1 1 12 1 12 1 12 1 12 12 12 12 12 1 12 12 12 1 1 1 1 1 1 1 1 1 1 1 1 1 1 1 1 1 1 1 1 1 1 1 1 1 1 1 1 1 1 1 1
ciInstanceKlass org/antlr/v4/runtime/dfa/DFA 1 1 172 10 10 7 10 9 9 9 7 9 7 7 10 10 9 9 9 9 9 10 100 8 10 10 7 100 8 10 100 11 10 100 10 10 9 10 8 100 10 10 10 100 10 7 7 1 1 1 1 1 1 1 1 1 1 1 1 1 1 1 1 1 1 1 1 1 1 1 100 1 1 1 1 1 1 1 1 100 1 1 1 1 1 1 1 1 1 1 1 1 1 1 1 1 1 1 1 1 1 1 1 1 1 12 12 1 12 12 12 1 12 1 1 12 12 12 12 12 12 12 1 1 12 7 12 1 1 1 1 100 12 12 1 12 100 12 100 12 12 1 1 12 12 12 1 1 1 1 1 1 1 1 1 1 1 1 1 1 1 1 1 1 1 1 1 1 1 1 1 1 1 1
instanceKlass org/antlr/v4/runtime/atn/OrderedATNConfigSet
ciInstanceKlass org/antlr/v4/runtime/atn/ATNConfigSet 1 1 320 10 9 7 10 9 9 7 10 9 9 10 10 9 9 9 9 10 100 8 10 9 9 10 10 7 10 9 10 9 10 10 10 100 10 10 11 11 9 11 100 10 9 10 10 11 10 10 10 11 10 7 10 10 10 10 10 100 8 10 10 10 10 10 100 10 10 10 10 8 10 8 10 8 10 8 10 10 100 10 10 10 7 100 7 1 1 100 1 1 1 1 1 1 1 1 1 1 1 1 1 1 1 1 1 1 1 1 1 1 1 1 1 1 1 1 1 1 1 1 1 1 1 1 1 1 1 1 1 1 7 1 1 1 1 1 1 1 1 1 1 7 1 1 1 1 1 1 1 1 100 1 1 1 1 1 1 1 1 1 1 1 1 1 1 1 1 1 1 1 1 1 1 1 1 1 1 1 1 1 1 1 1 1 1 1 1 1 1 1 1 1 1 1 1 1 1 1 1 1 1 1 1 1 1 1 12 12 1 12 12 12 1 12 12 12 12 12 12 12 12 12 1 1 12 12 7 12 12 12 1 12 12 12 12 100 12 12 12 1 12 12 12 12 1 12 12 12 12 7 12 100 12 1 12 12 12 12 1 1 12 12 12 1 12 12 12 1 12 1 12 1 12 1 12 1 12 12 1 1 1 1 1 1 1 1 1 1 1 1 1 1 1 1 1 1 1 1 1 1 1 1 1 1 1 1 1 1 1 1 1 1 1 1 1 1 1 1 1 1
instanceKlass org/antlr/v4/runtime/atn/LexerATNConfig
ciInstanceKlass org/antlr/v4/runtime/atn/ATNConfig 1 1 147 10 9 9 9 9 9 9 10 10 7 3 3 10 9 10 10 10 10 10 10 10 10 100 10 10 10 8 10 10 8 10 8 10 8 10 7 1 1 1 1 1 1 1 1 1 1 1 1 1 1 1 1 1 1 1 1 1 1 1 1 1 1 1 1 1 1 1 1 1 1 1 1 1 1 1 1 1 1 1 1 1 1 1 1 1 1 1 1 1 1 1 1 1 12 12 12 12 12 12 7 12 12 12 1 12 7 12 7 12 12 7 12 12 12 12 12 1 12 12 1 12 12 1 12 1 12 1 1 1 1 1 1 1 1 1 1 1 1 1 1 1 1 1 1 1 1
ciInstanceKlass org/antlr/v4/runtime/atn/LexerATNConfig 1 1 109 9 10 9 9 9 9 10 10 10 9 9 10 9 10 10 7 9 10 10 7 9 7 1 1 1 1 1 1 1 1 1 1 1 1 1 1 1 1 1 1 1 1 1 1 1 1 1 1 1 1 1 1 1 1 1 1 1 1 1 1 1 1 7 12 12 12 12 12 12 12 12 7 12 12 7 12 12 12 12 12 1 7 12 12 12 1 12 1 1 1 1 1 1 1 1 1 1 1 1 1 1 1 1 1 1 1 1 1
ciInstanceKlass org/antlr/v4/runtime/misc/EqualityComparator 1 0 15 100 100 1 1 1 1 1 1 1 1 1 1 1 1
instanceKlass org/antlr/v4/runtime/atn/ATNConfigSet$AbstractConfigHashSet
ciInstanceKlass org/antlr/v4/runtime/misc/Array2DHashSet 1 1 287 7 10 10 9 6 0 10 9 9 9 9 9 10 9 10 10 10 10 10 10 10 10 10 10 10 10 6 0 9 100 10 10 10 10 10 100 10 10 10 10 11 11 11 11 8 100 10 10 8 10 10 10 8 8 8 8 100 7 10 100 1 1 1 1 1 3 1 3 1 1 1 1 1 1 1 1 1 1 1 1 1 1 1 1 1 1 1 1 1 1 1 1 1 1 1 1 1 7 1 1 1 1 1 1 1 1 1 1 1 1 1 1 1 1 1 1 1 1 1 1 1 100 1 1 1 1 1 1 1 1 1 1 1 1 1 1 100 1 1 1 1 1 1 1 1 1 1 1 1 1 1 1 1 1 1 1 1 1 1 1 1 1 1 1 1 1 100 100 1 1 1 1 1 1 1 1 1 1 1 1 1 1 1 1 1 1 1 1 1 1 1 1 1 1 1 1 1 1 1 12 12 12 7 12 12 12 12 100 12 12 12 12 12 12 12 12 12 7 12 12 100 12 12 12 12 12 12 1 12 12 12 12 1 12 12 12 100 12 12 12 12 12 1 1 12 1 12 12 1 1 1 1 1 7 12 1 1 1 1 1 1 1 1 1 1 1 1 1 1 1 1 1 1 1 1 1 1 1 1 1 1 1 1 1 1 1
staticfield org/antlr/v4/runtime/misc/Array2DHashSet $assertionsDisabled Z 1
instanceKlass org/antlr/v4/runtime/atn/OrderedATNConfigSet$LexerConfigHashSet
instanceKlass org/antlr/v4/runtime/atn/ATNConfigSet$ConfigHashSet
ciInstanceKlass org/antlr/v4/runtime/atn/ATNConfigSet$AbstractConfigHashSet 1 1 56 10 10 7 7 10 10 10 7 7 1 1 1 1 1 1 1 1 1 1 1 1 1 1 1 1 1 1 1 1 1 1 1 1 1 1 1 1 1 1 1 1 1 1 1 1 12 1 1 12 12 12 100 1 1 1
ciInstanceKlass org/antlr/v4/runtime/atn/ATNConfigSet$ConfigHashSet 1 1 29 9 10 100 7 1 1 1 1 1 1 1 1 1 1 1 7 12 12 100 1 1 1 1 1 1 1 1 1
instanceKlass org/antlr/v4/runtime/atn/PredictionMode$AltAndContextConfigEqualityComparator
instanceKlass org/antlr/v4/runtime/atn/ATNConfigSet$ConfigEqualityComparator
instanceKlass org/antlr/v4/runtime/misc/ObjectEqualityComparator
ciInstanceKlass org/antlr/v4/runtime/misc/AbstractEqualityComparator 1 1 22 10 100 7 100 1 1 1 1 1 1 1 1 1 1 1 1 1 12 1 1 1
ciInstanceKlass org/antlr/v4/runtime/misc/ObjectEqualityComparator 1 1 40 10 10 10 7 10 9 7 1 1 1 1 1 1 1 1 1 1 1 1 1 1 1 1 1 1 1 1 1 1 12 7 12 12 1 12 1 1 1 1
staticfield org/antlr/v4/runtime/misc/ObjectEqualityComparator INSTANCE Lorg/antlr/v4/runtime/misc/ObjectEqualityComparator; org/antlr/v4/runtime/misc/ObjectEqualityComparator
ciInstanceKlass org/antlr/v4/runtime/atn/ATNConfigSet$ConfigEqualityComparator 1 1 69 10 9 9 9 9 10 10 7 10 10 7 10 9 7 1 1 1 1 1 1 1 1 1 1 1 1 1 1 1 1 1 1 1 1 1 1 1 1 1 1 1 12 12 7 12 12 12 7 12 12 1 12 12 100 1 12 1 1 1 1 1 1 1 1 1 1 1 1
staticfield org/antlr/v4/runtime/atn/ATNConfigSet$ConfigEqualityComparator INSTANCE Lorg/antlr/v4/runtime/atn/ATNConfigSet$ConfigEqualityComparator; org/antlr/v4/runtime/atn/ATNConfigSet$ConfigEqualityComparator
instanceKlass org/hibernate/grammars/hql/HqlParser$AssignmentContext
instanceKlass org/hibernate/grammars/hql/HqlParser$FromClauseContext
instanceKlass org/hibernate/grammars/hql/HqlParser$SelectClauseContext
instanceKlass org/hibernate/grammars/hql/HqlParser$TargetEntityContext
instanceKlass org/hibernate/grammars/hql/HqlParser$ComparisonOperatorContext
instanceKlass org/hibernate/grammars/hql/HqlParser$ValuesListContext
instanceKlass org/hibernate/grammars/hql/HqlParser$OrderByFragmentContext
instanceKlass org/hibernate/grammars/hql/HqlParser$WhereClauseContext
instanceKlass org/hibernate/grammars/hql/HqlParser$DeleteStatementContext
instanceKlass org/hibernate/grammars/hql/HqlParser$SelectStatementContext
instanceKlass org/hibernate/grammars/hql/HqlParser$UpdateStatementContext
instanceKlass org/hibernate/grammars/hql/HqlParser$InsertStatementContext
instanceKlass org/hibernate/grammars/hql/HqlParser$TreatedNavigablePathContext
instanceKlass org/hibernate/grammars/hql/HqlParser$LocalDateTimeFunctionContext
instanceKlass org/hibernate/grammars/hql/HqlParser$CurrentTimestampFunctionContext
instanceKlass org/hibernate/grammars/hql/HqlParser$GeneralizedLiteralTextContext
instanceKlass org/hibernate/grammars/hql/HqlParser$IndexedPathAccessFragmentContext
instanceKlass org/hibernate/grammars/hql/HqlParser$ExpressionOrPredicateContext
instanceKlass org/hibernate/grammars/hql/HqlParser$InstantiationArgumentContext
instanceKlass org/hibernate/grammars/hql/HqlParser$OverlayFunctionStringArgumentContext
instanceKlass org/hibernate/grammars/hql/HqlParser$ParameterOrIntegerLiteralContext
instanceKlass org/hibernate/grammars/hql/HqlParser$CurrentDateFunctionContext
instanceKlass org/hibernate/grammars/hql/HqlParser$EntityNaturalIdReferenceContext
instanceKlass org/hibernate/grammars/hql/HqlParser$GeneralizedLiteralTypeContext
instanceKlass org/hibernate/grammars/hql/HqlParser$SubstringFunctionLengthArgumentContext
instanceKlass org/hibernate/grammars/hql/HqlParser$OverlayFunctionStartArgumentContext
instanceKlass org/hibernate/grammars/hql/HqlParser$GeneralPathFragmentContext
instanceKlass org/hibernate/grammars/hql/HqlParser$GenericTemporalLiteralTextContext
instanceKlass org/hibernate/grammars/hql/HqlParser$ElementAggregateFunctionContext
instanceKlass org/hibernate/grammars/hql/HqlParser$CollectionSizeFunctionContext
instanceKlass org/hibernate/grammars/hql/HqlParser$InstantiationTargetContext
instanceKlass org/hibernate/grammars/hql/HqlParser$EntityVersionReferenceContext
instanceKlass org/hibernate/grammars/hql/HqlParser$EntityTypeReferenceContext
instanceKlass org/hibernate/grammars/hql/HqlParser$CurrentTimeFunctionContext
instanceKlass org/hibernate/grammars/hql/HqlParser$GenericFunctionNameContext
instanceKlass org/hibernate/grammars/hql/HqlParser$JpaNonstandardFunctionNameContext
instanceKlass org/hibernate/grammars/hql/HqlParser$OffsetDateTimeFunctionContext
instanceKlass org/hibernate/grammars/hql/HqlParser$OverlayFunctionReplacementArgumentContext
instanceKlass org/hibernate/grammars/hql/HqlParser$JdbcTimestampLiteralContext
instanceKlass org/hibernate/grammars/hql/HqlParser$CollectionValueNavigablePathContext
instanceKlass org/hibernate/grammars/hql/HqlParser$IndexAggregateFunctionContext
instanceKlass org/hibernate/grammars/hql/HqlParser$InstantiationArgumentsContext
instanceKlass org/hibernate/grammars/hql/HqlParser$SubstringFunctionStartArgumentContext
instanceKlass org/hibernate/grammars/hql/HqlParser$InstantiationArgumentExpressionContext
instanceKlass org/hibernate/grammars/hql/HqlParser$JpaNonstandardFunctionContext
instanceKlass org/hibernate/grammars/hql/HqlParser$MapKeyNavigablePathContext
instanceKlass org/hibernate/grammars/hql/HqlParser$ParameterOrNumberLiteralContext
instanceKlass org/hibernate/grammars/hql/HqlParser$MultiplicativeOperatorContext
instanceKlass org/hibernate/grammars/hql/HqlParser$CollectionFunctionMisuseContext
instanceKlass org/hibernate/grammars/hql/HqlParser$PositionFunctionStringArgumentContext
instanceKlass org/hibernate/grammars/hql/HqlParser$OverlayFunctionLengthArgumentContext
instanceKlass org/hibernate/grammars/hql/HqlParser$SyntacticDomainPathContext
instanceKlass org/hibernate/grammars/hql/HqlParser$GenericFunctionArgumentsContext
instanceKlass org/hibernate/grammars/hql/HqlParser$PositionFunctionPatternArgumentContext
instanceKlass org/hibernate/grammars/hql/HqlParser$JpaSelectObjectSyntaxContext
instanceKlass org/hibernate/grammars/hql/HqlParser$SearchedCaseWhenContext
instanceKlass org/hibernate/grammars/hql/HqlParser$SimpleCaseListContext
instanceKlass org/hibernate/grammars/hql/HqlParser$CaseListContext
instanceKlass org/hibernate/grammars/hql/HqlParser$SearchedCaseListContext
instanceKlass org/hibernate/grammars/hql/HqlParser$SimpleCaseWhenContext
instanceKlass org/hibernate/grammars/hql/HqlParser$CaseOtherwiseContext
instanceKlass org/hibernate/grammars/hql/HqlParser$EntityIdReferenceContext
instanceKlass org/hibernate/grammars/hql/HqlParser$SignOperatorContext
instanceKlass org/hibernate/grammars/hql/HqlParser$AdditiveOperatorContext
instanceKlass org/hibernate/grammars/hql/HqlParser$LikeEscapeContext
instanceKlass org/hibernate/grammars/hql/HqlParser$PrimaryExpressionContext
instanceKlass org/hibernate/grammars/hql/HqlParser$ToOneFkReferenceContext
instanceKlass org/hibernate/grammars/hql/HqlParser$InListContext
instanceKlass org/hibernate/grammars/hql/HqlParser$CollateFunctionContext
instanceKlass org/hibernate/grammars/hql/HqlParser$SortDirectionContext
instanceKlass org/hibernate/grammars/hql/HqlParser$NullsPrecedenceContext
instanceKlass org/hibernate/grammars/hql/HqlParser$HavingClauseContext
instanceKlass org/hibernate/grammars/hql/HqlParser$JoinTargetContext
instanceKlass org/hibernate/grammars/hql/HqlParser$GroupByClauseContext
instanceKlass org/hibernate/grammars/hql/HqlParser$PathContinuationContext
instanceKlass org/hibernate/grammars/hql/HqlParser$SimplePathElementContext
instanceKlass org/hibernate/grammars/hql/HqlParser$MapEntrySelectionContext
instanceKlass org/hibernate/grammars/hql/HqlParser$SelectExpressionContext
instanceKlass org/hibernate/grammars/hql/HqlParser$SelectionListContext
instanceKlass org/hibernate/grammars/hql/HqlParser$JoinRestrictionContext
instanceKlass org/hibernate/grammars/hql/HqlParser$CrossJoinContext
instanceKlass org/hibernate/grammars/hql/HqlParser$EntityWithJoinsContext
instanceKlass org/hibernate/grammars/hql/HqlParser$QueryOrderContext
instanceKlass org/hibernate/grammars/hql/HqlParser$QueryExpressionContext
instanceKlass org/hibernate/grammars/hql/HqlParser$TargetFieldsContext
instanceKlass org/hibernate/grammars/hql/HqlParser$GroupByExpressionContext
instanceKlass org/hibernate/grammars/hql/HqlParser$FetchClauseContext
instanceKlass org/hibernate/grammars/hql/HqlParser$JpaCollectionJoinContext
instanceKlass org/hibernate/grammars/hql/HqlParser$SetClauseContext
instanceKlass org/hibernate/grammars/hql/HqlParser$OrderedQueryContext
instanceKlass org/hibernate/grammars/hql/HqlParser$OffsetClauseContext
instanceKlass org/hibernate/grammars/hql/HqlParser$LimitClauseContext
instanceKlass org/hibernate/grammars/hql/HqlParser$FromRootContext
instanceKlass org/hibernate/grammars/hql/HqlParser$SimplePathContext
instanceKlass org/hibernate/grammars/hql/HqlParser$GenericFunctionContext
instanceKlass org/hibernate/grammars/hql/HqlParser$GeneralizedLiteralContext
instanceKlass org/hibernate/grammars/hql/HqlParser$JdbcDateLiteralContext
instanceKlass org/hibernate/grammars/hql/HqlParser$JdbcTimeLiteralContext
instanceKlass org/hibernate/grammars/hql/HqlParser$DateTimeLiteralContext
instanceKlass org/hibernate/grammars/hql/HqlParser$TimeLiteralContext
instanceKlass org/hibernate/grammars/hql/HqlParser$DateLiteralContext
instanceKlass org/hibernate/grammars/hql/HqlParser$TemporalLiteralContext
instanceKlass org/hibernate/grammars/hql/HqlParser$BinaryLiteralContext
instanceKlass org/hibernate/grammars/hql/HqlParser$NumericLiteralContext
instanceKlass org/hibernate/grammars/hql/HqlParser$BooleanLiteralContext
instanceKlass org/hibernate/grammars/hql/HqlParser$PadCharacterContext
instanceKlass org/hibernate/grammars/hql/HqlParser$TrimFunctionContext
instanceKlass org/hibernate/grammars/hql/HqlParser$PadFunctionContext
instanceKlass org/hibernate/grammars/hql/HqlParser$PadSpecificationContext
instanceKlass org/hibernate/grammars/hql/HqlParser$CastTargetTypeContext
instanceKlass org/hibernate/grammars/hql/HqlParser$StandardFunctionContext
instanceKlass org/hibernate/grammars/hql/HqlParser$FrameExclusionContext
instanceKlass org/hibernate/grammars/hql/HqlParser$PartitionClauseContext
instanceKlass org/hibernate/grammars/hql/HqlParser$FrameEndContext
instanceKlass org/hibernate/grammars/hql/HqlParser$FrameStartContext
instanceKlass org/hibernate/grammars/hql/HqlParser$FrameClauseContext
instanceKlass org/hibernate/grammars/hql/HqlParser$OverClauseContext
instanceKlass org/hibernate/grammars/hql/HqlParser$NthSideClauseContext
instanceKlass org/hibernate/grammars/hql/HqlParser$AggregateFunctionContext
instanceKlass org/hibernate/grammars/hql/HqlParser$NullsClauseContext
instanceKlass org/hibernate/grammars/hql/HqlParser$ListaggFunctionContext
instanceKlass org/hibernate/grammars/hql/HqlParser$OnOverflowClauseContext
instanceKlass org/hibernate/grammars/hql/HqlParser$EveryFunctionContext
instanceKlass org/hibernate/grammars/hql/HqlParser$AnyFunctionContext
instanceKlass org/hibernate/grammars/hql/HqlParser$FilterClauseContext
instanceKlass org/hibernate/grammars/hql/HqlParser$PadLengthContext
instanceKlass org/hibernate/grammars/hql/HqlParser$LocalDateFunctionContext
instanceKlass org/hibernate/grammars/hql/HqlParser$DatetimeFieldContext
instanceKlass org/hibernate/grammars/hql/HqlParser$ExtractFieldContext
instanceKlass org/hibernate/grammars/hql/HqlParser$InstantFunctionContext
instanceKlass org/hibernate/grammars/hql/HqlParser$ExtractFunctionContext
instanceKlass org/hibernate/grammars/hql/HqlParser$FormatFunctionContext
instanceKlass org/hibernate/grammars/hql/HqlParser$LocalTimeFunctionContext
instanceKlass org/hibernate/grammars/hql/HqlParser$OverlayFunctionContext
instanceKlass org/hibernate/grammars/hql/HqlParser$CastFunctionContext
instanceKlass org/hibernate/grammars/hql/HqlParser$SubstringFunctionContext
instanceKlass org/hibernate/grammars/hql/HqlParser$CastTargetContext
instanceKlass org/hibernate/grammars/hql/HqlParser$SortSpecificationContext
instanceKlass org/hibernate/grammars/hql/HqlParser$JoinTypeContext
instanceKlass org/hibernate/grammars/hql/HqlParser$SetOperatorContext
instanceKlass org/hibernate/grammars/hql/HqlParser$OrderByClauseContext
instanceKlass org/hibernate/grammars/hql/HqlParser$SelectionContext
instanceKlass org/hibernate/grammars/hql/HqlParser$TrimSpecificationContext
instanceKlass org/hibernate/grammars/hql/HqlParser$TrimCharacterContext
instanceKlass org/hibernate/grammars/hql/HqlParser$SortExpressionContext
instanceKlass org/hibernate/grammars/hql/HqlParser$SubqueryContext
instanceKlass org/hibernate/grammars/hql/HqlParser$CollationContext
instanceKlass org/hibernate/grammars/hql/HqlParser$WithinGroupClauseContext
instanceKlass org/hibernate/grammars/hql/HqlParser$StatementContext
instanceKlass org/hibernate/grammars/hql/HqlParser$DateTimeContext
instanceKlass org/hibernate/grammars/hql/HqlParser$ExpressionContext
instanceKlass org/hibernate/grammars/hql/HqlParser$IdentifierContext
instanceKlass org/hibernate/grammars/hql/HqlParser$LiteralContext
instanceKlass org/hibernate/grammars/hql/HqlParser$NakedIdentifierContext
instanceKlass org/hibernate/grammars/hql/HqlParser$DayFieldContext
instanceKlass org/hibernate/grammars/hql/HqlParser$TimeZoneFieldContext
instanceKlass org/hibernate/grammars/hql/HqlParser$CubeContext
instanceKlass org/hibernate/grammars/hql/HqlParser$PositionFunctionContext
instanceKlass org/hibernate/grammars/hql/HqlParser$RollupContext
instanceKlass org/hibernate/grammars/hql/HqlParser$WeekFieldContext
instanceKlass org/hibernate/grammars/hql/HqlParser$DateOrTimeFieldContext
instanceKlass org/hibernate/grammars/hql/HqlParser$ZoneIdContext
instanceKlass org/hibernate/grammars/hql/HqlParser$EntityNameContext
instanceKlass org/hibernate/grammars/hql/HqlParser$VariableContext
instanceKlass org/hibernate/grammars/hql/HqlParser$InstantiationContext
instanceKlass org/hibernate/grammars/hql/HqlParser$MinuteContext
instanceKlass org/hibernate/grammars/hql/HqlParser$HourContext
instanceKlass org/hibernate/grammars/hql/HqlParser$DayContext
instanceKlass org/hibernate/grammars/hql/HqlParser$MonthContext
instanceKlass org/hibernate/grammars/hql/HqlParser$YearContext
instanceKlass org/hibernate/grammars/hql/HqlParser$DateContext
instanceKlass org/hibernate/grammars/hql/HqlParser$TimeContext
instanceKlass org/hibernate/grammars/hql/HqlParser$PredicateContext
instanceKlass org/hibernate/grammars/hql/HqlParser$PathContext
instanceKlass org/hibernate/grammars/hql/HqlParser$QueryContext
instanceKlass org/hibernate/grammars/hql/HqlParser$ParameterContext
instanceKlass org/hibernate/grammars/hql/HqlParser$FunctionContext
instanceKlass org/hibernate/grammars/hql/HqlParser$SecondContext
instanceKlass org/hibernate/grammars/hql/HqlParser$FormatContext
instanceKlass org/hibernate/grammars/hql/HqlParser$JoinContext
instanceKlass org/hibernate/grammars/hql/HqlParser$OffsetContext
instanceKlass org/hibernate/grammars/hql/HqlParser$ValuesContext
ciInstanceKlass org/antlr/v4/runtime/ParserRuleContext 1 1 262 10 9 9 9 9 9 7 10 11 11 11 7 100 10 10 11 10 7 11 7 11 100 10 10 100 10 10 11 11 10 7 11 10 10 11 11 10 10 9 11 10 10 10 100 10 8 10 10 8 8 10 10 10 10 1 1 1 1 1 1 1 1 1 1 1 1 1 1 1 1 1 1 1 1 1 1 7 1 1 1 1 1 1 1 1 1 1 1 1 1 1 1 1 1 1 1 1 1 1 1 1 1 1 1 1 1 1 1 1 1 1 1 1 1 1 1 1 1 1 1 1 1 1 1 1 1 1 1 1 1 1 1 1 7 100 1 1 1 1 1 1 1 1 1 1 1 1 1 1 1 1 1 1 1 1 1 1 1 1 1 1 1 1 12 12 12 12 12 12 1 12 12 12 1 1 12 12 12 12 1 12 1 1 12 1 12 12 12 1 12 7 12 12 12 12 100 12 12 100 12 12 12 100 12 12 1 1 12 12 1 1 12 12 12 12 1 1 1 1 1 1 1 1 1 1 1 1 1 1 1 1 1 1 1 1 1 1 1 1 1 1 1 1 1 1 1 1 1 1 1 1 1 1 1 1 1 1 1 1 1 1
instanceKlass org/antlr/v4/runtime/atn/ProfilingATNSimulator
ciInstanceKlass org/antlr/v4/runtime/atn/ParserATNSimulator 1 1 1011 7 7 10 10 9 9 9 9 7 9 10 10 9 11 9 9 9 11 10 10 10 9 9 9 10 9 10 7 10 10 10 10 9 11 11 11 10 10 9 10 10 9 9 9 9 10 10 10 10 10 9 9 10 100 11 9 10 10 10 9 10 10 9 9 10 7 10 10 10 10 10 9 10 10 10 10 10 10 7 10 7 10 10 11 11 7 9 7 9 9 10 100 10 7 10 11 10 10 10 10 10 100 10 7 10 10 10 10 11 11 10 10 9 10 10 10 9 9 10 9 10 7 10 9 9 10 9 10 11 10 10 11 7 10 9 10 7 10 10 9 100 10 11 100 10 9 9 10 100 10 10 10 10 10 10 10 10 100 10 7 10 9 9 10 10 10 9 10 10 3 9 10 10 9 11 10 10 9 7 3 10 7 10 100 10 9 10 11 10 7 9 10 7 9 100 9 9 100 10 100 10 8 10 10 8 10 10 10 7 10 100 10 10 9 10 9 10 10 9 10 9 9 10 9 10 8 10 9 11 10 10 8 10 9 8 10 10 8 100 8 9 100 100 8 8 8 9 10 10 8 100 11 11 10 9 11 9 10 10 10 10 11 11 11 10 100 10 8 10 10 7 1 1 1 3 1 1 1 1 1 1 1 1 1 1 1 1 1 1 1 1 1 1 1 1 1 1 1 1 1 1 1 1 1 1 1 1 1 1 1 1 1 1 1 1 1 1 1 1 1 1 1 1 1 1 1 1 1 1 7 7 100 1 1 1 1 1 1 1 1 1 1 1 1 1 1 1 1 1 100 1 1 1 1 1 1 1 1 1 1 1 1 1 100 1 1 1 1 1 1 1 1 100 1 1 1 1 1 1 1 1 1 1 1 1 1 1 1 1 1 1 1 7 7 7 1 1 1 1 1 1 1 1 1 1 1 1 1 1 1 1 1 1 1 1 1 1 1 1 1 1 7 1 1 1 1 1 1 1 1 1 1 1 1 1 1 1 1 1 1 1 1 1 1 1 1 1 1 1 1 1 1 1 1 1 1 1 1 1 1 1 1 1 1 1 1 1 1 1 1 1 1 1 1 1 1 7 1 1 1 1 1 1 1 1 1 1 1 1 1 1 1 1 1 1 1 1 1 1 1 1 1 1 1 1 1 1 1 1 1 1 1 1 1 1 1 1 100 100 1 1 1 1 1 1 1 1 1 1 1 1 1 1 1 1 1 100 1 1 1 1 1 1 1 1 1 1 1 1 1 1 1 1 1 1 1 1 1 1 1 1 1 12 12 7 12 12 12 12 1 12 12 12 12 12 12 12 12 12 12 7 12 12 12 12 12 12 12 12 1 12 12 12 12 12 12 12 12 12 12 12 12 12 12 12 12 12 12 12 12 12 12 12 12 12 1 12 12 12 12 12 12 12 12 12 12 12 1 100 12 12 12 12 12 12 12 12 12 12 12 12 1 12 1 12 12 12 12 1 12 1 12 12 12 1 1 12 12 12 12 12 1 12 1 12 12 12 12 12 12 12 12 12 12 12 12 12 1 12 12 12 12 12 12 12 12 12 1 12 12 12 1 12 12 12 1 12 12 12 12 12 12 1 12 12 12 12 12 12 12 1 12 1 12 12 12 12 12 12 12 12 12 12 12 12 12 12 1 12 1 12 1 12 12 12 1 12 12 1 12 1 12 1 12 1 1 12 12 1 12 12 12 1 12 1 12 12 12 12 12 12 12 12 7 12 12 1 12 100 12 12 12 1 12 7 12 1 100 12 12 1 1 1 12 1 1 1 1 1 12 12 1 1 12 12 12 12 12 12 12 12 100 12 12 12 12 1 7 12 12 7 12 1 1 1 1 1 1 1 1 1 1 1 1 1 1 1 1 1 1 1 1 1 1 1 1 1 1 1 1 1 1 1 1 1 1 1 1 1 1 1 1 1 1 1 1 1 1 1 1 1 1 1 1 1 1 1 1 1 1 1 1 1 1 1 1 1 1 1 1 1 1 1 1 1 1 1 1 1 1 1 1 1 1 1 1 1 1 1 1 1 1 1 1 1 1 1 1 1 1 1 1 1 1 1 1 1 1 1 1 1 1 1 1 1 1 1 1 1 1 1 1 1 1 1 1 1 1 1 1 1 1 1 1 1 1 1 1 1 1 1 1 1 1 1 1 1 1 1 100 1 1 1 1 1 100 1 1 1 1 1 1 1 1 1 1 1 1 1 1 1 1 1 1 1 1 1 1 1 1 1 1 1 1 1 1 1 1 1 1 1 1 1 1 1 1 1 1 1 1
staticfield org/antlr/v4/runtime/atn/ParserATNSimulator TURN_OFF_LR_LOOP_ENTRY_BRANCH_OPT Z 0
staticfield org/antlr/v4/runtime/atn/ParserATNSimulator $assertionsDisabled Z 1
ciInstanceKlass org/antlr/v4/runtime/atn/SemanticContext$Predicate 1 1 89 10 9 9 9 10 10 10 10 7 100 10 8 10 10 8 8 10 7 1 1 1 1 1 1 1 1 1 1 1 1 1 1 1 1 1 1 1 1 1 1 1 1 1 100 1 1 1 1 1 1 1 1 1 1 1 1 1 12 12 12 12 100 12 7 12 12 12 1 1 1 12 12 1 1 12 1 1 1 1 1 1 1 1 1 1 1 1 1
instanceKlass org/antlr/v4/runtime/atn/SemanticContext$Operator
instanceKlass org/antlr/v4/runtime/atn/SemanticContext$PrecedencePredicate
instanceKlass org/antlr/v4/runtime/atn/SemanticContext$Predicate
ciInstanceKlass org/antlr/v4/runtime/atn/SemanticContext 1 1 115 10 10 9 100 10 9 100 10 9 11 11 11 7 100 100 10 10 11 10 7 10 7 1 1 1 100 1 1 1 1 1 1 1 1 1 1 1 1 1 1 1 1 1 1 1 1 1 1 1 1 1 1 1 1 1 1 1 1 1 1 1 1 1 1 1 1 1 1 1 1 100 1 1 1 1 1 1 12 12 12 1 12 12 1 100 12 12 12 1 1 1 12 12 100 12 1 1 1 1 1 1 1 1 1 1 1 1 1 1 1 1 1 1 1
staticfield org/antlr/v4/runtime/atn/SemanticContext NONE Lorg/antlr/v4/runtime/atn/SemanticContext; org/antlr/v4/runtime/atn/SemanticContext$Predicate
ciInstanceKlass org/antlr/v4/runtime/atn/SemanticContext$PrecedencePredicate 0 0 81 10 9 10 9 7 100 10 8 10 10 8 10 10 7 100 1 1 1 1 1 1 1 1 1 1 1 1 1 1 1 1 1 1 1 1 1 1 1 1 1 1 1 1 1 1 1 1 1 1 1 1 1 1 1 1 1 1 12 12 7 12 12 1 1 1 12 12 1 12 12 1 1 1 1 1 1 1 1 1 1
ciInstanceKlass org/antlr/v4/runtime/atn/ArrayPredictionContext 1 1 125 7 9 9 10 10 10 9 100 10 9 9 3 7 10 10 10 10 10 8 100 10 8 10 8 8 10 10 10 8 8 10 10 1 1 1 1 1 1 1 1 1 1 1 1 1 1 1 1 1 100 100 1 1 1 1 1 1 1 1 1 1 1 1 1 1 1 1 1 1 1 1 1 1 1 1 7 12 12 12 12 12 12 1 12 12 12 1 12 7 7 12 12 12 1 1 1 12 1 1 12 12 12 1 1 7 12 1 1 1 1 1 1 1 1 1 1 1 1 1 1 1 1 1 1
staticfield org/antlr/v4/runtime/atn/ArrayPredictionContext $assertionsDisabled Z 1
ciInstanceKlass org/antlr/v4/runtime/misc/MurmurHash 1 1 65 7 10 3 3 3 10 10 3 3 10 10 10 7 1 1 1 3 1 1 1 1 1 1 1 1 1 1 1 1 1 1 1 1 1 1 1 1 1 1 1 1 1 1 1 1 1 1 100 1 1 1 1 1 1 1 1 1 12 12 12 12 12 12 1
ciInstanceKlass org/antlr/v4/runtime/atn/OrderedATNConfigSet$LexerConfigHashSet 1 1 30 9 10 100 7 1 1 1 1 1 1 1 1 1 1 1 7 12 12 100 1 100 1 1 1 1 1 1 1 1
ciInstanceKlass org/antlr/v4/runtime/misc/DoubleKeyMap 1 1 67 10 7 10 9 11 7 11 11 11 7 7 1 1 1 1 1 1 1 1 1 1 1 1 1 1 1 1 1 1 1 1 1 1 1 1 1 1 1 1 1 1 1 1 1 1 1 1 1 1 1 1 1 1 1 12 1 12 12 1 12 12 12 1 1 1 1
ciMethod java/lang/Object <init> ()V 4097 1 816567 0 96
ciMethod java/lang/Object getClass ()Ljava/lang/Class; 3073 1 384 0 -1
ciMethod java/lang/Object hashCode ()I 2049 1 256 0 -1
ciMethod java/lang/Object equals (Ljava/lang/Object;)Z 2089 1 11886 0 -1
ciMethod java/lang/Class isArray ()Z 3073 1 384 0 -1
ciMethod java/lang/Class getComponentType ()Ljava/lang/Class; 1401 1 7692 0 -1
ciMethod java/lang/System arraycopy (Ljava/lang/Object;ILjava/lang/Object;II)V 2049 1 256 0 -1
ciMethod java/util/Set add (Ljava/lang/Object;)Z 0 0 1 0 -1
ciMethod java/util/Objects equals (Ljava/lang/Object;Ljava/lang/Object;)Z 2073 1 23944 0 -1
ciMethod java/util/Objects checkIndex (II)I 2049 1 19087 0 -1
ciMethod java/util/HashMap hash (Ljava/lang/Object;)I 2049 1 96828 0 -1
ciMethod java/util/HashMap put (Ljava/lang/Object;Ljava/lang/Object;)Ljava/lang/Object; 3761 1 22446 0 3648
ciMethod java/util/HashMap putVal (ILjava/lang/Object;Ljava/lang/Object;ZZ)Ljava/lang/Object; 2193 169 19850 0 -1
ciMethod java/util/HashSet add (Ljava/lang/Object;)Z 3081 1 7666 0 0
ciMethod java/util/List size ()I 0 0 1 0 -1
ciMethod java/util/List get (I)Ljava/lang/Object; 0 0 1 0 -1
ciMethod java/lang/reflect/Array newInstance (Ljava/lang/Class;I)Ljava/lang/Object; 1113 1 6271 0 -1
ciMethod java/lang/Math max (II)I 4097 1 70019 0 -1
ciMethod java/lang/Math min (II)I 2049 1 88000 0 -1
ciMethod java/util/Arrays equals ([I[I)Z 353 1 60 0 0
ciMethod java/util/Arrays equals ([Ljava/lang/Object;[Ljava/lang/Object;)Z 2057 4361 5378 0 352
ciMethod java/util/Arrays copyOf ([Ljava/lang/Object;I)[Ljava/lang/Object; 705 1 9278 0 480
ciMethod java/util/Arrays copyOf ([Ljava/lang/Object;ILjava/lang/Class;)[Ljava/lang/Object; 1129 1 5396 0 -1
ciMethod java/util/Arrays copyOf ([II)[I 3081 1 1753 0 -1
ciMethod java/util/ArrayList grow (I)[Ljava/lang/Object; 297 1 4253 0 0
ciMethod java/util/ArrayList grow ()[Ljava/lang/Object; 297 1 2306 0 0
ciMethod java/util/ArrayList newCapacity (I)I 297 1 5157 0 160
ciMethod java/util/ArrayList hugeCapacity (I)I 0 0 1 0 -1
ciMethod java/util/ArrayList size ()I 1033 1 129 0 0
ciMethod java/util/ArrayList elementData (I)Ljava/lang/Object; 2049 1 15052 0 0
ciMethod java/util/ArrayList get (I)Ljava/lang/Object; 2049 1 15050 0 160
ciMethod java/util/ArrayList add (Ljava/lang/Object;[Ljava/lang/Object;I)V 2057 1 18742 0 0
ciMethod java/util/ArrayList add (Ljava/lang/Object;)Z 2057 1 18742 0 1120
ciMethodData java/lang/Object <init> ()V 2 816567 orig 80 1 0 0 0 0 0 0 0 0 0 0 0 25 0 0 0 0 0 0 0 0 0 0 0 0 0 0 0 0 0 0 0 0 0 0 0 0 0 0 0 0 0 0 0 0 0 0 0 0 0 0 0 0 0 0 0 0 0 0 0 0 0 0 0 0 0 0 0 0 0 0 0 0 0 0 0 0 0 0 0 data 4 0x0 0x9 0x1 0x0 oops 0 methods 0
ciMethod jdk/internal/util/Preconditions checkIndex (IILjava/util/function/BiFunction;)I 2049 1 19167 0 -1
ciMethodData java/util/HashMap put (Ljava/lang/Object;Ljava/lang/Object;)Ljava/lang/Object; 2 22446 orig 80 2 0 0 0 0 0 0 0 0 0 0 0 255 127 0 0 0 0 0 0 0 0 0 0 0 0 0 0 0 0 0 0 0 0 0 0 0 0 0 0 0 0 0 0 0 0 0 0 0 0 0 0 0 0 0 0 0 0 0 0 0 0 0 0 0 0 0 0 0 0 0 0 0 0 0 0 0 0 0 0 data 20 0x20002 0x55d8 0x90005 0x55d9 0x0 0x0 0x0 0x0 0x0 0x0 0x0 0x0 0x0 0x0 0x0 0x9 0x3 0xffffffffffffffff 0xffffffffffffffff 0xffffffffffffffff oops 0 methods 0
ciMethodData java/util/HashSet add (Ljava/lang/Object;)Z 2 7666 orig 80 1 0 0 0 0 0 0 0 0 0 0 0 255 127 0 0 0 0 0 0 0 0 0 0 0 0 0 0 0 0 0 0 0 0 0 0 0 0 0 0 0 0 0 0 0 0 0 0 0 0 0 0 0 0 0 0 0 0 0 0 0 0 0 0 0 0 0 0 0 0 0 0 0 0 0 0 0 0 0 0 data 24 0x80005 0x0 0x0 0x1f179deef60 0x1bca 0x1f179defa20 0xa7 0xb0007 0x72c 0x38 0x1545 0xf0003 0x1545 0x18 0x0 0x0 0x0 0x0 0x0 0x0 0x9 0x2 0x0 0xffffffffffffffff oops 2 3 java/util/HashMap 5 java/util/LinkedHashMap methods 0
ciMethodData java/util/ArrayList add (Ljava/lang/Object;)Z 2 18742 orig 80 0 0 0 0 0 0 0 0 0 0 0 0 255 127 0 0 0 0 0 0 0 0 0 0 0 0 0 0 0 0 0 0 0 0 0 0 0 0 0 0 0 0 0 0 0 0 0 0 0 0 0 0 0 0 0 0 0 0 0 0 0 0 0 0 0 0 0 0 0 0 0 0 0 0 0 0 0 0 0 0 data 17 0x140005 0x4835 0x0 0x0 0x0 0x0 0x0 0x0 0x0 0x0 0x0 0x0 0x0 0x9 0x2 0xe 0x0 oops 0 methods 0
ciMethodData java/util/ArrayList add (Ljava/lang/Object;[Ljava/lang/Object;I)V 2 18742 orig 80 0 0 0 0 0 0 0 0 0 0 0 0 241 1 0 0 0 0 0 0 0 0 0 0 0 0 0 0 0 0 0 0 0 0 0 0 0 0 0 0 0 0 0 0 0 0 0 0 0 0 0 0 0 0 0 0 0 0 0 0 0 0 0 0 0 0 0 0 0 0 0 0 0 0 0 0 0 0 0 0 data 30 0x30007 0x3f8e 0x58 0x8a7 0x70005 0x8a7 0x0 0x0 0x0 0x0 0x0 0xe0004 0x0 0x0 0x1f17607d3d0 0x24 0x1f156935390 0x40f 0x0 0x0 0x0 0x0 0x0 0x0 0x9 0x4 0xc 0x0 0xffffffffffffffff 0x0 oops 2 14 jdk/internal/loader/URLClassPath$JarLoader 16 java/lang/Integer methods 0
ciMethodData java/util/ArrayList grow ()[Ljava/lang/Object; 2 2306 orig 80 0 0 0 0 0 0 0 0 0 0 0 0 241 1 0 0 0 0 0 0 0 0 0 0 0 0 0 0 0 0 0 0 0 0 0 0 0 0 0 0 0 0 0 0 0 0 0 0 0 0 0 0 0 0 0 0 0 0 0 0 0 0 0 0 0 0 0 0 0 0 0 0 0 0 0 0 0 0 0 0 data 16 0x70005 0x8dd 0x0 0x0 0x0 0x0 0x0 0x0 0x0 0x0 0x0 0x0 0x0 0x9 0x1 0xc oops 0 methods 0
ciMethodData java/util/ArrayList grow (I)[Ljava/lang/Object; 2 4253 orig 80 0 0 0 0 0 0 0 0 0 0 0 0 241 1 0 0 0 0 0 0 0 0 0 0 0 0 0 0 0 0 0 0 0 0 0 0 0 0 0 0 0 0 0 0 0 0 0 0 0 0 0 0 0 0 0 0 0 0 0 0 0 0 0 0 0 0 0 0 0 0 0 0 0 0 0 0 0 0 0 0 data 19 0x70005 0x1078 0x0 0x0 0x0 0x0 0x0 0xa0002 0x1078 0x0 0x0 0x0 0x0 0x0 0x0 0x9 0x2 0xc 0x0 oops 0 methods 0
ciMethodData java/util/ArrayList newCapacity (I)I 2 5157 orig 80 0 0 0 0 0 0 0 0 0 0 0 0 241 1 0 0 0 0 0 0 0 0 0 0 0 0 0 0 0 0 0 0 0 0 0 0 0 0 0 0 0 0 0 0 0 0 0 0 0 0 0 0 0 0 0 0 0 0 0 0 0 0 0 0 0 0 0 0 0 0 0 0 0 0 0 0 0 0 0 0 data 35 0xf0007 0x162 0x80 0x129e 0x190007 0x13 0x30 0x128b 0x1f0002 0x128b 0x240007 0x13 0x30 0x0 0x2b0002 0x0 0x350007 0x0 0x38 0x162 0x390003 0x162 0x28 0x3d0002 0x0 0x0 0x0 0x0 0x0 0x0 0x0 0x9 0x2 0x0 0x0 oops 0 methods 0
ciMethodData java/util/Arrays copyOf ([Ljava/lang/Object;I)[Ljava/lang/Object; 2 9278 orig 80 0 0 0 0 0 0 0 0 0 0 0 0 241 1 0 0 0 0 0 0 0 0 0 0 0 0 0 0 0 0 0 0 0 0 0 0 0 0 0 0 0 0 0 0 0 0 0 0 0 0 0 0 0 0 0 0 0 0 0 0 0 0 0 0 0 0 0 0 0 0 0 0 0 0 0 0 0 0 0 0 data 19 0x30005 0x23e6 0x0 0x0 0x0 0x0 0x0 0x60002 0x23e5 0x0 0x0 0x0 0x0 0x0 0x0 0x9 0x2 0xffffffffffffffff 0x0 oops 0 methods 0
ciMethodData java/util/Arrays copyOf ([Ljava/lang/Object;ILjava/lang/Class;)[Ljava/lang/Object; 2 5396 orig 80 1 0 0 0 0 0 0 0 0 0 0 0 241 1 0 0 0 0 0 0 0 0 1 0 0 0 0 0 0 0 0 0 0 0 0 0 0 0 0 0 0 0 0 0 0 0 0 0 0 0 0 0 0 0 0 0 0 0 0 0 0 0 0 0 0 0 0 0 0 0 0 0 0 0 0 0 0 0 0 0 data 38 0x30007 0x49d 0x38 0xfea 0xa0003 0xfea 0x98 0xe0005 0x49d 0x0 0x0 0x0 0x0 0x0 0x120002 0x49d 0x150004 0x0 0x0 0x1f175d93c60 0x316 0x1f175d93cb0 0x10e 0x200002 0x1487 0x8000000600230002 0x1488 0x0 0x0 0x0 0x0 0x0 0x0 0x9 0x3 0xffffffffffffffff 0x0 0xffffffffffffffff oops 2 19 [Ljava/lang/Class; 21 [Ljava/lang/invoke/LambdaForm$Name; methods 0
ciMethodData java/util/ArrayList get (I)Ljava/lang/Object; 2 15050 orig 80 0 0 0 0 0 0 0 0 0 0 0 0 255 127 0 0 0 0 0 0 0 0 0 0 0 0 0 0 0 0 0 0 0 0 0 0 0 0 0 0 0 0 0 0 0 0 0 0 0 0 0 0 0 0 0 0 0 0 0 0 0 0 0 0 0 0 0 0 0 0 0 0 0 0 0 0 0 0 0 0 data 19 0x50002 0x39ca 0xb0005 0x0 0x0 0x1f1762314a0 0x2f14 0x1f1797c3870 0xab6 0x0 0x0 0x0 0x0 0x0 0x0 0x9 0x2 0x0 0x0 oops 2 5 java/util/ArrayList 7 org/apache/tomcat/util/digester/ArrayStack methods 0
ciMethodData java/util/Objects checkIndex (II)I 2 19087 orig 80 0 0 0 0 0 0 0 0 0 0 0 0 241 1 0 0 0 0 0 0 0 0 0 0 0 0 0 0 0 0 0 0 0 0 0 0 0 0 0 0 0 0 0 0 0 0 0 0 0 0 0 0 0 0 0 0 0 0 0 0 0 0 0 0 0 0 0 0 0 0 0 0 0 0 0 0 0 0 0 0 data 12 0x30002 0x498f 0x0 0x0 0x0 0x0 0x0 0x0 0x9 0x2 0x0 0x0 oops 0 methods 0
ciMethodData java/util/ArrayList elementData (I)Ljava/lang/Object; 2 15052 orig 80 0 0 0 0 0 0 0 0 0 0 0 0 241 1 0 0 0 0 0 0 0 0 0 0 0 0 0 0 0 0 0 0 0 0 0 0 0 0 0 0 0 0 0 0 0 0 0 0 0 0 0 0 0 0 0 0 0 0 0 0 0 0 0 0 0 0 0 0 0 0 0 0 0 0 0 0 0 0 0 0 data 8 0x0 0x0 0x0 0x0 0x9 0x2 0x0 0x0 oops 0 methods 0
ciMethod java/lang/IllegalStateException <init> (Ljava/lang/String;)V 25 1 3 0 -1
ciMethodData java/util/Arrays equals ([Ljava/lang/Object;[Ljava/lang/Object;)Z 2 9614 orig 80 0 0 0 0 0 0 0 0 0 0 0 0 255 127 0 0 0 0 0 0 0 0 0 0 0 0 0 0 0 0 0 0 0 0 0 0 0 0 0 0 0 0 0 0 0 0 0 0 0 0 0 0 0 0 0 0 0 0 0 0 0 0 0 0 0 0 0 0 0 0 0 0 0 0 0 0 0 0 0 0 data 39 0x20007 0x11ad 0x20 0x254 0x80007 0x0 0x40 0x11ad 0xc0007 0x11ad 0x20 0x0 0x170007 0x1193 0x20 0x1a 0x200007 0x1189 0x68 0x2377 0x290002 0x2377 0x2c0007 0x236d 0x20 0xa 0x340003 0x236d 0xffffffffffffffb0 0x0 0x0 0x0 0x0 0x0 0x0 0x9 0x2 0x0 0x0 oops 0 methods 0
ciMethodData java/lang/Class getComponentType ()Ljava/lang/Class; 2 7692 orig 80 0 0 0 0 0 0 0 0 0 0 0 0 241 1 0 0 0 0 0 0 0 0 0 0 0 0 0 0 0 0 0 0 0 0 0 0 0 0 0 0 0 0 0 0 0 0 0 0 0 0 0 0 0 0 0 0 0 0 0 0 0 0 0 0 0 0 0 0 0 0 0 0 0 0 0 0 0 0 0 0 data 20 0x10005 0x1d5d 0x0 0x0 0x0 0x0 0x0 0x40007 0x34 0x20 0x1d29 0x0 0x0 0x0 0x0 0x0 0x0 0x9 0x1 0xffffffffffffffff oops 0 methods 0
ciMethod jdk/internal/util/ArraysSupport vectorizedMismatch (Ljava/lang/Object;JLjava/lang/Object;JII)I 1025 1033 1 0 -1
ciMethod jdk/internal/util/ArraysSupport mismatch ([I[II)I 2057 1497 60 0 -1
ciMethod java/lang/AssertionError <init> ()V 0 0 1 0 -1
ciMethod org/antlr/v4/runtime/IntStream index ()I 0 0 1 0 -1
ciMethod org/antlr/v4/runtime/IntStream seek (I)V 0 0 1 0 -1
ciMethod org/antlr/v4/runtime/atn/PredictionContext <init> (I)V 2049 1 1826 0 0
ciMethod org/antlr/v4/runtime/atn/PredictionContext size ()I 0 0 1 0 -1
ciMethod org/antlr/v4/runtime/atn/PredictionContext getParent (I)Lorg/antlr/v4/runtime/atn/PredictionContext; 0 0 1 0 -1
ciMethod org/antlr/v4/runtime/atn/PredictionContext getReturnState (I)I 0 0 1 0 -1
ciMethod org/antlr/v4/runtime/atn/PredictionContext isEmpty ()Z 2049 1 513 0 -1
ciMethod org/antlr/v4/runtime/atn/PredictionContext hasEmptyPath ()Z 0 0 57 0 -1
ciMethod org/antlr/v4/runtime/atn/PredictionContext hashCode ()I 1025 1 128 0 0
ciMethod org/antlr/v4/runtime/atn/PredictionContext equals (Ljava/lang/Object;)Z 0 0 1 0 -1
ciMethod org/antlr/v4/runtime/atn/PredictionContext calculateEmptyHashCode ()I 9 1 1 0 -1
ciMethod org/antlr/v4/runtime/atn/PredictionContext calculateHashCode (Lorg/antlr/v4/runtime/atn/PredictionContext;I)I 2049 1 1589 0 0
ciMethod org/antlr/v4/runtime/atn/PredictionContext calculateHashCode ([Lorg/antlr/v4/runtime/atn/PredictionContext;[I)I 2209 7937 236 0 0
ciMethod org/antlr/v4/runtime/atn/PredictionContext merge (Lorg/antlr/v4/runtime/atn/PredictionContext;Lorg/antlr/v4/runtime/atn/PredictionContext;ZLorg/antlr/v4/runtime/misc/DoubleKeyMap;)Lorg/antlr/v4/runtime/atn/PredictionContext; 1 1 1728 0 0
ciMethod org/antlr/v4/runtime/atn/PredictionContext mergeSingletons (Lorg/antlr/v4/runtime/atn/SingletonPredictionContext;Lorg/antlr/v4/runtime/atn/SingletonPredictionContext;ZLorg/antlr/v4/runtime/misc/DoubleKeyMap;)Lorg/antlr/v4/runtime/atn/PredictionContext; 1905 1 1580 0 -1
ciMethod org/antlr/v4/runtime/atn/PredictionContext mergeRoot (Lorg/antlr/v4/runtime/atn/SingletonPredictionContext;Lorg/antlr/v4/runtime/atn/SingletonPredictionContext;Z)Lorg/antlr/v4/runtime/atn/PredictionContext; 529 1 268 0 -1
ciMethod org/antlr/v4/runtime/atn/PredictionContext mergeArrays (Lorg/antlr/v4/runtime/atn/ArrayPredictionContext;Lorg/antlr/v4/runtime/atn/ArrayPredictionContext;ZLorg/antlr/v4/runtime/misc/DoubleKeyMap;)Lorg/antlr/v4/runtime/atn/PredictionContext; 105 225 144 0 -1
ciMethod org/antlr/v4/runtime/atn/PredictionContext combineCommonParents ([Lorg/antlr/v4/runtime/atn/PredictionContext;)V 1433 8705 84 0 -1
ciMethod org/antlr/v4/runtime/atn/EmptyPredictionContext equals (Ljava/lang/Object;)Z 2049 1 16 0 0
ciMethod org/antlr/v4/runtime/atn/SingletonPredictionContext <init> (Lorg/antlr/v4/runtime/atn/PredictionContext;I)V 177 1 1590 0 0
ciMethod org/antlr/v4/runtime/atn/SingletonPredictionContext create (Lorg/antlr/v4/runtime/atn/PredictionContext;I)Lorg/antlr/v4/runtime/atn/SingletonPredictionContext; 169 1 1589 0 0
ciMethod org/antlr/v4/runtime/atn/SingletonPredictionContext size ()I 1025 1 128 0 0
ciMethod org/antlr/v4/runtime/atn/SingletonPredictionContext getParent (I)Lorg/antlr/v4/runtime/atn/PredictionContext; 2049 1 258 0 0
ciMethod org/antlr/v4/runtime/atn/SingletonPredictionContext getReturnState (I)I 2049 1 222 0 0
ciMethod org/antlr/v4/runtime/atn/SingletonPredictionContext equals (Ljava/lang/Object;)Z 2049 1 4229 0 0
ciMethod org/antlr/v4/runtime/atn/Transition getSerializationType ()I 0 0 1 0 -1
ciMethod org/antlr/v4/runtime/atn/Transition isEpsilon ()Z 8089 1 1011 0 -1
ciMethod org/antlr/v4/runtime/atn/Transition matches (III)Z 0 0 1 0 -1
ciMethod org/antlr/v4/runtime/atn/EpsilonTransition outermostPrecedenceReturn ()I 0 0 1 0 0
ciMethod org/antlr/v4/runtime/atn/ATNState getNumberOfTransitions ()I 4097 1 19478 0 96
ciMethod org/antlr/v4/runtime/atn/ATNState transition (I)Lorg/antlr/v4/runtime/atn/Transition; 4097 1 13619 0 256
ciMethod org/antlr/v4/runtime/atn/ATNState getStateType ()I 0 0 1 0 -1
ciMethod org/antlr/v4/runtime/atn/ATNState onlyHasEpsilonTransitions ()Z 7297 1 912 0 0
ciMethod org/antlr/v4/runtime/atn/PredicateTransition getPredicate ()Lorg/antlr/v4/runtime/atn/SemanticContext$Predicate; 0 0 1 0 -1
ciMethod org/antlr/v4/runtime/atn/PrecedencePredicateTransition getPredicate ()Lorg/antlr/v4/runtime/atn/SemanticContext$PrecedencePredicate; 0 0 1 0 -1
ciMethodData org/antlr/v4/runtime/atn/ATNState getNumberOfTransitions ()I 2 19478 orig 80 0 0 0 0 0 0 0 0 0 0 0 0 241 1 0 0 0 0 0 0 0 0 0 0 0 0 0 0 0 0 0 0 0 0 0 0 0 0 0 0 0 0 0 0 0 0 0 0 0 0 0 0 0 0 0 0 0 0 0 0 0 0 0 0 0 0 0 0 0 0 0 0 0 0 0 0 0 0 0 0 data 16 0x40005 0x0 0x0 0x1f1762314a0 0x4a16 0x0 0x0 0x0 0x0 0x0 0x0 0x0 0x0 0x9 0x1 0x0 oops 1 3 java/util/ArrayList methods 0
ciMethodData org/antlr/v4/runtime/atn/ATNState transition (I)Lorg/antlr/v4/runtime/atn/Transition; 2 13619 orig 80 0 0 0 0 0 0 0 0 0 0 0 0 241 1 0 0 0 0 0 0 0 0 0 0 0 0 0 0 0 0 0 0 0 0 0 0 0 0 0 0 0 0 0 0 0 0 0 0 0 0 0 0 0 0 0 0 0 0 0 0 0 0 0 0 0 0 0 0 0 0 0 0 0 0 0 0 0 0 0 0 data 24 0x50005 0x0 0x0 0x1f1762314a0 0x3333 0x0 0x0 0xa0004 0x0 0x0 0x1f175361040 0x6f7 0x1f175363a90 0x182c 0x0 0x0 0x0 0x0 0x0 0x0 0x9 0x2 0x0 0x0 oops 3 3 java/util/ArrayList 10 org/antlr/v4/runtime/atn/RuleTransition 12 org/antlr/v4/runtime/atn/EpsilonTransition methods 0
ciMethod org/antlr/v4/runtime/dfa/DFA isPrecedenceDfa ()Z 457 1 26 0 0
ciMethod org/antlr/v4/runtime/atn/ATNConfigSet add (Lorg/antlr/v4/runtime/atn/ATNConfig;Lorg/antlr/v4/runtime/misc/DoubleKeyMap;)Z 833 1 2177 0 0
ciMethod org/antlr/v4/runtime/atn/ATNConfig <init> (Lorg/antlr/v4/runtime/atn/ATNState;ILorg/antlr/v4/runtime/atn/PredictionContext;Lorg/antlr/v4/runtime/atn/SemanticContext;)V 1793 1 321 0 0
ciMethod org/antlr/v4/runtime/atn/ATNConfig <init> (Lorg/antlr/v4/runtime/atn/ATNConfig;Lorg/antlr/v4/runtime/atn/ATNState;)V 1353 1 3982 0 0
ciMethod org/antlr/v4/runtime/atn/ATNConfig <init> (Lorg/antlr/v4/runtime/atn/ATNConfig;Lorg/antlr/v4/runtime/atn/ATNState;Lorg/antlr/v4/runtime/atn/SemanticContext;)V 0 0 1 0 -1
ciMethod org/antlr/v4/runtime/atn/ATNConfig <init> (Lorg/antlr/v4/runtime/atn/ATNConfig;Lorg/antlr/v4/runtime/atn/ATNState;Lorg/antlr/v4/runtime/atn/PredictionContext;)V 289 1 1260 0 0
ciMethod org/antlr/v4/runtime/atn/ATNConfig <init> (Lorg/antlr/v4/runtime/atn/ATNConfig;Lorg/antlr/v4/runtime/atn/ATNState;Lorg/antlr/v4/runtime/atn/PredictionContext;Lorg/antlr/v4/runtime/atn/SemanticContext;)V 1273 1 5279 0 672
ciMethod org/antlr/v4/runtime/atn/ATNConfig getOuterContextDepth ()I 1849 1 2177 0 0
ciMethod org/antlr/v4/runtime/atn/ATNConfig isPrecedenceFilterSuppressed ()Z 1 1 1450 0 0
ciMethod org/antlr/v4/runtime/atn/ATNConfig setPrecedenceFilterSuppressed (Z)V 0 0 1 0 0
ciMethod org/antlr/v4/runtime/atn/ATNConfig hashCode ()I 3153 1 766 0 0
ciMethod org/antlr/v4/runtime/atn/ATNConfigSet$AbstractConfigHashSet createBucket (I)[Lorg/antlr/v4/runtime/atn/ATNConfig; 2041 1 1201 0 0
ciMethod org/antlr/v4/runtime/atn/ATNConfigSet$AbstractConfigHashSet createBucket (I)[Ljava/lang/Object; 2049 1 1201 0 0
ciMethod org/antlr/v4/runtime/misc/Array2DHashSet getOrAdd (Ljava/lang/Object;)Ljava/lang/Object; 1849 1 2177 0 0
ciMethod org/antlr/v4/runtime/misc/Array2DHashSet getOrAddImpl (Ljava/lang/Object;)Ljava/lang/Object; 1849 929 2177 0 0
ciMethod org/antlr/v4/runtime/misc/Array2DHashSet getBucket (Ljava/lang/Object;)I 2097 1 3001 0 0
ciMethod org/antlr/v4/runtime/misc/Array2DHashSet expand ()V 49 7217 20 0 0
ciMethod org/antlr/v4/runtime/misc/Array2DHashSet size ()I 753 1 20 0 -1
ciMethod org/antlr/v4/runtime/misc/Array2DHashSet createBuckets (I)[[Ljava/lang/Object; 0 0 1 0 -1
ciMethod org/antlr/v4/runtime/misc/Array2DHashSet createBucket (I)[Ljava/lang/Object; 0 0 1 0 -1
ciMethod org/antlr/v4/runtime/misc/EqualityComparator hashCode (Ljava/lang/Object;)I 0 0 1 0 -1
ciMethod org/antlr/v4/runtime/misc/EqualityComparator equals (Ljava/lang/Object;Ljava/lang/Object;)Z 0 0 1 0 -1
ciMethod org/antlr/v4/runtime/misc/ObjectEqualityComparator hashCode (Ljava/lang/Object;)I 3073 1 727 0 0
ciMethod org/antlr/v4/runtime/misc/ObjectEqualityComparator equals (Ljava/lang/Object;Ljava/lang/Object;)Z 2049 1 282 0 0
ciMethod org/antlr/v4/runtime/atn/ATNConfigSet$ConfigEqualityComparator hashCode (Lorg/antlr/v4/runtime/atn/ATNConfig;)I 2041 1 2274 0 0
ciMethod org/antlr/v4/runtime/atn/ATNConfigSet$ConfigEqualityComparator equals (Lorg/antlr/v4/runtime/atn/ATNConfig;Lorg/antlr/v4/runtime/atn/ATNConfig;)Z 2041 1 2137 0 0
ciMethod org/antlr/v4/runtime/atn/ATNConfigSet$ConfigEqualityComparator equals (Ljava/lang/Object;Ljava/lang/Object;)Z 2049 1 2137 0 0
ciMethod org/antlr/v4/runtime/atn/ATNConfigSet$ConfigEqualityComparator hashCode (Ljava/lang/Object;)I 2049 1 2274 0 0
ciMethod org/antlr/v4/runtime/atn/ParserATNSimulator evalSemanticContext (Lorg/antlr/v4/runtime/atn/SemanticContext;Lorg/antlr/v4/runtime/ParserRuleContext;IZ)Z 0 0 1 0 -1
ciMethod org/antlr/v4/runtime/atn/ParserATNSimulator closureCheckingStopState (Lorg/antlr/v4/runtime/atn/ATNConfig;Lorg/antlr/v4/runtime/atn/ATNConfigSet;Ljava/util/Set;ZZIZ)V 2049 161 5376 0 0
ciMethod org/antlr/v4/runtime/atn/ParserATNSimulator closure_ (Lorg/antlr/v4/runtime/atn/ATNConfig;Lorg/antlr/v4/runtime/atn/ATNConfigSet;Ljava/util/Set;ZZIZ)V 1881 2321 5293 0 0
ciMethod org/antlr/v4/runtime/atn/ParserATNSimulator canDropLoopEntryEdgeInLeftRecursiveRule (Lorg/antlr/v4/runtime/atn/ATNConfig;)Z 2049 1 5293 0 -1
ciMethod org/antlr/v4/runtime/atn/ParserATNSimulator getEpsilonTarget (Lorg/antlr/v4/runtime/atn/ATNConfig;Lorg/antlr/v4/runtime/atn/Transition;ZZZZ)Lorg/antlr/v4/runtime/atn/ATNConfig; 2049 1 7050 0 0
ciMethod org/antlr/v4/runtime/atn/ParserATNSimulator actionTransition (Lorg/antlr/v4/runtime/atn/ATNConfig;Lorg/antlr/v4/runtime/atn/ActionTransition;)Lorg/antlr/v4/runtime/atn/ATNConfig; 0 0 20 0 0
ciMethod org/antlr/v4/runtime/atn/ParserATNSimulator precedenceTransition (Lorg/antlr/v4/runtime/atn/ATNConfig;Lorg/antlr/v4/runtime/atn/PrecedencePredicateTransition;ZZZ)Lorg/antlr/v4/runtime/atn/ATNConfig; 1 1 28 0 0
ciMethod org/antlr/v4/runtime/atn/ParserATNSimulator predTransition (Lorg/antlr/v4/runtime/atn/ATNConfig;Lorg/antlr/v4/runtime/atn/PredicateTransition;ZZZ)Lorg/antlr/v4/runtime/atn/ATNConfig; 0 0 1 0 0
ciMethod org/antlr/v4/runtime/atn/ParserATNSimulator ruleTransition (Lorg/antlr/v4/runtime/atn/ATNConfig;Lorg/antlr/v4/runtime/atn/RuleTransition;)Lorg/antlr/v4/runtime/atn/ATNConfig; 289 1 1260 0 0
ciMethod org/antlr/v4/runtime/atn/SemanticContext and (Lorg/antlr/v4/runtime/atn/SemanticContext;Lorg/antlr/v4/runtime/atn/SemanticContext;)Lorg/antlr/v4/runtime/atn/SemanticContext; 0 0 1 0 -1
ciMethod org/antlr/v4/runtime/atn/SemanticContext$Predicate hashCode ()I 3073 1 4419 0 0
ciMethod org/antlr/v4/runtime/atn/SemanticContext$Predicate equals (Ljava/lang/Object;)Z 2049 1 1424 0 0
ciMethod org/antlr/v4/runtime/atn/SemanticContext$PrecedencePredicate <init> (I)V 57 1 1 0 -1
ciMethod org/antlr/v4/runtime/atn/ArrayPredictionContext <init> (Lorg/antlr/v4/runtime/atn/SingletonPredictionContext;)V 105 1 144 0 0
ciMethod org/antlr/v4/runtime/atn/ArrayPredictionContext <init> ([Lorg/antlr/v4/runtime/atn/PredictionContext;[I)V 209 1 236 0 0
ciMethod org/antlr/v4/runtime/atn/ArrayPredictionContext size ()I 2049 1 65 0 0
ciMethod org/antlr/v4/runtime/atn/ArrayPredictionContext getParent (I)Lorg/antlr/v4/runtime/atn/PredictionContext; 2601 1 103 0 0
ciMethod org/antlr/v4/runtime/atn/ArrayPredictionContext getReturnState (I)I 1745 1 94 0 0
ciMethod org/antlr/v4/runtime/atn/ArrayPredictionContext equals (Ljava/lang/Object;)Z 2089 1 396 0 0
ciMethod org/antlr/v4/runtime/misc/MurmurHash initialize ()I 3065 1 4421 0 0
ciMethod org/antlr/v4/runtime/misc/MurmurHash initialize (I)I 2049 1 9449 0 0
ciMethod org/antlr/v4/runtime/misc/MurmurHash update (II)I 2049 1 1280 0 96
ciMethod org/antlr/v4/runtime/misc/MurmurHash update (ILjava/lang/Object;)I 2049 1 8673 0 0
ciMethod org/antlr/v4/runtime/misc/MurmurHash finish (II)I 2049 1 1280 0 96
ciMethodData org/antlr/v4/runtime/misc/MurmurHash update (II)I 2 1280 orig 80 0 0 0 0 0 0 0 0 0 0 0 0 255 127 0 0 0 0 0 0 0 0 0 0 0 0 0 0 0 0 0 0 0 0 0 0 0 0 0 0 0 0 0 0 0 0 0 0 0 0 0 0 0 0 0 0 0 0 0 0 0 0 0 0 0 0 0 0 0 0 0 0 0 0 0 0 0 0 0 0 data 8 0x0 0x0 0x0 0x0 0x9 0x2 0x0 0x0 oops 0 methods 0
ciMethodData org/antlr/v4/runtime/misc/MurmurHash update (ILjava/lang/Object;)I 2 8673 orig 80 0 0 0 0 0 0 0 0 0 0 0 0 255 127 0 0 0 0 0 0 0 0 0 0 0 0 0 0 0 0 0 0 0 0 0 0 0 0 0 0 0 0 0 0 0 0 0 0 0 0 0 0 0 0 0 0 0 0 0 0 0 0 0 0 0 0 0 0 0 0 0 0 0 0 0 0 0 0 0 0 data 26 0x20007 0x512 0x70 0x1bcf 0x60005 0x122d 0x0 0x1f175d50a60 0x813 0x1f176231340 0x18f 0x90003 0x1bcf 0x18 0xd0002 0x20e1 0x0 0x0 0x0 0x0 0x0 0x0 0x9 0x2 0x0 0x0 oops 2 7 org/antlr/v4/runtime/atn/SemanticContext$Predicate 9 org/antlr/v4/runtime/atn/EmptyPredictionContext methods 0
ciMethodData org/antlr/v4/runtime/misc/MurmurHash initialize (I)I 2 9449 orig 80 0 0 0 0 0 0 0 0 0 0 0 0 255 127 0 0 0 0 0 0 0 0 0 0 0 0 0 0 0 0 0 0 0 0 0 0 0 0 0 0 0 0 0 0 0 0 0 0 0 0 0 0 0 0 0 0 0 0 0 0 0 0 0 0 0 0 0 0 0 0 0 0 0 0 0 0 0 0 0 0 data 4 0x0 0x9 0x1 0x0 oops 0 methods 0
ciMethodData org/antlr/v4/runtime/misc/MurmurHash finish (II)I 2 1280 orig 80 0 0 0 0 0 0 0 0 0 0 0 0 255 127 0 0 0 0 0 0 0 0 0 0 0 0 0 0 0 0 0 0 0 0 0 0 0 0 0 0 0 0 0 0 0 0 0 0 0 0 0 0 0 0 0 0 0 0 0 0 0 0 0 0 0 0 0 0 0 0 0 0 0 0 0 0 0 0 0 0 data 7 0x0 0x0 0x0 0x9 0x2 0x0 0x0 oops 0 methods 0
ciMethodData org/antlr/v4/runtime/misc/Array2DHashSet getBucket (Ljava/lang/Object;)I 2 3001 orig 80 0 0 0 0 0 0 0 0 0 0 0 0 255 127 0 0 0 0 0 0 0 0 0 0 0 0 0 0 0 0 0 0 0 0 0 0 0 0 0 0 0 0 0 0 0 0 0 0 0 0 0 0 0 0 0 0 0 0 0 0 0 0 0 0 0 0 0 0 0 0 0 0 0 0 0 0 0 0 0 0 data 17 0x50005 0x0 0x0 0x1f179742d80 0x1d1 0x1f179742cd0 0x8e2 0x0 0x0 0x0 0x0 0x0 0x0 0x9 0x2 0x0 0xffffffffffffffff oops 2 3 org/antlr/v4/runtime/misc/ObjectEqualityComparator 5 org/antlr/v4/runtime/atn/ATNConfigSet$ConfigEqualityComparator methods 0
ciMethodData org/antlr/v4/runtime/atn/ATNConfig <init> (Lorg/antlr/v4/runtime/atn/ATNConfig;Lorg/antlr/v4/runtime/atn/ATNState;Lorg/antlr/v4/runtime/atn/PredictionContext;Lorg/antlr/v4/runtime/atn/SemanticContext;)V 2 5279 orig 80 0 0 0 0 0 0 0 0 0 0 0 0 241 1 0 0 0 0 0 0 0 0 0 0 0 0 0 0 0 0 0 0 0 0 0 0 0 0 0 0 0 0 0 0 0 0 0 0 0 0 0 0 0 0 0 0 0 0 0 0 0 0 0 0 0 0 0 0 0 0 0 0 0 0 0 0 0 0 0 0 data 13 0x10002 0x1400 0x0 0x0 0x0 0x0 0x9 0x5 0x1e 0x0 0x0 0x0 0x0 oops 0 methods 0
ciMethodData org/antlr/v4/runtime/atn/SingletonPredictionContext create (Lorg/antlr/v4/runtime/atn/PredictionContext;I)Lorg/antlr/v4/runtime/atn/SingletonPredictionContext; 2 1589 orig 80 0 0 0 0 0 0 0 0 0 0 0 0 241 1 0 0 0 0 0 0 0 0 0 0 0 0 0 0 0 0 0 0 0 0 0 0 0 0 0 0 0 0 0 0 0 0 0 0 0 0 0 0 0 0 0 0 0 0 0 0 0 0 0 0 0 0 0 0 0 0 0 0 0 0 0 0 0 0 0 0 data 20 0x30007 0x620 0x40 0x0 0x70007 0x0 0x20 0x0 0x140002 0x620 0x0 0x0 0x0 0x0 0x0 0x0 0x9 0x2 0x0 0x0 oops 0 methods 0
ciMethodData org/antlr/v4/runtime/atn/SingletonPredictionContext <init> (Lorg/antlr/v4/runtime/atn/PredictionContext;I)V 2 1590 orig 80 0 0 0 0 0 0 0 0 0 0 0 0 241 1 0 0 0 0 0 0 0 0 0 0 0 0 0 0 0 0 0 0 0 0 0 0 0 0 0 0 0 0 0 0 0 0 0 0 0 0 0 0 0 0 0 0 0 0 0 0 0 0 0 0 0 0 0 0 0 0 0 0 0 0 0 0 0 0 0 0 data 34 0x20007 0x0 0x48 0x620 0x70002 0x620 0xa0003 0x620 0x28 0xd0002 0x0 0x100002 0x620 0x160007 0x620 0x50 0x0 0x1b0007 0x0 0x30 0x0 0x220002 0x0 0x0 0x0 0x0 0x0 0x0 0x0 0x9 0x3 0xe 0x0 0x0 oops 0 methods 0
ciMethodData org/antlr/v4/runtime/atn/ATNConfigSet add (Lorg/antlr/v4/runtime/atn/ATNConfig;Lorg/antlr/v4/runtime/misc/DoubleKeyMap;)Z 2 2177 orig 80 0 0 0 0 0 0 0 0 0 0 0 0 241 1 0 0 0 0 0 0 0 0 0 0 0 0 0 0 0 0 0 0 0 0 0 0 0 0 0 0 0 0 0 0 0 0 0 0 0 0 0 0 0 0 0 0 0 0 0 0 0 0 0 0 0 0 0 0 0 0 0 0 0 0 0 0 0 0 0 0 data 88 0x40007 0x819 0x30 0x0 0xd0002 0x0 0x180007 0x819 0x20 0x0 0x210005 0x819 0x0 0x0 0x0 0x0 0x0 0x240007 0x7f9 0x20 0x20 0x310005 0x819 0x0 0x0 0x0 0x0 0x0 0x340004 0x0 0x0 0x1f1762be370 0xe9 0x1f1762309e0 0x730 0x3a0007 0x576 0x58 0x2a3 0x470005 0x0 0x0 0x1f1762314a0 0x2a3 0x0 0x0 0x510007 0x0 0x38 0x576 0x550003 0x576 0x18 0x660002 0x576 0x740002 0x576 0x7b0005 0x576 0x0 0x0 0x0 0x0 0x0 0x7e0007 0x576 0x58 0x0 0x830005 0x0 0x0 0x0 0x0 0x0 0x0 0x0 0x0 0x0 0x0 0x0 0x0 0x0 0x0 0x9 0x3 0xc 0xffffffffffffffff 0xffffffffffffffff oops 3 31 org/antlr/v4/runtime/atn/LexerATNConfig 33 org/antlr/v4/runtime/atn/ATNConfig 42 java/util/ArrayList methods 0
ciMethodData org/antlr/v4/runtime/atn/ATNConfigSet$AbstractConfigHashSet createBucket (I)[Ljava/lang/Object; 1 1201 orig 80 0 0 0 0 0 0 0 0 0 0 0 0 255 127 0 0 0 0 0 0 0 0 0 0 0 0 0 0 0 0 0 0 0 0 0 0 0 0 0 0 0 0 0 0 0 0 0 0 0 0 0 0 0 0 0 0 0 0 0 0 0 0 0 0 0 0 0 0 0 0 0 0 0 0 0 0 0 0 0 0 data 17 0x20005 0x3b1 0x0 0x0 0x0 0x0 0x0 0x0 0x0 0x0 0x0 0x0 0x0 0x9 0x2 0x0 0x0 oops 0 methods 0
ciMethodData org/antlr/v4/runtime/atn/ATNConfigSet$AbstractConfigHashSet createBucket (I)[Lorg/antlr/v4/runtime/atn/ATNConfig; 1 1201 orig 80 0 0 0 0 0 0 0 0 0 0 0 0 241 1 0 0 0 0 0 0 0 0 0 0 0 0 0 0 0 0 0 0 0 0 0 0 0 0 0 0 0 0 0 0 0 0 0 0 0 0 0 0 0 0 0 0 0 0 0 0 0 0 0 0 0 0 0 0 0 0 0 0 0 0 0 0 0 0 0 0 data 6 0x0 0x0 0x9 0x2 0x0 0x0 oops 0 methods 0
ciMethodData org/antlr/v4/runtime/misc/ObjectEqualityComparator hashCode (Ljava/lang/Object;)I 1 727 orig 80 0 0 0 0 0 0 0 0 0 0 0 0 255 127 0 0 0 0 0 0 0 0 0 0 0 0 0 0 0 0 0 0 0 0 0 0 0 0 0 0 0 0 0 0 0 0 0 0 0 0 0 0 0 0 0 0 0 0 0 0 0 0 0 0 0 0 0 0 0 0 0 0 0 0 0 0 0 0 0 0 data 21 0x10007 0x157 0x20 0x0 0x70005 0x0 0x0 0x1f1762be370 0x157 0x0 0x0 0x0 0x0 0x0 0x0 0x0 0x0 0x9 0x2 0x0 0x0 oops 1 7 org/antlr/v4/runtime/atn/LexerATNConfig methods 0
ciMethodData org/antlr/v4/runtime/atn/SemanticContext$Predicate hashCode ()I 2 4419 orig 80 0 0 0 0 0 0 0 0 0 0 0 0 255 127 0 0 0 0 0 0 0 0 0 0 0 0 0 0 0 0 0 0 0 0 0 0 0 0 0 0 0 0 0 0 0 0 0 0 0 0 0 0 0 0 0 0 0 0 0 0 0 0 0 0 0 0 0 0 0 0 0 0 0 0 0 0 0 0 0 0 data 26 0x2 0xfc3 0x90002 0xfc3 0x120002 0xfc3 0x1b0007 0xfc3 0x38 0x0 0x1f0003 0x0 0x18 0x230002 0xfc3 0x290002 0xfc3 0x0 0x0 0x0 0x0 0x0 0x0 0x9 0x1 0x0 oops 0 methods 0
ciMethodData org/antlr/v4/runtime/misc/MurmurHash initialize ()I 2 4421 orig 80 0 0 0 0 0 0 0 0 0 0 0 0 241 1 0 0 0 0 0 0 0 0 0 0 0 0 0 0 0 0 0 0 0 0 0 0 0 0 0 0 0 0 0 0 0 0 0 0 0 0 0 0 0 0 0 0 0 0 0 0 0 0 0 0 0 0 0 0 0 0 0 0 0 0 0 0 0 0 0 0 data 10 0x10002 0xfc6 0x0 0x0 0x0 0x0 0x0 0x0 0x9 0x0 oops 0 methods 0
ciMethodData org/antlr/v4/runtime/atn/ATNConfig getOuterContextDepth ()I 2 2177 orig 80 0 0 0 0 0 0 0 0 0 0 0 0 241 1 0 0 0 0 0 0 0 0 0 0 0 0 0 0 0 0 0 0 0 0 0 0 0 0 0 0 0 0 0 0 0 0 0 0 0 0 0 0 0 0 0 0 0 0 0 0 0 0 0 0 0 0 0 0 0 0 0 0 0 0 0 0 0 0 0 0 data 7 0x0 0x0 0x0 0x0 0x9 0x1 0x0 oops 0 methods 0
ciMethodData org/antlr/v4/runtime/misc/Array2DHashSet getOrAdd (Ljava/lang/Object;)Ljava/lang/Object; 2 2177 orig 80 0 0 0 0 0 0 0 0 0 0 0 0 241 1 0 0 0 0 0 0 0 0 0 0 0 0 0 0 0 0 0 0 0 0 0 0 0 0 0 0 0 0 0 0 0 0 0 0 0 0 0 0 0 0 0 0 0 0 0 0 0 0 0 0 0 0 0 0 0 0 0 0 0 0 0 0 0 0 0 0 data 28 0x80007 0x78c 0x58 0xe 0xc0005 0x0 0x0 0x1f175d525b0 0xe 0x0 0x0 0x110005 0x0 0x0 0x1f175d52660 0x6a 0x1f175d525b0 0x730 0x0 0x0 0x0 0x0 0x0 0x0 0x9 0x2 0xffffffffffffffff 0xffffffffffffffff oops 3 7 org/antlr/v4/runtime/atn/ATNConfigSet$ConfigHashSet 14 org/antlr/v4/runtime/atn/OrderedATNConfigSet$LexerConfigHashSet 16 org/antlr/v4/runtime/atn/ATNConfigSet$ConfigHashSet methods 0
ciMethodData org/antlr/v4/runtime/misc/Array2DHashSet expand ()V 1 1896 orig 80 0 0 0 0 0 0 0 0 0 0 0 0 241 1 0 0 0 0 0 0 0 0 0 0 0 0 0 0 0 0 0 0 0 0 0 0 0 0 0 0 0 0 0 0 0 0 0 0 0 0 0 0 0 0 0 0 0 0 0 0 0 0 0 0 0 0 0 0 0 0 0 0 0 0 0 0 0 0 0 0 data 114 0x190005 0x0 0x0 0x1f175d525b0 0xe 0x0 0x0 0x340005 0xe 0x0 0x0 0x0 0x0 0x0 0x480007 0xe 0x260 0x230 0x540007 0x138 0x38 0xf8 0x570003 0xf8 0x208 0x6a0007 0x44 0x1f0 0x2a6 0x760007 0x1b2 0x38 0xf4 0x790003 0xf4 0x1b0 0x7f0005 0x1b2 0x0 0x0 0x0 0x0 0x0 0x8d0007 0x42 0xa8 0x170 0x950005 0x0 0x0 0x1f175d525b0 0x170 0x0 0x0 0x9f0004 0x0 0x0 0x1f179742c60 0x170 0x0 0x0 0xa00003 0x170 0x80 0xae0007 0x3c 0x68 0x6 0xb80002 0x6 0xc20004 0x0 0x0 0x1f179742c60 0x6 0x0 0x0 0xc90004 0x0 0x0 0x1f1762309e0 0x1b2 0x0 0x0 0xd60003 0x1b2 0xfffffffffffffe28 0xdc0003 0x230 0xfffffffffffffdb8 0xe20007 0xe 0x50 0x0 0xeb0007 0x0 0x30 0x0 0xf20002 0x0 0x0 0x0 0x0 0x0 0x0 0x0 0x0 0x0 0x0 0x0 0x0 0x9 0x1 0x0 oops 5 3 org/antlr/v4/runtime/atn/ATNConfigSet$ConfigHashSet 50 org/antlr/v4/runtime/atn/ATNConfigSet$ConfigHashSet 57 [Lorg/antlr/v4/runtime/atn/ATNConfig; 73 [Lorg/antlr/v4/runtime/atn/ATNConfig; 80 org/antlr/v4/runtime/atn/ATNConfig methods 0
ciMethodData org/antlr/v4/runtime/misc/Array2DHashSet getOrAddImpl (Ljava/lang/Object;)Ljava/lang/Object; 2 2177 orig 80 0 0 0 0 0 0 0 0 0 0 0 0 241 1 0 0 0 0 0 0 0 0 0 0 0 0 0 0 0 0 0 0 0 0 0 0 0 0 0 0 0 0 0 0 0 0 0 0 0 0 0 0 0 0 0 0 0 0 0 0 0 0 0 0 0 0 0 0 0 0 0 0 0 0 0 0 0 0 0 0 data 90 0x20005 0x79a 0x0 0x0 0x0 0x0 0x0 0xe0007 0x625 0xc8 0x175 0x160005 0x0 0x0 0x1f175d52660 0x5d 0x1f175d525b0 0x118 0x1d0004 0x0 0x0 0x1f1762be370 0x5d 0x1f1762309e0 0x118 0x240004 0x0 0x0 0x1f179742c60 0x175 0x0 0x0 0x380007 0x28 0xe8 0x8ee 0x430007 0x867 0x58 0x87 0x4a0004 0x0 0x0 0x1f1762309e0 0x7b 0x1f1762be370 0xc 0x5e0005 0x0 0x0 0x1f179742cd0 0x859 0x1f179742d80 0xe 0x610007 0x2f1 0x20 0x576 0x6a0003 0x2f1 0xffffffffffffff30 0x760002 0x28 0x800004 0x0 0x0 0x1f179742c60 0x28 0x0 0x0 0x850004 0x0 0x0 0x1f1762309e0 0x27 0x1f1762be370 0x1 0x0 0x0 0x0 0x0 0x0 0x0 0x0 0x0 0x0 0x9 0x2 0xffffffffffffffff 0xffffffffffffffff oops 12 14 org/antlr/v4/runtime/atn/OrderedATNConfigSet$LexerConfigHashSet 16 org/antlr/v4/runtime/atn/ATNConfigSet$ConfigHashSet 21 org/antlr/v4/runtime/atn/LexerATNConfig 23 org/antlr/v4/runtime/atn/ATNConfig 28 [Lorg/antlr/v4/runtime/atn/ATNConfig; 43 org/antlr/v4/runtime/atn/ATNConfig 45 org/antlr/v4/runtime/atn/LexerATNConfig 50 org/antlr/v4/runtime/atn/ATNConfigSet$ConfigEqualityComparator 52 org/antlr/v4/runtime/misc/ObjectEqualityComparator 66 [Lorg/antlr/v4/runtime/atn/ATNConfig; 73 org/antlr/v4/runtime/atn/ATNConfig 75 org/antlr/v4/runtime/atn/LexerATNConfig methods 0
ciMethodData org/antlr/v4/runtime/atn/PredictionContext merge (Lorg/antlr/v4/runtime/atn/PredictionContext;Lorg/antlr/v4/runtime/atn/PredictionContext;ZLorg/antlr/v4/runtime/misc/DoubleKeyMap;)Lorg/antlr/v4/runtime/atn/PredictionContext; 2 1728 orig 80 0 0 0 0 0 0 0 0 0 0 0 0 241 1 0 0 0 0 0 0 0 0 0 0 0 0 0 0 0 0 0 0 0 0 0 0 0 0 0 0 0 0 0 0 0 0 0 0 0 0 0 0 0 0 0 0 0 0 0 0 0 0 0 0 0 0 0 0 0 0 0 0 0 0 0 0 0 0 0 0 data 161 0x30007 0x6c0 0x70 0x0 0x70007 0x0 0x40 0x0 0xb0007 0x0 0x30 0x0 0x120002 0x0 0x180007 0x4 0x78 0x6bc 0x1d0005 0x0 0x0 0x1f176231290 0x62c 0x1f1762313f0 0x90 0x200007 0x6bc 0x20 0x0 0x260004 0xffffffffffffff70 0x0 0x1f176231290 0x62c 0x1f1762313f0 0xf 0x290007 0x90 0xf8 0x62c 0x2d0004 0x0 0x0 0x1f176231290 0x62c 0x0 0x0 0x300007 0x0 0xa0 0x62c 0x340004 0x0 0x0 0x1f176231290 0x62c 0x0 0x0 0x380004 0x0 0x0 0x1f176231290 0x62c 0x0 0x0 0x3d0002 0x62c 0x420007 0x0 0xd0 0x90 0x460004 0xffffffffffffff70 0x0 0x1f1762313f0 0xf 0x0 0x0 0x490007 0x90 0x20 0x0 0x4f0004 0xffffffffffffff70 0x0 0x1f176231290 0xf 0x0 0x0 0x520007 0x90 0x20 0x0 0x580004 0xffffffffffffff70 0x0 0x1f1762313f0 0xf 0x0 0x0 0x5b0007 0x90 0x68 0x0 0x630004 0x0 0x0 0x0 0x0 0x0 0x0 0x660002 0x0 0x6b0004 0x0 0x0 0x1f176231290 0x90 0x0 0x0 0x6e0007 0x0 0x68 0x90 0x760004 0x0 0x0 0x1f176231290 0x90 0x0 0x0 0x790002 0x90 0x7e0004 0x0 0x0 0x1f1762313f0 0x90 0x0 0x0 0x820004 0x0 0x0 0x1f1762313f0 0x90 0x0 0x0 0x870002 0x90 0x0 0x0 0x0 0x0 0x0 0x0 0x9 0x4 0xffffffffffffffff 0xffffffffffffffff 0x0 0xffffffffffffffff oops 14 21 org/antlr/v4/runtime/atn/SingletonPredictionContext 23 org/antlr/v4/runtime/atn/ArrayPredictionContext 32 org/antlr/v4/runtime/atn/SingletonPredictionContext 34 org/antlr/v4/runtime/atn/ArrayPredictionContext 43 org/antlr/v4/runtime/atn/SingletonPredictionContext 54 org/antlr/v4/runtime/atn/SingletonPredictionContext 61 org/antlr/v4/runtime/atn/SingletonPredictionContext 74 org/antlr/v4/runtime/atn/ArrayPredictionContext 85 org/antlr/v4/runtime/atn/SingletonPredictionContext 96 org/antlr/v4/runtime/atn/ArrayPredictionContext 116 org/antlr/v4/runtime/atn/SingletonPredictionContext 127 org/antlr/v4/runtime/atn/SingletonPredictionContext 136 org/antlr/v4/runtime/atn/ArrayPredictionContext 143 org/antlr/v4/runtime/atn/ArrayPredictionContext methods 0
ciMethodData org/antlr/v4/runtime/atn/ATNConfig isPrecedenceFilterSuppressed ()Z 2 1450 orig 80 0 0 0 0 0 0 0 0 0 0 0 0 241 1 0 0 0 0 0 0 0 0 0 0 0 0 0 0 0 0 0 0 0 0 0 0 0 0 0 0 0 0 0 0 0 0 0 0 0 0 0 0 0 0 0 0 0 0 0 0 0 0 0 0 0 0 0 0 0 0 0 0 0 0 0 0 0 0 0 0 data 14 0x70007 0x5aa 0x38 0x0 0xb0003 0x0 0x18 0x0 0x0 0x0 0x0 0x9 0x1 0x0 oops 0 methods 0
ciMethodData org/antlr/v4/runtime/atn/ATNConfig setPrecedenceFilterSuppressed (Z)V 1 0 orig 80 0 0 0 0 0 0 0 0 0 0 0 0 241 1 0 0 0 0 0 0 0 0 0 0 0 0 0 0 0 0 0 0 0 0 0 0 0 0 0 0 0 0 0 0 0 0 0 0 0 0 0 0 0 0 0 0 0 0 0 0 0 0 0 0 0 0 0 0 0 0 0 0 0 0 0 0 0 0 0 0 data 15 0x10007 0x0 0x38 0x0 0xf0003 0x0 0x18 0x0 0x0 0x0 0x0 0x9 0x2 0x4 0x0 oops 0 methods 0
ciMethod org/antlr/v4/runtime/misc/DoubleKeyMap put (Ljava/lang/Object;Ljava/lang/Object;Ljava/lang/Object;)Ljava/lang/Object; 681 1 352 0 -1
ciMethod org/antlr/v4/runtime/misc/DoubleKeyMap get (Ljava/lang/Object;Ljava/lang/Object;)Ljava/lang/Object; 2049 1 2076 0 -1
ciMethodData org/antlr/v4/runtime/atn/ParserATNSimulator getEpsilonTarget (Lorg/antlr/v4/runtime/atn/ATNConfig;Lorg/antlr/v4/runtime/atn/Transition;ZZZZ)Lorg/antlr/v4/runtime/atn/ATNConfig; 2 7050 orig 80 1 0 0 0 0 0 0 0 0 0 0 0 255 127 0 0 0 0 0 0 0 0 0 0 0 0 0 0 0 0 0 0 0 0 0 0 0 0 1 0 0 0 0 0 0 0 0 0 0 0 0 0 0 0 0 0 0 0 0 0 0 0 0 0 0 0 0 0 0 0 0 0 0 0 0 0 0 0 0 0 data 121 0x10005 0x63d 0x0 0x1f179f65c10 0x5a3 0x1f175363a90 0xeaa 0x8000000600040008 0x16 0x0 0x318 0xeaa 0x280 0x0 0x290 0x4c8 0xc0 0x0 0x1a0 0x5a3 0x290 0x14 0x210 0x146 0x290 0x0 0x318 0x0 0x318 0x1c 0x130 0x3f0004 0x0 0x0 0x1f175361040 0x4c8 0x0 0x0 0x420005 0x0 0x0 0x1f1762307b0 0x4c8 0x0 0x0 0x490004 0x0 0x0 0x1f179f653f0 0x1c 0x0 0x0 0x510005 0x0 0x0 0x1f1762307b0 0x1c 0x0 0x0 0x580004 0x0 0x0 0x0 0x0 0x0 0x0 0x600005 0x0 0x0 0x0 0x0 0x0 0x0 0x670004 0x0 0x0 0x1f17535f040 0x14 0x0 0x0 0x6a0005 0x0 0x0 0x1f1762307b0 0x14 0x0 0x0 0x770002 0xeaa 0x7d0007 0x6e9 0x88 0x0 0x840005 0x0 0x0 0x0 0x0 0x0 0x0 0x870007 0x0 0x30 0x0 0x930002 0x0 0x0 0x0 0x0 0x0 0x0 0x0 0x9 0x7 0x0 0x0 0x0 0x0 0x0 0x0 0x0 oops 8 3 org/antlr/v4/runtime/atn/AtomTransition 5 org/antlr/v4/runtime/atn/EpsilonTransition 34 org/antlr/v4/runtime/atn/RuleTransition 41 org/antlr/v4/runtime/atn/ParserATNSimulator 48 org/antlr/v4/runtime/atn/PrecedencePredicateTransition 55 org/antlr/v4/runtime/atn/ParserATNSimulator 76 org/antlr/v4/runtime/atn/ActionTransition 83 org/antlr/v4/runtime/atn/ParserATNSimulator methods 0
ciMethodData org/antlr/v4/runtime/atn/ATNConfig <init> (Lorg/antlr/v4/runtime/atn/ATNConfig;Lorg/antlr/v4/runtime/atn/ATNState;)V 2 3982 orig 80 0 0 0 0 0 0 0 0 0 0 0 0 241 1 0 0 0 0 0 0 0 0 0 0 0 0 0 0 0 0 0 0 0 0 0 0 0 0 0 0 0 0 0 0 0 0 0 0 0 0 0 0 0 0 0 0 0 0 0 0 0 0 0 0 0 0 0 0 0 0 0 0 0 0 0 0 0 0 0 0 data 11 0xb0002 0xee5 0x0 0x0 0x0 0x0 0x9 0x3 0x1e 0x0 0x0 oops 0 methods 0
ciMethodData org/antlr/v4/runtime/atn/ParserATNSimulator ruleTransition (Lorg/antlr/v4/runtime/atn/ATNConfig;Lorg/antlr/v4/runtime/atn/RuleTransition;)Lorg/antlr/v4/runtime/atn/ATNConfig; 2 1260 orig 80 0 0 0 0 0 0 0 0 0 0 0 0 241 1 0 0 0 0 0 0 0 0 0 0 0 0 0 0 0 0 0 0 0 0 0 0 0 0 0 0 0 0 0 0 0 0 0 0 0 0 0 0 0 0 0 0 0 0 0 0 0 0 0 0 0 0 0 0 0 0 0 0 0 0 0 0 0 0 0 0 data 15 0xd0002 0x4c8 0x1d0002 0x4c8 0x0 0x0 0x0 0x0 0x0 0x0 0x9 0x3 0x0 0x0 0x0 oops 0 methods 0
ciMethodData org/antlr/v4/runtime/atn/ATNConfig <init> (Lorg/antlr/v4/runtime/atn/ATNConfig;Lorg/antlr/v4/runtime/atn/ATNState;Lorg/antlr/v4/runtime/atn/PredictionContext;)V 2 1260 orig 80 0 0 0 0 0 0 0 0 0 0 0 0 241 1 0 0 0 0 0 0 0 0 0 0 0 0 0 0 0 0 0 0 0 0 0 0 0 0 0 0 0 0 0 0 0 0 0 0 0 0 0 0 0 0 0 0 0 0 0 0 0 0 0 0 0 0 0 0 0 0 0 0 0 0 0 0 0 0 0 0 data 11 0x80002 0x4c8 0x0 0x0 0x0 0x9 0x4 0x0 0x0 0x0 0x0 oops 0 methods 0
ciMethodData org/antlr/v4/runtime/atn/ParserATNSimulator predTransition (Lorg/antlr/v4/runtime/atn/ATNConfig;Lorg/antlr/v4/runtime/atn/PredicateTransition;ZZZ)Lorg/antlr/v4/runtime/atn/ATNConfig; 1 0 orig 80 0 0 0 0 0 0 0 0 0 0 0 0 241 1 0 0 0 0 0 0 0 0 0 0 0 0 0 0 0 0 0 0 0 0 0 0 0 0 0 0 0 0 0 0 0 0 0 0 0 0 0 0 0 0 0 0 0 0 0 0 0 0 0 0 0 0 0 0 0 0 0 0 0 0 0 0 0 0 0 0 data 94 0x40007 0x0 0x270 0x0 0xb0007 0x0 0x60 0x0 0x120007 0x0 0x230 0x0 0x170007 0x0 0x210 0x0 0x1c0007 0x0 0x180 0x0 0x230005 0x0 0x0 0x0 0x0 0x0 0x0 0x320005 0x0 0x0 0x0 0x0 0x0 0x0 0x390005 0x0 0x0 0x0 0x0 0x0 0x0 0x460005 0x0 0x0 0x0 0x0 0x0 0x0 0x510005 0x0 0x0 0x0 0x0 0x0 0x0 0x580007 0x0 0x30 0x0 0x640002 0x0 0x690003 0x0 0x98 0x710005 0x0 0x0 0x0 0x0 0x0 0x0 0x740002 0x0 0x840002 0x0 0x890003 0x0 0x28 0x950002 0x0 0x0 0x0 0x0 0x0 0x0 0x0 0x9 0x6 0x0 0x0 0x0 0x0 0x0 0x0 oops 0 methods 0
ciMethodData org/antlr/v4/runtime/atn/ParserATNSimulator actionTransition (Lorg/antlr/v4/runtime/atn/ATNConfig;Lorg/antlr/v4/runtime/atn/ActionTransition;)Lorg/antlr/v4/runtime/atn/ATNConfig; 1 20 orig 80 0 0 0 0 0 0 0 0 0 0 0 0 241 1 0 0 0 0 0 0 0 0 0 0 0 0 0 0 0 0 0 0 0 0 0 0 0 0 0 0 0 0 0 0 0 0 0 0 0 0 0 0 0 0 0 0 0 0 0 0 0 0 0 0 0 0 0 0 0 0 0 0 0 0 0 0 0 0 0 0 data 10 0x90002 0x14 0x0 0x0 0x0 0x9 0x3 0x0 0x0 0x0 oops 0 methods 0
ciMethodData org/antlr/v4/runtime/atn/ParserATNSimulator precedenceTransition (Lorg/antlr/v4/runtime/atn/ATNConfig;Lorg/antlr/v4/runtime/atn/PrecedencePredicateTransition;ZZZ)Lorg/antlr/v4/runtime/atn/ATNConfig; 1 28 orig 80 0 0 0 0 0 0 0 0 0 0 0 0 241 1 0 0 0 0 0 0 0 0 0 0 0 0 0 0 0 0 0 0 0 0 0 0 0 0 0 0 0 0 0 0 0 0 0 0 0 0 0 0 0 0 0 0 0 0 0 0 0 0 0 0 0 0 0 0 0 0 0 0 0 0 0 0 0 0 0 0 data 86 0x40007 0x1c 0x230 0x0 0x90007 0x0 0x210 0x0 0xe0007 0x0 0x180 0x0 0x150005 0x0 0x0 0x0 0x0 0x0 0x0 0x240005 0x0 0x0 0x0 0x0 0x0 0x0 0x2b0005 0x0 0x0 0x0 0x0 0x0 0x0 0x380005 0x0 0x0 0x0 0x0 0x0 0x0 0x430005 0x0 0x0 0x0 0x0 0x0 0x0 0x4a0007 0x0 0x30 0x0 0x560002 0x0 0x5b0003 0x0 0x98 0x630005 0x0 0x0 0x0 0x0 0x0 0x0 0x660002 0x0 0x760002 0x0 0x7b0003 0x0 0x28 0x870002 0x1c 0x0 0x0 0x0 0x0 0x0 0x0 0x9 0x6 0xffffffffffffffff 0x0 0x0 0x0 0x0 0x0 oops 0 methods 0
ciMethodData org/antlr/v4/runtime/misc/ObjectEqualityComparator equals (Ljava/lang/Object;Ljava/lang/Object;)Z 1 282 orig 80 0 0 0 0 0 0 0 0 0 0 0 0 255 127 0 0 0 0 0 0 0 0 0 0 0 0 0 0 0 0 0 0 0 0 0 0 0 0 0 0 0 0 0 0 0 0 0 0 0 0 0 0 0 0 0 0 0 0 0 0 0 0 0 0 0 0 0 0 0 0 0 0 0 0 0 0 0 0 0 0 data 29 0x10007 0x8 0x58 0x12 0x50007 0x0 0x38 0x12 0x90003 0x12 0x18 0x100005 0x0 0x0 0x1f1762be370 0x8 0x0 0x0 0x0 0x0 0x0 0x0 0x0 0x0 0x9 0x3 0x0 0x0 0x0 oops 1 14 org/antlr/v4/runtime/atn/LexerATNConfig methods 0
ciMethodData org/antlr/v4/runtime/atn/ParserATNSimulator closureCheckingStopState (Lorg/antlr/v4/runtime/atn/ATNConfig;Lorg/antlr/v4/runtime/atn/ATNConfigSet;Ljava/util/Set;ZZIZ)V 2 5376 orig 80 0 0 0 0 0 0 0 0 0 0 0 0 255 127 0 0 0 0 0 0 0 0 0 0 0 0 0 0 0 0 0 0 0 0 0 0 0 0 0 0 0 0 0 0 0 0 0 0 0 0 0 0 0 0 0 0 0 0 0 0 0 0 0 0 0 0 0 0 0 0 0 0 0 0 0 0 0 0 0 0 data 157 0x40004 0xffffffffffffec4a 0x0 0x1f1762311e0 0x49 0x0 0x0 0x70007 0x13b6 0x3e0 0x49 0xe0005 0x8 0x0 0x1f176231290 0x35 0x1f176231340 0xc 0x110007 0xc 0x330 0x3d 0x1d0005 0x0 0x0 0x1f176231290 0x62 0x1f1762313f0 0x31 0x200007 0x33 0x2d8 0x60 0x290005 0x0 0x0 0x1f176231290 0x35 0x1f1762313f0 0x2b 0x2e0007 0x60 0xf0 0x0 0x330007 0x0 0x80 0x0 0x430002 0x0 0x4a0005 0x0 0x0 0x0 0x0 0x0 0x0 0x4e0003 0x0 0x1e0 0x5d0005 0x0 0x0 0x0 0x0 0x0 0x0 0x600003 0x0 0x190 0x700005 0x0 0x0 0x1f176231290 0x35 0x1f1762313f0 0x2b 0x730005 0x0 0x0 0x1f1762314a0 0x60 0x0 0x0 0x780004 0x0 0x0 0x1f176231550 0x1c 0x1f176231600 0x6 0x830005 0x0 0x0 0x1f176231290 0x35 0x1f1762313f0 0x2b 0x980002 0x60 0xa90007 0x60 0x50 0x0 0xb00007 0x0 0x30 0x0 0xb70002 0x0 0xca0005 0x0 0x0 0x1f1762307b0 0x60 0x0 0x0 0xd00003 0x56 0xfffffffffffffd08 0xd60007 0xc 0x58 0x0 0xdf0005 0x0 0x0 0x0 0x0 0x0 0x0 0xf00005 0x0 0x0 0x1f1762307b0 0x13c2 0x0 0x0 0x0 0x0 0x0 0x0 0x0 0x0 0x0 0x0 0x0 0x9 0x8 0x0 0x0 0x0 0x0 0x0 0x0 0x0 0x0 oops 16 3 org/antlr/v4/runtime/atn/RuleStopState 14 org/antlr/v4/runtime/atn/SingletonPredictionContext 16 org/antlr/v4/runtime/atn/EmptyPredictionContext 25 org/antlr/v4/runtime/atn/SingletonPredictionContext 27 org/antlr/v4/runtime/atn/ArrayPredictionContext 36 org/antlr/v4/runtime/atn/SingletonPredictionContext 38 org/antlr/v4/runtime/atn/ArrayPredictionContext 73 org/antlr/v4/runtime/atn/SingletonPredictionContext 75 org/antlr/v4/runtime/atn/ArrayPredictionContext 80 java/util/ArrayList 87 org/antlr/v4/runtime/atn/BlockEndState 89 org/antlr/v4/runtime/atn/StarLoopEntryState 94 org/antlr/v4/runtime/atn/SingletonPredictionContext 96 org/antlr/v4/runtime/atn/ArrayPredictionContext 113 org/antlr/v4/runtime/atn/ParserATNSimulator 134 org/antlr/v4/runtime/atn/ParserATNSimulator methods 0
ciMethodData org/antlr/v4/runtime/atn/ParserATNSimulator closure_ (Lorg/antlr/v4/runtime/atn/ATNConfig;Lorg/antlr/v4/runtime/atn/ATNConfigSet;Ljava/util/Set;ZZIZ)V 2 7048 orig 80 0 0 0 0 0 0 0 0 0 0 0 0 241 1 0 0 0 0 0 0 0 0 0 0 0 0 0 0 0 0 0 0 0 0 0 0 0 0 0 0 0 0 0 0 0 0 0 0 0 0 0 0 0 0 0 0 0 0 0 0 0 0 0 0 0 0 0 0 0 0 0 0 0 0 0 0 0 0 0 0 data 245 0x80005 0x13c2 0x0 0x0 0x0 0x0 0x0 0xb0007 0xcdd 0x58 0x6e5 0x140005 0x0 0x0 0x1f176230ab0 0x6e5 0x0 0x0 0x1f0005 0x2d39 0x0 0x1f176231550 0xc1 0x1f176231600 0x2d 0x220007 0x13a9 0x658 0x1a7e 0x270007 0x6bc 0x90 0x13c2 0x2c0005 0x0 0x0 0x1f1762307b0 0x13c2 0x0 0x0 0x2f0007 0x13c2 0x38 0x0 0x320003 0x0 0x5a8 0x390005 0x19f8 0x0 0x1f176231550 0x66 0x1f176231600 0x20 0x400004 0xffffffffffffe596 0x0 0x1f175363a90 0x71 0x1f175361040 0x11 0x430007 0x14 0x58 0x1a6a 0x480007 0x1a6a 0x38 0x0 0x4c0003 0x0 0x18 0x5a0007 0x1a73 0x38 0xb 0x5e0003 0xb 0x18 0x660005 0x0 0x0 0x1f1762307b0 0x1a7e 0x0 0x0 0x6d0007 0x6e5 0x458 0x1399 0x780004 0xffffffffffffec8b 0x0 0x1f176231550 0x1e 0x1f176231600 0x8 0x7b0007 0x1375 0x288 0x24 0x810007 0x24 0x50 0x0 0x860007 0x0 0x30 0x0 0x8d0002 0x0 0x950007 0x0 0x140 0x24 0x9c0005 0x24 0x0 0x0 0x0 0x0 0x0 0x9f0007 0x24 0xe8 0x0 0xa40004 0x0 0x0 0x0 0x0 0x0 0x0 0xa70005 0x0 0x0 0x0 0x0 0x0 0x0 0xb80007 0x0 0x58 0x0 0xbe0005 0x0 0x0 0x0 0x0 0x0 0x0 0xcf0005 0x0 0x0 0x1f1762b8e30 0x24 0x0 0x0 0xd40007 0x21 0x38 0x3 0xd70003 0x3 0x1f8 0xe20007 0x21 0x50 0x0 0xe90007 0x0 0x30 0x0 0xf00002 0x0 0xf70003 0x21 0x158 0xfc0005 0x30 0x0 0x1f175363a90 0xe7f 0x1f175361040 0x4c6 0xff0007 0x1375 0x90 0x0 0x1050005 0x0 0x0 0x0 0x0 0x0 0x0 0x10a0007 0x0 0x38 0x0 0x10d0003 0x0 0xc8 0x1120004 0xfffffffffffff151 0x0 0x1f175363a90 0x65 0x1f175361040 0x4c6 0x1150007 0xeaf 0x40 0x4c6 0x11a0007 0x40 0x20 0x486 0x12d0005 0x0 0x0 0x1f1762307b0 0x1396 0x0 0x0 0x1330003 0x1a65 0xfffffffffffff988 0x0 0x0 0x0 0x0 0x0 0x0 0x0 0x9 0x8 0x0 0x0 0x0 0x0 0x0 0x0 0x0 0x0 oops 17 14 org/antlr/v4/runtime/atn/ATNConfigSet 21 org/antlr/v4/runtime/atn/BlockEndState 23 org/antlr/v4/runtime/atn/StarLoopEntryState 36 org/antlr/v4/runtime/atn/ParserATNSimulator 50 org/antlr/v4/runtime/atn/BlockEndState 52 org/antlr/v4/runtime/atn/StarLoopEntryState 57 org/antlr/v4/runtime/atn/EpsilonTransition 59 org/antlr/v4/runtime/atn/RuleTransition 82 org/antlr/v4/runtime/atn/ParserATNSimulator 93 org/antlr/v4/runtime/atn/BlockEndState 95 org/antlr/v4/runtime/atn/StarLoopEntryState 154 java/util/HashSet 181 org/antlr/v4/runtime/atn/EpsilonTransition 183 org/antlr/v4/runtime/atn/RuleTransition 206 org/antlr/v4/runtime/atn/EpsilonTransition 208 org/antlr/v4/runtime/atn/RuleTransition 221 org/antlr/v4/runtime/atn/ParserATNSimulator methods 0
ciMethodData org/antlr/v4/runtime/atn/ATNConfig <init> (Lorg/antlr/v4/runtime/atn/ATNState;ILorg/antlr/v4/runtime/atn/PredictionContext;Lorg/antlr/v4/runtime/atn/SemanticContext;)V 1 321 orig 80 0 0 0 0 0 0 0 0 0 0 0 0 241 1 0 0 0 0 0 0 0 0 0 0 0 0 0 0 0 0 0 0 0 0 0 0 0 0 0 0 0 0 0 0 0 0 0 0 0 0 0 0 0 0 0 0 0 0 0 0 0 0 0 0 0 0 0 0 0 0 0 0 0 0 0 0 0 0 0 0 data 13 0x10002 0x61 0x0 0x0 0x0 0x0 0x9 0x5 0x1e 0x0 0x0 0x0 0x0 oops 0 methods 0
ciMethodData org/antlr/v4/runtime/atn/ParserATNSimulator canDropLoopEntryEdgeInLeftRecursiveRule (Lorg/antlr/v4/runtime/atn/ATNConfig;)Z 2 5304 orig 80 0 0 0 0 0 0 0 0 0 0 0 0 255 127 0 0 0 0 0 0 0 0 0 0 0 0 0 0 0 0 0 0 0 0 0 0 0 0 0 0 0 0 0 0 0 0 0 0 0 0 0 0 0 0 0 0 0 0 0 0 0 0 0 0 0 0 0 0 0 0 0 0 0 0 0 0 0 0 0 0 data 278 0x30007 0x13b8 0x20 0x0 0xe0005 0x76d 0x0 0x1f176231550 0x61 0x1f17528d860 0xbea 0x130007 0x13a9 0x128 0xf 0x170004 0x0 0x0 0x1f176231600 0xf 0x0 0x0 0x1d0007 0x7 0xd0 0x8 0x240005 0x0 0x0 0x1f1762313f0 0x4 0x1f176231290 0x4 0x270007 0x0 0x78 0x8 0x2e0005 0x0 0x0 0x1f1762313f0 0x4 0x1f176231290 0x4 0x310007 0x8 0x20 0x0 0x3a0005 0x0 0x0 0x1f1762313f0 0x4 0x1f176231290 0x4 0x440007 0x0 0x100 0x8 0x540005 0x0 0x0 0x1f1762313f0 0x4 0x1f176231290 0x4 0x570005 0x0 0x0 0x1f1762314a0 0x8 0x0 0x0 0x5c0004 0x0 0x0 0x1f17528d860 0x8 0x0 0x0 0x6a0007 0x0 0x20 0x8 0x720003 0x0 0xffffffffffffff18 0x770005 0x0 0x0 0x0 0x0 0x0 0x0 0x7d0004 0x0 0x0 0x0 0x0 0x0 0x0 0x950005 0x0 0x0 0x0 0x0 0x0 0x0 0x9a0004 0x0 0x0 0x0 0x0 0x0 0x0 0xa50007 0x0 0x4b0 0x0 0xae0005 0x0 0x0 0x0 0x0 0x0 0x0 0xbc0005 0x0 0x0 0x0 0x0 0x0 0x0 0xc10004 0x0 0x0 0x0 0x0 0x0 0x0 0xc80005 0x0 0x0 0x0 0x0 0x0 0x0 0xcc0007 0x0 0xb0 0x0 0xd20005 0x0 0x0 0x0 0x0 0x0 0x0 0xd50005 0x0 0x0 0x0 0x0 0x0 0x0 0xd80007 0x0 0x20 0x0 0xe00005 0x0 0x0 0x0 0x0 0x0 0x0 0xea0005 0x0 0x0 0x0 0x0 0x0 0x0 0xef0007 0x0 0x58 0x0 0xf50007 0x0 0x38 0x0 0xf80003 0x0 0x238 0xff0007 0x0 0x38 0x0 0x1020003 0x0 0x200 0x1090007 0x0 0x38 0x0 0x10c0003 0x0 0x1c8 0x1110005 0x0 0x0 0x0 0x0 0x0 0x0 0x1160007 0x0 0x178 0x0 0x11b0005 0x0 0x0 0x0 0x0 0x0 0x0 0x11f0007 0x0 0x120 0x0 0x1250005 0x0 0x0 0x0 0x0 0x0 0x0 0x1280005 0x0 0x0 0x0 0x0 0x0 0x0 0x12b0007 0x0 0x90 0x0 0x1310005 0x0 0x0 0x0 0x0 0x0 0x0 0x1380007 0x0 0x38 0x0 0x13b0003 0x0 0x18 0x1430003 0x0 0xfffffffffffffb68 0x0 0x0 0x0 0x0 0x0 0x0 0x0 0x0 0x0 0x9 0x2 0x0 0x0 oops 13 7 org/antlr/v4/runtime/atn/BlockEndState 9 org/antlr/v4/runtime/atn/BasicState 18 org/antlr/v4/runtime/atn/StarLoopEntryState 29 org/antlr/v4/runtime/atn/ArrayPredictionContext 31 org/antlr/v4/runtime/atn/SingletonPredictionContext 40 org/antlr/v4/runtime/atn/ArrayPredictionContext 42 org/antlr/v4/runtime/atn/SingletonPredictionContext 51 org/antlr/v4/runtime/atn/ArrayPredictionContext 53 org/antlr/v4/runtime/atn/SingletonPredictionContext 62 org/antlr/v4/runtime/atn/ArrayPredictionContext 64 org/antlr/v4/runtime/atn/SingletonPredictionContext 69 java/util/ArrayList 76 org/antlr/v4/runtime/atn/BasicState methods 0
ciMethodData org/antlr/v4/runtime/atn/ATNConfigSet$ConfigEqualityComparator hashCode (Ljava/lang/Object;)I 2 2274 orig 80 0 0 0 0 0 0 0 0 0 0 0 0 255 127 0 0 0 0 0 0 0 0 0 0 0 0 0 0 0 0 0 0 0 0 0 0 0 0 0 0 0 0 0 0 0 0 0 0 0 0 0 0 0 0 0 0 0 0 0 0 0 0 0 0 0 0 0 0 0 0 0 0 0 0 0 0 0 0 0 0 data 24 0x20004 0x0 0x0 0x1f1762309e0 0x7e2 0x0 0x0 0x50005 0x7e2 0x0 0x0 0x0 0x0 0x0 0x0 0x0 0x0 0x0 0x0 0x0 0x9 0x2 0x0 0x0 oops 1 3 org/antlr/v4/runtime/atn/ATNConfig methods 0
ciMethodData org/antlr/v4/runtime/atn/ATNConfigSet$ConfigEqualityComparator hashCode (Lorg/antlr/v4/runtime/atn/ATNConfig;)I 2 2274 orig 80 0 0 0 0 0 0 0 0 0 0 0 0 241 1 0 0 0 0 0 0 0 0 0 0 0 0 0 0 0 0 0 0 0 0 0 0 0 0 0 0 0 0 0 0 0 0 0 0 0 0 0 0 0 0 0 0 0 0 0 0 0 0 0 0 0 0 0 0 0 0 0 0 0 0 0 0 0 0 0 0 data 17 0x220005 0x0 0x0 0x1f175d50a60 0x7e3 0x0 0x0 0x0 0x0 0x0 0x0 0x0 0x0 0x9 0x2 0x0 0x0 oops 1 3 org/antlr/v4/runtime/atn/SemanticContext$Predicate methods 0
ciMethodData org/antlr/v4/runtime/atn/SingletonPredictionContext equals (Ljava/lang/Object;)Z 2 4229 orig 80 0 0 0 0 0 0 0 0 0 0 0 0 255 127 0 0 0 0 0 0 0 0 0 0 0 0 0 0 0 0 0 0 0 0 0 0 0 0 0 0 0 0 0 0 0 0 0 0 0 0 0 0 0 0 0 0 0 0 0 0 0 0 0 0 0 0 0 0 0 0 0 0 0 0 0 0 0 0 0 0 data 72 0x20007 0xad2 0x20 0x4b3 0x80004 0x0 0x0 0x1f176231290 0xad2 0x0 0x0 0xb0007 0xad2 0x20 0x0 0x110005 0xad2 0x0 0x0 0x0 0x0 0x0 0x150005 0x0 0x0 0x1f176231290 0xad2 0x0 0x0 0x180007 0x4b5 0x20 0x61d 0x1e0004 0x0 0x0 0x1f176231290 0x4b5 0x0 0x0 0x2a0007 0x0 0xb0 0x4b5 0x310007 0x0 0x90 0x4b5 0x3c0005 0x0 0x0 0x1f176231290 0x4b2 0x1f176231340 0x3 0x3f0007 0x0 0x38 0x4b5 0x430003 0x4b5 0x18 0x0 0x0 0x0 0x0 0x0 0x0 0x9 0x2 0x0 0xffffffffffffffff oops 5 7 org/antlr/v4/runtime/atn/SingletonPredictionContext 25 org/antlr/v4/runtime/atn/SingletonPredictionContext 36 org/antlr/v4/runtime/atn/SingletonPredictionContext 51 org/antlr/v4/runtime/atn/SingletonPredictionContext 53 org/antlr/v4/runtime/atn/EmptyPredictionContext methods 0
ciMethodData org/antlr/v4/runtime/atn/PredictionContext <init> (I)V 2 1826 orig 80 0 0 0 0 0 0 0 0 0 0 0 0 255 127 0 0 0 0 0 0 0 0 0 0 0 0 0 0 0 0 0 0 0 0 0 0 0 0 0 0 0 0 0 0 0 0 0 0 0 0 0 0 0 0 0 0 0 0 0 0 0 0 0 0 0 0 0 0 0 0 0 0 0 0 0 0 0 0 0 0 data 10 0x10002 0x622 0x0 0x0 0x0 0x0 0x9 0x2 0x6 0x0 oops 0 methods 0
ciMethodData org/antlr/v4/runtime/atn/PredictionContext calculateHashCode (Lorg/antlr/v4/runtime/atn/PredictionContext;I)I 2 1589 orig 80 0 0 0 0 0 0 0 0 0 0 0 0 255 127 0 0 0 0 0 0 0 0 0 0 0 0 0 0 0 0 0 0 0 0 0 0 0 0 0 0 0 0 0 0 0 0 0 0 0 0 0 0 0 0 0 0 0 0 0 0 0 0 0 0 0 0 0 0 0 0 0 0 0 0 0 0 0 0 0 0 data 18 0x10002 0x535 0x70002 0x535 0xd0002 0x535 0x130002 0x535 0x0 0x0 0x0 0x0 0x0 0x0 0x9 0x2 0x0 0x0 oops 0 methods 0
ciMethodData org/antlr/v4/runtime/atn/ATNConfigSet$ConfigEqualityComparator equals (Ljava/lang/Object;Ljava/lang/Object;)Z 2 2137 orig 80 0 0 0 0 0 0 0 0 0 0 0 0 255 127 0 0 0 0 0 0 0 0 0 0 0 0 0 0 0 0 0 0 0 0 0 0 0 0 0 0 0 0 0 0 0 0 0 0 0 0 0 0 0 0 0 0 0 0 0 0 0 0 0 0 0 0 0 0 0 0 0 0 0 0 0 0 0 0 0 0 data 32 0x20004 0x0 0x0 0x1f1762309e0 0x759 0x0 0x0 0x60004 0x0 0x0 0x1f1762309e0 0x759 0x0 0x0 0x90005 0x759 0x0 0x0 0x0 0x0 0x0 0x0 0x0 0x0 0x0 0x0 0x0 0x9 0x3 0x0 0x0 0x0 oops 2 3 org/antlr/v4/runtime/atn/ATNConfig 10 org/antlr/v4/runtime/atn/ATNConfig methods 0
ciMethodData org/antlr/v4/runtime/atn/ATNConfigSet$ConfigEqualityComparator equals (Lorg/antlr/v4/runtime/atn/ATNConfig;Lorg/antlr/v4/runtime/atn/ATNConfig;)Z 2 2137 orig 80 0 0 0 0 0 0 0 0 0 0 0 0 241 1 0 0 0 0 0 0 0 0 0 0 0 0 0 0 0 0 0 0 0 0 0 0 0 0 0 0 0 0 0 0 0 0 0 0 0 0 0 0 0 0 0 0 0 0 0 0 0 0 0 0 0 0 0 0 0 0 0 0 0 0 0 0 0 0 0 0 data 45 0x20007 0x75a 0x20 0x0 0x80007 0x0 0x40 0x75a 0xc0007 0x75a 0x20 0x0 0x1f0007 0x265 0xb0 0x4f5 0x2a0007 0x0 0x90 0x4f5 0x350005 0x0 0x0 0x1f175d50a60 0x4f5 0x0 0x0 0x380007 0x0 0x38 0x4f5 0x3c0003 0x4f5 0x18 0x0 0x0 0x0 0x0 0x0 0x0 0x9 0x3 0x0 0x0 0x0 oops 1 23 org/antlr/v4/runtime/atn/SemanticContext$Predicate methods 0
ciMethodData org/antlr/v4/runtime/atn/PredictionContext mergeSingletons (Lorg/antlr/v4/runtime/atn/SingletonPredictionContext;Lorg/antlr/v4/runtime/atn/SingletonPredictionContext;ZLorg/antlr/v4/runtime/misc/DoubleKeyMap;)Lorg/antlr/v4/runtime/atn/PredictionContext; 2 1580 orig 80 0 0 0 0 0 0 0 0 0 0 0 0 241 1 0 0 0 0 0 0 0 0 0 0 0 0 0 0 0 0 0 0 0 0 0 0 0 0 0 0 0 0 0 0 0 0 0 0 0 0 0 0 0 0 0 0 0 0 0 0 0 0 0 0 0 0 0 0 0 0 0 0 0 0 0 0 0 0 0 0 data 211 0x10007 0x0 0x140 0x53e 0x70005 0x0 0x0 0x1f176234b90 0x53e 0x0 0x0 0xa0104 0x0 0x0 0x1f176231290 0x456 0x1f1762313f0 0x7 0x110007 0xe1 0x20 0x45d 0x1a0005 0x0 0x0 0x1f176234b90 0xe1 0x0 0x0 0x1d0104 0x0 0x0 0x0 0x0 0x0 0x0 0x240007 0xe1 0x20 0x0 0x2d0002 0xe1 0x340007 0xe1 0x78 0x0 0x380007 0x0 0x58 0x0 0x400005 0x0 0x0 0x0 0x0 0x0 0x0 0x4f0007 0x5 0xd8 0xdc 0x5c0002 0xdc 0x670007 0xdc 0x20 0x0 0x720007 0xdc 0x20 0x0 0x7d0002 0xdc 0x830007 0x0 0x58 0xdc 0x8b0005 0x0 0x0 0x1f176234b90 0xdc 0x0 0x0 0x970007 0x0 0x98 0x5 0x9e0007 0x0 0x78 0x5 0xa90005 0x0 0x0 0x1f176231290 0x5 0x0 0x0 0xac0007 0x3 0x20 0x2 0xb70007 0x3 0x118 0x2 0xd50007 0x2 0x20 0x0 0xf00004 0x0 0x0 0x1f176231290 0x2 0x0 0x0 0xf50004 0x0 0x0 0x1f176231290 0x2 0x0 0x0 0x1000002 0x2 0x1060007 0x0 0x58 0x2 0x10e0005 0x0 0x0 0x1f176234b90 0x2 0x0 0x0 0x1320004 0x0 0x0 0x1f176231290 0x3 0x0 0x0 0x1390004 0x0 0x0 0x1f176231290 0x3 0x0 0x0 0x1440007 0x3 0x90 0x0 0x1610004 0x0 0x0 0x0 0x0 0x0 0x0 0x1680004 0x0 0x0 0x0 0x0 0x0 0x0 0x1730002 0x3 0x1790007 0x0 0x58 0x3 0x1810005 0x0 0x0 0x1f176234b90 0x3 0x0 0x0 0x0 0x0 0x0 0x0 0x0 0x0 0x0 0x0 0x0 0x0 0x0 0x0 0x0 0x0 0x0 0x0 0x0 0x0 0x0 0x0 0x0 0x0 0x9 0x4 0x0 0x0 0x0 0x0 oops 12 7 org/antlr/v4/runtime/misc/DoubleKeyMap 14 org/antlr/v4/runtime/atn/SingletonPredictionContext 16 org/antlr/v4/runtime/atn/ArrayPredictionContext 25 org/antlr/v4/runtime/misc/DoubleKeyMap 80 org/antlr/v4/runtime/misc/DoubleKeyMap 95 org/antlr/v4/runtime/atn/SingletonPredictionContext 114 org/antlr/v4/runtime/atn/SingletonPredictionContext 121 org/antlr/v4/runtime/atn/SingletonPredictionContext 134 org/antlr/v4/runtime/misc/DoubleKeyMap 141 org/antlr/v4/runtime/atn/SingletonPredictionContext 148 org/antlr/v4/runtime/atn/SingletonPredictionContext 179 org/antlr/v4/runtime/misc/DoubleKeyMap methods 0
ciMethodData org/antlr/v4/runtime/atn/ArrayPredictionContext <init> (Lorg/antlr/v4/runtime/atn/SingletonPredictionContext;)V 1 144 orig 80 0 0 0 0 0 0 0 0 0 0 0 0 241 1 0 0 0 0 0 0 0 0 0 0 0 0 0 0 0 0 0 0 0 0 0 0 0 0 0 0 0 0 0 0 0 0 0 0 0 0 0 0 0 0 0 0 0 0 0 0 0 0 0 0 0 0 0 0 0 0 0 0 0 0 0 0 0 0 0 0 data 19 0xb0004 0x0 0x0 0x1f176231290 0x83 0x0 0x0 0x160002 0x83 0x0 0x0 0x0 0x0 0x0 0x0 0x9 0x2 0x0 0x0 oops 1 3 org/antlr/v4/runtime/atn/SingletonPredictionContext methods 0
ciMethodData org/antlr/v4/runtime/atn/ArrayPredictionContext <init> ([Lorg/antlr/v4/runtime/atn/PredictionContext;[I)V 1 236 orig 80 0 0 0 0 0 0 0 0 0 0 0 0 241 1 0 0 0 0 0 0 0 0 0 0 0 0 0 0 0 0 0 0 0 0 0 0 0 0 0 0 0 0 0 0 0 0 0 0 0 0 0 0 0 0 0 0 0 0 0 0 0 0 0 0 0 0 0 0 0 0 0 0 0 0 0 0 0 0 0 0 data 43 0x30002 0xd2 0x60002 0xd2 0xc0007 0xd2 0x70 0x0 0x100007 0x0 0x40 0x0 0x150007 0x0 0x30 0x0 0x1c0002 0x0 0x230007 0xd2 0x70 0x0 0x270007 0x0 0x40 0x0 0x2c0007 0x0 0x30 0x0 0x330002 0x0 0x0 0x0 0x0 0x0 0x0 0x0 0x9 0x3 0xe 0x0 0x0 oops 0 methods 0
ciMethodData org/antlr/v4/runtime/atn/PredictionContext mergeArrays (Lorg/antlr/v4/runtime/atn/ArrayPredictionContext;Lorg/antlr/v4/runtime/atn/ArrayPredictionContext;ZLorg/antlr/v4/runtime/misc/DoubleKeyMap;)Lorg/antlr/v4/runtime/atn/PredictionContext; 1 254 orig 80 0 0 0 0 0 0 0 0 0 0 0 0 241 1 0 0 0 0 0 0 0 0 0 0 0 0 0 0 0 0 0 0 0 0 0 0 0 0 0 0 0 0 0 0 0 0 0 0 0 0 0 0 0 0 0 0 0 0 0 0 0 0 0 0 0 0 0 0 0 0 0 0 0 0 0 0 0 0 0 0 data 300 0x10007 0x0 0x140 0x83 0x70005 0x0 0x0 0x1f176234b90 0x83 0x0 0x0 0xa0104 0x0 0x0 0x1f1762313f0 0x39 0x0 0x0 0x110007 0x4a 0x20 0x39 0x1a0005 0x0 0x0 0x1f176234b90 0x4a 0x0 0x0 0x1d0104 0x0 0x0 0x0 0x0 0x0 0x0 0x240007 0x4a 0x20 0x0 0x590007 0x24 0x338 0xcb 0x630007 0x26 0x318 0xa5 0x860007 0x67 0x238 0x3e 0x960007 0x3e 0x78 0x0 0x9b0007 0x0 0x58 0x0 0xa00007 0x0 0x38 0x0 0xa40003 0x0 0x18 0xac0007 0x0 0xb0 0x3e 0xb10007 0x0 0x90 0x3e 0xb80005 0x0 0x0 0x1f1762313f0 0x18 0x1f176231290 0x26 0xbb0007 0x3e 0x38 0x0 0xbf0003 0x0 0x18 0xc70007 0x0 0x40 0x3e 0xcc0007 0x3e 0x70 0x0 0xd50004 0x0 0x0 0x0 0x0 0x0 0x0 0xdd0003 0x0 0x60 0xe60002 0x3e 0xf10004 0x0 0x0 0x1f1762313f0 0x1a 0x1f176231290 0x24 0xff0003 0x3e 0xc0 0x1100007 0x1 0x70 0x66 0x1190004 0x0 0x0 0x1f1762313f0 0xd 0x1f176231290 0x59 0x1290003 0x66 0x50 0x1320004 0x0 0x0 0x1f176231290 0x1 0x0 0x0 0x1450003 0xa5 0xfffffffffffffce0 0x14f0007 0x24 0xa8 0x26 0x15d0007 0x26 0x70 0x32 0x16b0004 0x0 0x0 0x1f1762313f0 0xc 0x1f176231290 0x26 0x17e0003 0x32 0xffffffffffffffa8 0x1810003 0x26 0x88 0x18f0007 0x24 0x70 0xb 0x19d0004 0x0 0x0 0x1f176231290 0xb 0x0 0x0 0x1b00003 0xb 0xffffffffffffffa8 0x1b80007 0xc 0x100 0x3e 0x1be0007 0x3e 0x88 0x0 0x1c90002 0x0 0x1cf0007 0x0 0x58 0x0 0x1d70005 0x0 0x0 0x0 0x0 0x0 0x0 0x1e20002 0x3e 0x1e50004 0x0 0x0 0x1f1797c8f10 0x3e 0x0 0x0 0x1ee0002 0x3e 0x1fb0002 0x4a 0x2030005 0x0 0x0 0x1f1762313f0 0x4a 0x0 0x0 0x2060007 0x4a 0x78 0x0 0x20a0007 0x0 0x58 0x0 0x2110005 0x0 0x0 0x0 0x0 0x0 0x0 0x21a0005 0x0 0x0 0x1f1762313f0 0x4a 0x0 0x0 0x21d0007 0x4a 0x78 0x0 0x2210007 0x0 0x58 0x0 0x2280005 0x0 0x0 0x0 0x0 0x0 0x0 0x2300002 0x4a 0x2340007 0x0 0x58 0x4a 0x23c0005 0x0 0x0 0x1f176234b90 0x4a 0x0 0x0 0x0 0x0 0x0 0x0 0x0 0x0 0x0 0x0 0x0 0x0 0x0 0x0 0x0 0x0 0x0 0x0 0x0 0x0 0x0 0x0 0x0 0x0 0x0 0x0 0x0 0x9 0x4 0x0 0x0 0x0 0x0 oops 17 7 org/antlr/v4/runtime/misc/DoubleKeyMap 14 org/antlr/v4/runtime/atn/ArrayPredictionContext 25 org/antlr/v4/runtime/misc/DoubleKeyMap 78 org/antlr/v4/runtime/atn/ArrayPredictionContext 80 org/antlr/v4/runtime/atn/SingletonPredictionContext 112 org/antlr/v4/runtime/atn/ArrayPredictionContext 114 org/antlr/v4/runtime/atn/SingletonPredictionContext 126 org/antlr/v4/runtime/atn/ArrayPredictionContext 128 org/antlr/v4/runtime/atn/SingletonPredictionContext 136 org/antlr/v4/runtime/atn/SingletonPredictionContext 154 org/antlr/v4/runtime/atn/ArrayPredictionContext 156 org/antlr/v4/runtime/atn/SingletonPredictionContext 171 org/antlr/v4/runtime/atn/SingletonPredictionContext 204 [Lorg/antlr/v4/runtime/atn/PredictionContext; 215 org/antlr/v4/runtime/atn/ArrayPredictionContext 237 org/antlr/v4/runtime/atn/ArrayPredictionContext 265 org/antlr/v4/runtime/misc/DoubleKeyMap methods 0
ciMethodData org/antlr/v4/runtime/atn/SemanticContext$Predicate equals (Ljava/lang/Object;)Z 2 1424 orig 80 0 0 0 0 0 0 0 0 0 0 0 0 255 127 0 0 0 0 0 0 0 0 0 0 0 0 0 0 0 0 0 0 0 0 0 0 0 0 0 0 0 0 0 0 0 0 0 0 0 0 0 0 0 0 0 0 0 0 0 0 0 0 0 0 0 0 0 0 0 0 0 0 0 0 0 0 0 0 0 0 data 47 0x10004 0x0 0x0 0x1f175d50a60 0x490 0x0 0x0 0x40007 0x490 0x20 0x0 0xb0007 0x0 0x20 0x490 0x110004 0x0 0x0 0x0 0x0 0x0 0x0 0x1d0007 0x0 0x78 0x0 0x280007 0x0 0x58 0x0 0x330007 0x0 0x38 0x0 0x370003 0x0 0x18 0x0 0x0 0x0 0x0 0x0 0x0 0x9 0x2 0x0 0x0 oops 1 3 org/antlr/v4/runtime/atn/SemanticContext$Predicate methods 0
ciMethodData org/antlr/v4/runtime/atn/ArrayPredictionContext equals (Ljava/lang/Object;)Z 1 396 orig 80 0 0 0 0 0 0 0 0 0 0 0 0 255 127 0 0 0 0 0 0 0 0 0 0 0 0 0 0 0 0 0 0 0 0 0 0 0 0 0 0 0 0 0 0 0 0 0 0 0 0 0 0 0 0 0 0 0 0 0 0 0 0 0 0 0 0 0 0 0 0 0 0 0 0 0 0 0 0 0 0 data 65 0x20007 0x87 0x20 0x0 0x80004 0xffffffffffffffc5 0x0 0x1f176231290 0x15 0x1f1762313f0 0x4c 0xb0007 0x4c 0x20 0x3b 0x110005 0x4c 0x0 0x0 0x0 0x0 0x0 0x150005 0x0 0x0 0x1f1762313f0 0x4c 0x0 0x0 0x180007 0x16 0x20 0x36 0x1e0004 0x0 0x0 0x1f1762313f0 0x16 0x0 0x0 0x2a0002 0x16 0x2d0007 0x0 0x68 0x16 0x380002 0x16 0x3b0007 0x0 0x38 0x16 0x3f0003 0x16 0x18 0x0 0x0 0x0 0x0 0x0 0x0 0x9 0x2 0x0 0x0 oops 4 7 org/antlr/v4/runtime/atn/SingletonPredictionContext 9 org/antlr/v4/runtime/atn/ArrayPredictionContext 25 org/antlr/v4/runtime/atn/ArrayPredictionContext 36 org/antlr/v4/runtime/atn/ArrayPredictionContext methods 0
ciMethodData org/antlr/v4/runtime/atn/ATNConfig hashCode ()I 1 766 orig 80 0 0 0 0 0 0 0 0 0 0 0 0 255 127 0 0 0 0 0 0 0 0 0 0 0 0 0 0 0 0 0 0 0 0 0 0 0 0 0 0 0 0 0 0 0 0 0 0 0 0 0 0 0 0 0 0 0 0 0 0 0 0 0 0 0 0 0 0 0 0 0 0 0 0 0 0 0 0 0 0 data 21 0x20002 0x174 0xe0002 0x174 0x170002 0x174 0x200002 0x174 0x290002 0x174 0x2f0002 0x174 0x0 0x0 0x0 0x0 0x0 0x0 0x9 0x1 0x0 oops 0 methods 0
ciMethodData org/antlr/v4/runtime/atn/SingletonPredictionContext getParent (I)Lorg/antlr/v4/runtime/atn/PredictionContext; 1 258 orig 80 0 0 0 0 0 0 0 0 0 0 0 0 255 127 0 0 0 0 0 0 0 0 0 0 0 0 0 0 0 0 0 0 0 0 0 0 0 0 0 0 0 0 0 0 0 0 0 0 0 0 0 0 0 0 0 0 0 0 0 0 0 0 0 0 0 0 0 0 0 0 0 0 0 0 0 0 0 0 0 0 data 18 0x30007 0x2 0x50 0x0 0x70007 0x0 0x30 0x0 0xe0002 0x0 0x0 0x0 0x0 0x0 0x9 0x2 0x0 0x0 oops 0 methods 0
ciMethodData java/util/Arrays equals ([I[I)Z 1 60 orig 80 0 0 0 0 0 0 0 0 0 0 0 0 241 1 0 0 0 0 0 0 0 0 0 0 0 0 0 0 0 0 0 0 0 0 0 0 0 0 0 0 0 0 0 0 0 0 0 0 0 0 0 0 0 0 0 0 0 0 0 0 0 0 0 0 0 0 0 0 0 0 0 0 0 0 0 0 0 0 0 0 data 35 0x20007 0x10 0x20 0x0 0x80007 0x0 0x40 0x10 0xc0007 0x10 0x20 0x0 0x170007 0x10 0x20 0x0 0x1f0002 0x10 0x220007 0x0 0x38 0x10 0x260003 0x10 0x18 0x0 0x0 0x0 0x0 0x0 0x0 0x9 0x2 0xffffffffffffffff 0xffffffffffffffff oops 0 methods 0
compile org/antlr/v4/runtime/atn/ParserATNSimulator closureCheckingStopState (Lorg/antlr/v4/runtime/atn/ATNConfig;Lorg/antlr/v4/runtime/atn/ATNConfigSet;Ljava/util/Set;ZZIZ)V -1 4 inline 199 0 -1 org/antlr/v4/runtime/atn/ParserATNSimulator closureCheckingStopState (Lorg/antlr/v4/runtime/atn/ATNConfig;Lorg/antlr/v4/runtime/atn/ATNConfigSet;Ljava/util/Set;ZZIZ)V 1 29 org/antlr/v4/runtime/atn/SingletonPredictionContext size ()I 1 29 org/antlr/v4/runtime/atn/ArrayPredictionContext size ()I 1 115 java/util/ArrayList get (I)Ljava/lang/Object; 2 5 java/util/Objects checkIndex (II)I 2 11 java/util/ArrayList elementData (I)Ljava/lang/Object; 1 131 org/antlr/v4/runtime/atn/SingletonPredictionContext getParent (I)Lorg/antlr/v4/runtime/atn/PredictionContext; 1 152 org/antlr/v4/runtime/atn/ATNConfig <init> (Lorg/antlr/v4/runtime/atn/ATNState;ILorg/antlr/v4/runtime/atn/PredictionContext;Lorg/antlr/v4/runtime/atn/SemanticContext;)V 2 1 java/lang/Object <init> ()V 1 202 org/antlr/v4/runtime/atn/ParserATNSimulator closureCheckingStopState (Lorg/antlr/v4/runtime/atn/ATNConfig;Lorg/antlr/v4/runtime/atn/ATNConfigSet;Ljava/util/Set;ZZIZ)V 2 29 org/antlr/v4/runtime/atn/SingletonPredictionContext size ()I 2 29 org/antlr/v4/runtime/atn/ArrayPredictionContext size ()I 2 115 java/util/ArrayList get (I)Ljava/lang/Object; 3 5 java/util/Objects checkIndex (II)I 3 11 java/util/ArrayList elementData (I)Ljava/lang/Object; 2 131 org/antlr/v4/runtime/atn/SingletonPredictionContext getParent (I)Lorg/antlr/v4/runtime/atn/PredictionContext; 2 152 org/antlr/v4/runtime/atn/ATNConfig <init> (Lorg/antlr/v4/runtime/atn/ATNState;ILorg/antlr/v4/runtime/atn/PredictionContext;Lorg/antlr/v4/runtime/atn/SemanticContext;)V 3 1 java/lang/Object <init> ()V 2 240 org/antlr/v4/runtime/atn/ParserATNSimulator closure_ (Lorg/antlr/v4/runtime/atn/ATNConfig;Lorg/antlr/v4/runtime/atn/ATNConfigSet;Ljava/util/Set;ZZIZ)V 3 8 org/antlr/v4/runtime/atn/ATNState onlyHasEpsilonTransitions ()Z 3 20 org/antlr/v4/runtime/atn/ATNConfigSet add (Lorg/antlr/v4/runtime/atn/ATNConfig;Lorg/antlr/v4/runtime/misc/DoubleKeyMap;)Z 4 33 org/antlr/v4/runtime/atn/ATNConfig getOuterContextDepth ()I 4 49 org/antlr/v4/runtime/misc/Array2DHashSet getOrAdd (Ljava/lang/Object;)Ljava/lang/Object; 5 17 org/antlr/v4/runtime/misc/Array2DHashSet getOrAddImpl (Ljava/lang/Object;)Ljava/lang/Object; 6 2 org/antlr/v4/runtime/misc/Array2DHashSet getBucket (Ljava/lang/Object;)I 7 5 org/antlr/v4/runtime/atn/ATNConfigSet$ConfigEqualityComparator hashCode (Ljava/lang/Object;)I 8 5 org/antlr/v4/runtime/atn/ATNConfigSet$ConfigEqualityComparator hashCode (Lorg/antlr/v4/runtime/atn/ATNConfig;)I 9 34 org/antlr/v4/runtime/atn/SemanticContext$Predicate hashCode ()I 10 0 org/antlr/v4/runtime/misc/MurmurHash initialize ()I 10 9 org/antlr/v4/runtime/misc/MurmurHash update (II)I 10 18 org/antlr/v4/runtime/misc/MurmurHash update (II)I 10 35 org/antlr/v4/runtime/misc/MurmurHash update (II)I 10 41 org/antlr/v4/runtime/misc/MurmurHash finish (II)I 7 5 org/antlr/v4/runtime/misc/ObjectEqualityComparator hashCode (Ljava/lang/Object;)I 6 22 org/antlr/v4/runtime/atn/ATNConfigSet$AbstractConfigHashSet createBucket (I)[Ljava/lang/Object; 7 2 org/antlr/v4/runtime/atn/ATNConfigSet$AbstractConfigHashSet createBucket (I)[Lorg/antlr/v4/runtime/atn/ATNConfig; 6 94 org/antlr/v4/runtime/atn/ATNConfigSet$ConfigEqualityComparator equals (Ljava/lang/Object;Ljava/lang/Object;)Z 7 9 org/antlr/v4/runtime/atn/ATNConfigSet$ConfigEqualityComparator equals (Lorg/antlr/v4/runtime/atn/ATNConfig;Lorg/antlr/v4/runtime/atn/ATNConfig;)Z 8 53 org/antlr/v4/runtime/atn/SemanticContext$Predicate equals (Ljava/lang/Object;)Z 6 94 org/antlr/v4/runtime/misc/ObjectEqualityComparator equals (Ljava/lang/Object;Ljava/lang/Object;)Z 6 118 java/util/Arrays copyOf ([Ljava/lang/Object;I)[Ljava/lang/Object; 4 71 java/util/ArrayList add (Ljava/lang/Object;)Z 5 20 java/util/ArrayList add (Ljava/lang/Object;[Ljava/lang/Object;I)V 6 7 java/util/ArrayList grow ()[Ljava/lang/Object; 7 7 java/util/ArrayList grow (I)[Ljava/lang/Object; 8 7 java/util/ArrayList newCapacity (I)I 8 10 java/util/Arrays copyOf ([Ljava/lang/Object;I)[Ljava/lang/Object; 4 102 org/antlr/v4/runtime/atn/PredictionContext merge (Lorg/antlr/v4/runtime/atn/PredictionContext;Lorg/antlr/v4/runtime/atn/PredictionContext;ZLorg/antlr/v4/runtime/misc/DoubleKeyMap;)Lorg/antlr/v4/runtime/atn/PredictionContext; 5 29 org/antlr/v4/runtime/atn/SingletonPredictionContext equals (Ljava/lang/Object;)Z 6 17 org/antlr/v4/runtime/atn/PredictionContext hashCode ()I 6 21 org/antlr/v4/runtime/atn/PredictionContext hashCode ()I 6 60 org/antlr/v4/runtime/atn/SingletonPredictionContext equals (Ljava/lang/Object;)Z 7 17 org/antlr/v4/runtime/atn/PredictionContext hashCode ()I 7 21 org/antlr/v4/runtime/atn/PredictionContext hashCode ()I 5 29 org/antlr/v4/runtime/atn/ArrayPredictionContext equals (Ljava/lang/Object;)Z 6 17 org/antlr/v4/runtime/atn/PredictionContext hashCode ()I 6 21 org/antlr/v4/runtime/atn/PredictionContext hashCode ()I 5 121 org/antlr/v4/runtime/atn/ArrayPredictionContext <init> (Lorg/antlr/v4/runtime/atn/SingletonPredictionContext;)V 6 22 org/antlr/v4/runtime/atn/ArrayPredictionContext <init> ([Lorg/antlr/v4/runtime/atn/PredictionContext;[I)V 7 3 org/antlr/v4/runtime/atn/PredictionContext calculateHashCode ([Lorg/antlr/v4/runtime/atn/PredictionContext;[I)I 8 1 org/antlr/v4/runtime/misc/MurmurHash initialize (I)I 8 30 org/antlr/v4/runtime/misc/MurmurHash update (ILjava/lang/Object;)I 9 6 org/antlr/v4/runtime/atn/PredictionContext hashCode ()I 9 13 org/antlr/v4/runtime/misc/MurmurHash update (II)I 7 6 org/antlr/v4/runtime/atn/PredictionContext <init> (I)V 8 1 java/lang/Object <init> ()V 4 123 org/antlr/v4/runtime/atn/ATNConfig isPrecedenceFilterSuppressed ()Z 3 31 org/antlr/v4/runtime/atn/ATNState getNumberOfTransitions ()I 4 4 java/util/ArrayList size ()I 3 57 org/antlr/v4/runtime/atn/ATNState transition (I)Lorg/antlr/v4/runtime/atn/Transition; 4 5 java/util/ArrayList get (I)Ljava/lang/Object; 5 5 java/util/Objects checkIndex (II)I 5 11 java/util/ArrayList elementData (I)Ljava/lang/Object; 3 102 org/antlr/v4/runtime/atn/ParserATNSimulator getEpsilonTarget (Lorg/antlr/v4/runtime/atn/ATNConfig;Lorg/antlr/v4/runtime/atn/Transition;ZZZZ)Lorg/antlr/v4/runtime/atn/ATNConfig; 4 66 org/antlr/v4/runtime/atn/ParserATNSimulator ruleTransition (Lorg/antlr/v4/runtime/atn/ATNConfig;Lorg/antlr/v4/runtime/atn/RuleTransition;)Lorg/antlr/v4/runtime/atn/ATNConfig; 5 13 org/antlr/v4/runtime/atn/SingletonPredictionContext create (Lorg/antlr/v4/runtime/atn/PredictionContext;I)Lorg/antlr/v4/runtime/atn/SingletonPredictionContext; 6 20 org/antlr/v4/runtime/atn/SingletonPredictionContext <init> (Lorg/antlr/v4/runtime/atn/PredictionContext;I)V 7 7 org/antlr/v4/runtime/atn/PredictionContext calculateHashCode (Lorg/antlr/v4/runtime/atn/PredictionContext;I)I 8 1 org/antlr/v4/runtime/misc/MurmurHash initialize (I)I 8 7 org/antlr/v4/runtime/misc/MurmurHash update (ILjava/lang/Object;)I 9 6 org/antlr/v4/runtime/atn/PredictionContext hashCode ()I 9 13 org/antlr/v4/runtime/misc/MurmurHash update (II)I 8 13 org/antlr/v4/runtime/misc/MurmurHash update (II)I 8 19 org/antlr/v4/runtime/misc/MurmurHash finish (II)I 7 16 org/antlr/v4/runtime/atn/PredictionContext <init> (I)V 8 1 java/lang/Object <init> ()V 5 29 org/antlr/v4/runtime/atn/ATNConfig <init> (Lorg/antlr/v4/runtime/atn/ATNConfig;Lorg/antlr/v4/runtime/atn/ATNState;Lorg/antlr/v4/runtime/atn/PredictionContext;)V 6 8 org/antlr/v4/runtime/atn/ATNConfig <init> (Lorg/antlr/v4/runtime/atn/ATNConfig;Lorg/antlr/v4/runtime/atn/ATNState;Lorg/antlr/v4/runtime/atn/PredictionContext;Lorg/antlr/v4/runtime/atn/SemanticContext;)V 7 1 java/lang/Object <init> ()V 4 119 org/antlr/v4/runtime/atn/ATNConfig <init> (Lorg/antlr/v4/runtime/atn/ATNConfig;Lorg/antlr/v4/runtime/atn/ATNState;)V 5 11 org/antlr/v4/runtime/atn/ATNConfig <init> (Lorg/antlr/v4/runtime/atn/ATNConfig;Lorg/antlr/v4/runtime/atn/ATNState;Lorg/antlr/v4/runtime/atn/PredictionContext;Lorg/antlr/v4/runtime/atn/SemanticContext;)V 6 1 java/lang/Object <init> ()V 3 156 org/antlr/v4/runtime/dfa/DFA isPrecedenceDfa ()Z 3 167 org/antlr/v4/runtime/atn/EpsilonTransition outermostPrecedenceReturn ()I 3 207 java/util/HashSet add (Ljava/lang/Object;)Z 1 240 org/antlr/v4/runtime/atn/ParserATNSimulator closure_ (Lorg/antlr/v4/runtime/atn/ATNConfig;Lorg/antlr/v4/runtime/atn/ATNConfigSet;Ljava/util/Set;ZZIZ)V 2 8 org/antlr/v4/runtime/atn/ATNState onlyHasEpsilonTransitions ()Z 2 20 org/antlr/v4/runtime/atn/ATNConfigSet add (Lorg/antlr/v4/runtime/atn/ATNConfig;Lorg/antlr/v4/runtime/misc/DoubleKeyMap;)Z 3 33 org/antlr/v4/runtime/atn/ATNConfig getOuterContextDepth ()I 3 49 org/antlr/v4/runtime/misc/Array2DHashSet getOrAdd (Ljava/lang/Object;)Ljava/lang/Object; 4 17 org/antlr/v4/runtime/misc/Array2DHashSet getOrAddImpl (Ljava/lang/Object;)Ljava/lang/Object; 5 2 org/antlr/v4/runtime/misc/Array2DHashSet getBucket (Ljava/lang/Object;)I 6 5 org/antlr/v4/runtime/atn/ATNConfigSet$ConfigEqualityComparator hashCode (Ljava/lang/Object;)I 7 5 org/antlr/v4/runtime/atn/ATNConfigSet$ConfigEqualityComparator hashCode (Lorg/antlr/v4/runtime/atn/ATNConfig;)I 8 34 org/antlr/v4/runtime/atn/SemanticContext$Predicate hashCode ()I 9 0 org/antlr/v4/runtime/misc/MurmurHash initialize ()I 10 1 org/antlr/v4/runtime/misc/MurmurHash initialize (I)I 9 9 org/antlr/v4/runtime/misc/MurmurHash update (II)I 9 18 org/antlr/v4/runtime/misc/MurmurHash update (II)I 9 35 org/antlr/v4/runtime/misc/MurmurHash update (II)I 9 41 org/antlr/v4/runtime/misc/MurmurHash finish (II)I 6 5 org/antlr/v4/runtime/misc/ObjectEqualityComparator hashCode (Ljava/lang/Object;)I 5 22 org/antlr/v4/runtime/atn/ATNConfigSet$AbstractConfigHashSet createBucket (I)[Ljava/lang/Object; 6 2 org/antlr/v4/runtime/atn/ATNConfigSet$AbstractConfigHashSet createBucket (I)[Lorg/antlr/v4/runtime/atn/ATNConfig; 5 94 org/antlr/v4/runtime/atn/ATNConfigSet$ConfigEqualityComparator equals (Ljava/lang/Object;Ljava/lang/Object;)Z 6 9 org/antlr/v4/runtime/atn/ATNConfigSet$ConfigEqualityComparator equals (Lorg/antlr/v4/runtime/atn/ATNConfig;Lorg/antlr/v4/runtime/atn/ATNConfig;)Z 7 53 org/antlr/v4/runtime/atn/SemanticContext$Predicate equals (Ljava/lang/Object;)Z 5 94 org/antlr/v4/runtime/misc/ObjectEqualityComparator equals (Ljava/lang/Object;Ljava/lang/Object;)Z 5 118 java/util/Arrays copyOf ([Ljava/lang/Object;I)[Ljava/lang/Object; 3 71 java/util/ArrayList add (Ljava/lang/Object;)Z 4 20 java/util/ArrayList add (Ljava/lang/Object;[Ljava/lang/Object;I)V 5 7 java/util/ArrayList grow ()[Ljava/lang/Object; 6 7 java/util/ArrayList grow (I)[Ljava/lang/Object; 7 7 java/util/ArrayList newCapacity (I)I 7 10 java/util/Arrays copyOf ([Ljava/lang/Object;I)[Ljava/lang/Object; 3 102 org/antlr/v4/runtime/atn/PredictionContext merge (Lorg/antlr/v4/runtime/atn/PredictionContext;Lorg/antlr/v4/runtime/atn/PredictionContext;ZLorg/antlr/v4/runtime/misc/DoubleKeyMap;)Lorg/antlr/v4/runtime/atn/PredictionContext; 4 29 org/antlr/v4/runtime/atn/SingletonPredictionContext equals (Ljava/lang/Object;)Z 5 17 org/antlr/v4/runtime/atn/PredictionContext hashCode ()I 5 21 org/antlr/v4/runtime/atn/PredictionContext hashCode ()I 5 60 org/antlr/v4/runtime/atn/SingletonPredictionContext equals (Ljava/lang/Object;)Z 6 17 org/antlr/v4/runtime/atn/PredictionContext hashCode ()I 6 21 org/antlr/v4/runtime/atn/PredictionContext hashCode ()I 4 29 org/antlr/v4/runtime/atn/ArrayPredictionContext equals (Ljava/lang/Object;)Z 5 17 org/antlr/v4/runtime/atn/PredictionContext hashCode ()I 5 21 org/antlr/v4/runtime/atn/PredictionContext hashCode ()I 4 121 org/antlr/v4/runtime/atn/ArrayPredictionContext <init> (Lorg/antlr/v4/runtime/atn/SingletonPredictionContext;)V 5 22 org/antlr/v4/runtime/atn/ArrayPredictionContext <init> ([Lorg/antlr/v4/runtime/atn/PredictionContext;[I)V 6 3 org/antlr/v4/runtime/atn/PredictionContext calculateHashCode ([Lorg/antlr/v4/runtime/atn/PredictionContext;[I)I 7 1 org/antlr/v4/runtime/misc/MurmurHash initialize (I)I 7 30 org/antlr/v4/runtime/misc/MurmurHash update (ILjava/lang/Object;)I 8 6 org/antlr/v4/runtime/atn/PredictionContext hashCode ()I 8 13 org/antlr/v4/runtime/misc/MurmurHash update (II)I 6 6 org/antlr/v4/runtime/atn/PredictionContext <init> (I)V 7 1 java/lang/Object <init> ()V 3 123 org/antlr/v4/runtime/atn/ATNConfig isPrecedenceFilterSuppressed ()Z 2 31 org/antlr/v4/runtime/atn/ATNState getNumberOfTransitions ()I 3 4 java/util/ArrayList size ()I 2 57 org/antlr/v4/runtime/atn/ATNState transition (I)Lorg/antlr/v4/runtime/atn/Transition; 3 5 java/util/ArrayList get (I)Ljava/lang/Object; 4 5 java/util/Objects checkIndex (II)I 4 11 java/util/ArrayList elementData (I)Ljava/lang/Object; 2 102 org/antlr/v4/runtime/atn/ParserATNSimulator getEpsilonTarget (Lorg/antlr/v4/runtime/atn/ATNConfig;Lorg/antlr/v4/runtime/atn/Transition;ZZZZ)Lorg/antlr/v4/runtime/atn/ATNConfig; 3 66 org/antlr/v4/runtime/atn/ParserATNSimulator ruleTransition (Lorg/antlr/v4/runtime/atn/ATNConfig;Lorg/antlr/v4/runtime/atn/RuleTransition;)Lorg/antlr/v4/runtime/atn/ATNConfig; 4 13 org/antlr/v4/runtime/atn/SingletonPredictionContext create (Lorg/antlr/v4/runtime/atn/PredictionContext;I)Lorg/antlr/v4/runtime/atn/SingletonPredictionContext; 5 20 org/antlr/v4/runtime/atn/SingletonPredictionContext <init> (Lorg/antlr/v4/runtime/atn/PredictionContext;I)V 6 7 org/antlr/v4/runtime/atn/PredictionContext calculateHashCode (Lorg/antlr/v4/runtime/atn/PredictionContext;I)I 7 1 org/antlr/v4/runtime/misc/MurmurHash initialize (I)I 7 7 org/antlr/v4/runtime/misc/MurmurHash update (ILjava/lang/Object;)I 8 6 org/antlr/v4/runtime/atn/PredictionContext hashCode ()I 8 13 org/antlr/v4/runtime/misc/MurmurHash update (II)I 7 13 org/antlr/v4/runtime/misc/MurmurHash update (II)I 7 19 org/antlr/v4/runtime/misc/MurmurHash finish (II)I 6 16 org/antlr/v4/runtime/atn/PredictionContext <init> (I)V 7 1 java/lang/Object <init> ()V 4 29 org/antlr/v4/runtime/atn/ATNConfig <init> (Lorg/antlr/v4/runtime/atn/ATNConfig;Lorg/antlr/v4/runtime/atn/ATNState;Lorg/antlr/v4/runtime/atn/PredictionContext;)V 5 8 org/antlr/v4/runtime/atn/ATNConfig <init> (Lorg/antlr/v4/runtime/atn/ATNConfig;Lorg/antlr/v4/runtime/atn/ATNState;Lorg/antlr/v4/runtime/atn/PredictionContext;Lorg/antlr/v4/runtime/atn/SemanticContext;)V 6 1 java/lang/Object <init> ()V 3 119 org/antlr/v4/runtime/atn/ATNConfig <init> (Lorg/antlr/v4/runtime/atn/ATNConfig;Lorg/antlr/v4/runtime/atn/ATNState;)V 4 11 org/antlr/v4/runtime/atn/ATNConfig <init> (Lorg/antlr/v4/runtime/atn/ATNConfig;Lorg/antlr/v4/runtime/atn/ATNState;Lorg/antlr/v4/runtime/atn/PredictionContext;Lorg/antlr/v4/runtime/atn/SemanticContext;)V 5 1 java/lang/Object <init> ()V 2 156 org/antlr/v4/runtime/dfa/DFA isPrecedenceDfa ()Z 2 167 org/antlr/v4/runtime/atn/EpsilonTransition outermostPrecedenceReturn ()I 2 207 java/util/HashSet add (Ljava/lang/Object;)Z 2 301 org/antlr/v4/runtime/atn/ParserATNSimulator closureCheckingStopState (Lorg/antlr/v4/runtime/atn/ATNConfig;Lorg/antlr/v4/runtime/atn/ATNConfigSet;Ljava/util/Set;ZZIZ)V 3 29 org/antlr/v4/runtime/atn/SingletonPredictionContext size ()I 3 29 org/antlr/v4/runtime/atn/ArrayPredictionContext size ()I 3 115 java/util/ArrayList get (I)Ljava/lang/Object; 4 5 java/util/Objects checkIndex (II)I 4 11 java/util/ArrayList elementData (I)Ljava/lang/Object; 3 131 org/antlr/v4/runtime/atn/SingletonPredictionContext getParent (I)Lorg/antlr/v4/runtime/atn/PredictionContext; 3 152 org/antlr/v4/runtime/atn/ATNConfig <init> (Lorg/antlr/v4/runtime/atn/ATNState;ILorg/antlr/v4/runtime/atn/PredictionContext;Lorg/antlr/v4/runtime/atn/SemanticContext;)V 4 1 java/lang/Object <init> ()V 3 240 org/antlr/v4/runtime/atn/ParserATNSimulator closure_ (Lorg/antlr/v4/runtime/atn/ATNConfig;Lorg/antlr/v4/runtime/atn/ATNConfigSet;Ljava/util/Set;ZZIZ)V 4 8 org/antlr/v4/runtime/atn/ATNState onlyHasEpsilonTransitions ()Z 4 20 org/antlr/v4/runtime/atn/ATNConfigSet add (Lorg/antlr/v4/runtime/atn/ATNConfig;Lorg/antlr/v4/runtime/misc/DoubleKeyMap;)Z 5 33 org/antlr/v4/runtime/atn/ATNConfig getOuterContextDepth ()I 5 49 org/antlr/v4/runtime/misc/Array2DHashSet getOrAdd (Ljava/lang/Object;)Ljava/lang/Object; 6 17 org/antlr/v4/runtime/misc/Array2DHashSet getOrAddImpl (Ljava/lang/Object;)Ljava/lang/Object; 7 2 org/antlr/v4/runtime/misc/Array2DHashSet getBucket (Ljava/lang/Object;)I 8 5 org/antlr/v4/runtime/atn/ATNConfigSet$ConfigEqualityComparator hashCode (Ljava/lang/Object;)I 9 5 org/antlr/v4/runtime/atn/ATNConfigSet$ConfigEqualityComparator hashCode (Lorg/antlr/v4/runtime/atn/ATNConfig;)I 10 34 org/antlr/v4/runtime/atn/SemanticContext$Predicate hashCode ()I 8 5 org/antlr/v4/runtime/misc/ObjectEqualityComparator hashCode (Ljava/lang/Object;)I 7 22 org/antlr/v4/runtime/atn/ATNConfigSet$AbstractConfigHashSet createBucket (I)[Ljava/lang/Object; 8 2 org/antlr/v4/runtime/atn/ATNConfigSet$AbstractConfigHashSet createBucket (I)[Lorg/antlr/v4/runtime/atn/ATNConfig; 7 94 org/antlr/v4/runtime/atn/ATNConfigSet$ConfigEqualityComparator equals (Ljava/lang/Object;Ljava/lang/Object;)Z 7 94 org/antlr/v4/runtime/misc/ObjectEqualityComparator equals (Ljava/lang/Object;Ljava/lang/Object;)Z 4 156 org/antlr/v4/runtime/dfa/DFA isPrecedenceDfa ()Z 4 167 org/antlr/v4/runtime/atn/EpsilonTransition outermostPrecedenceReturn ()I
